Applied 001_init.sql (001_init)
Applied 001_crm_tables.sql (001_crm_tables)
Applied 004_telemetry_table.sql (004_telemetry_table)
Applied 005_task_coordination.sql (005_task_coordination)
Applied 006_task_state_machine.sql (006_task_state_machine)
Applied 007_routines.sql (007_routines)
Applied 008_multi_tenancy.sql (008_multi_tenancy)
Applied 009_agent_notifications.sql (009_agent_notifications)
Applied 010_health_tables.sql (010_health_tables)
Applied 011_agent_engine.sql (011_agent_engine)
Applied 012_webchat_trigger_type.sql (012_webchat_trigger_type)
Applied 013_workflow_engine.sql (013_workflow_engine)
Applied 014_engine_enhancements.sql (014_engine_enhancements)
Applied 015_chat_history.sql (015_chat_history)
Applied 015b_supervisor_to_main.sql (015b_supervisor_to_main)
Applied 016_sub_agents.sql (016_sub_agents)
Applied 017_timezone_new_york.sql (017_timezone_new_york)
Applied 018_migration_tracking.sql (018_migration_tracking)
Applied 019_unified_session.sql (019_unified_session)
Applied 020_plan_mode.sql (020_plan_mode)
Applied 021_deep_reason.sql (021_deep_reason)
Applied 022_tool_events.sql (022_tool_events)
Applied 023_memory_v4_schema.sql (023_memory_v4_schema)
Applied 024_requires_human.sql (024_requires_human)
Applied 025_federation.sql (025_federation)
Applied 026_consolidation_tracking.sql (026_consolidation_tracking)
Applied 027_auto_task.sql (027_auto_task)
Applied 027_kairos_buddy.sql (027_kairos_buddy)
Applied 028_agent_teams.sql (028_agent_teams)
Applied 028_per_agent_buddy.sql (028_per_agent_buddy)
Applied 029_cache_token_tracking.sql (029_cache_token_tracking)
Applied 029_managed_agents.sql (029_managed_agents)
Applied 030_buddy_effectiveness.sql (030_buddy_effectiveness)
Applied 030_checkpoint_schema_version.sql (030_checkpoint_schema_version)
Applied 031_add_escalation_type.sql (031_add_escalation_type)
Applied 031_agent_reviews.sql (031_agent_reviews)
Applied 032_run_status_skipped.sql (032_run_status_skipped)
Applied 032a_seed_legacy_primary_tenant.sql (032a_seed_legacy_primary_tenant)
Applied 033_memory_multi_tenancy.sql (033_memory_multi_tenancy)
Applied 034_buddy_goals_scoring.sql (034_buddy_goals_scoring)
Applied 034_outcome_assessment.sql (034_outcome_assessment)
Applied 035_drop_legacy_buddy_columns.sql (035_drop_legacy_buddy_columns)
Applied 035_retention_indexes.sql (035_retention_indexes)
Applied 036_buddy_reviewer_type.sql (036_buddy_reviewer_type)
Applied 036_devops_metrics.sql (036_devops_metrics)
Applied 037_access_control.sql (037_access_control)
Applied 037_scheduling_policy.sql (037_scheduling_policy)
Applied 038_audit_user_id.sql (038_audit_user_id)
Applied 038_reap_category.sql (038_reap_category)
Applied 039_operator_identity.sql (039_operator_identity)
Applied 040_memory_episodes.sql (040_memory_episodes)
Applied 041_memory_procedures.sql (041_memory_procedures)
Applied 042_chat_embeddings.sql (042_chat_embeddings)
Applied 043_fact_outcomes.sql (043_fact_outcomes)
Applied 044_agent_breadcrumbs.sql (044_agent_breadcrumbs)
Applied 045_channel_bus.sql (045_channel_bus)
Applied 046_person_linkage.sql (046_person_linkage)
Applied 046b_orphan_cleanup.sql (046b_orphan_cleanup)
Applied 047_messaging_kernel.sql (047_messaging_kernel)
Applied 048_voice_calendar.sql (048_voice_calendar)
Applied 049_timeline_activity.sql (049_timeline_activity)
Applied 050_task_planner_fields.sql (050_task_planner_fields)
Applied 051_task_followup.sql (051_task_followup)
Applied 052_multi_tenant_telegram_users.sql (052_multi_tenant_telegram_users)
Applied 062_step_type_warmup_phase.sql (062_step_type_warmup_phase)
Applied 063_benchmark_results.sql (063_benchmark_results)
Applied 065_session_goal_meta.sql (065_session_goal_meta)
Applied 066_session_goal_meta_v2.sql (066_session_goal_meta_v2)
Applied 067_task_history_kind_schema.sql (067_task_history_kind_schema)
Applied 068_curator_state.sql (068_curator_state)
Applied 069_memory_facts_drift.sql (069_memory_facts_drift)
Applied 070_user_cronjobs.sql (070_user_cronjobs)
Applied 071_memory_vault.sql (071_memory_vault)
Applied 071_user_accounts.sql (071_user_accounts)
Applied 072_memory_intents.sql (072_memory_intents)
Applied 073_memory_facts_active_hnsw.sql (073_memory_facts_active_hnsw)
Applied 074_memory_active_hnsw_partials.sql (074_memory_active_hnsw_partials)
Applied 075_operator_signals.sql (075_operator_signals)
Applied 076_judge_reviewer_type.sql (076_judge_reviewer_type)
Applied 077_message_reactions_unique.sql (077_message_reactions_unique)
Applied 078_memory_facts_content_hash_unique.sql (078_memory_facts_content_hash_unique)
Applied 079_guardrail_event_modes.sql (079_guardrail_event_modes)
Applied 080_judge_reviewer_type.sql (080_judge_reviewer_type)
Applied 081_tenant_rls_backstop.sql (081_tenant_rls_backstop)
Applied 082_tenant_rls_app_role.sql (082_tenant_rls_app_role)
Applied 083_rls_global_role_defaults.sql (083_rls_global_role_defaults)
Applied 084_feature_flags.sql (084_feature_flags)
Applied 085_sso_binding_grants.sql (085_sso_binding_grants)
Applied 086_user_permissions.sql (086_user_permissions)
Applied 087_role_permission_guardrails.sql (087_role_permission_guardrails)
Applied 088_member_role_read_only.sql (088_member_role_read_only)
Applied 089_face_identities.sql (089_face_identities)
Applied 092_memory_access_rollup.sql (092_memory_access_rollup)
Applied 093_memory_write_jobs.sql (093_memory_write_jobs)
Applied 094_memory_decay_shadow.sql (094_memory_decay_shadow)
Applied 095_memory_bitemporal.sql (095_memory_bitemporal)
Applied 096_memory_block_budget.sql (096_memory_block_budget)
Applied 097_trigger_type_channel_event.sql (097_trigger_type_channel_event)
Applied 098_tenant_column_defaults.sql (098_tenant_column_defaults)
Applied 099_notification_types.sql (099_notification_types)
Applied 100_run_verification.sql (100_run_verification)
Applied 102_agent_reviews_nullable_rating.sql (102_agent_reviews_nullable_rating)
Applied 103_benchmark_pass_rate_truth.sql (103_benchmark_pass_rate_truth)
Applied 104_benchmark_sandbox_tenant.sql (104_benchmark_sandbox_tenant)
Applied 105_agent_messages.sql (105_agent_messages)
Applied 106_workflow_approvals.sql (106_workflow_approvals)
Applied 107_seed_service_role.sql (107_seed_service_role)
Applied 108_run_resume_attempts.sql (108_run_resume_attempts)
Applied 109_facts_entities_lower_gin.sql (109_facts_entities_lower_gin)
Applied 110_tool_event_error_message.sql (110_tool_event_error_message)
Applied 111_drop_shadowing_ann_index.sql (111_drop_shadowing_ann_index)
Applied 112_federation_principals.sql (112_federation_principals)
Applied 113_add_do_not_contact.sql (113_add_do_not_contact)
Applied 114_local_login.sql (114_local_login)
Applied 115_backfill_sandbox_denied_error_type.sql (115_backfill_sandbox_denied_error_type)
Applied 116_benchmark_digest_notification_type.sql (116_benchmark_digest_notification_type)
Applied 117_agent_questions.sql (117_agent_questions)
Applied 118_user_channel_identities.sql (118_user_channel_identities)
Applied 119_workflow_step_timeout.sql (119_workflow_step_timeout)
Applied 120_tenant_rls_cover_new_tables.sql (120_tenant_rls_cover_new_tables)
Applied 121_channel_conversation_refs.sql (121_channel_conversation_refs)
Applied 122_trigger_type_channel.sql (122_trigger_type_channel)
Applied 123_agent_run_task_text.sql (123_agent_run_task_text)
Applied 124_guardrail_context_overflow.sql (124_guardrail_context_overflow)
Applied 125_agent_run_step_batch.sql (125_agent_run_step_batch)
Applied 126_calendar_operations.sql (126_calendar_operations)
Applied 126_durable_operations.sql (126_durable_operations)
Applied 126_goal_pursuit.sql (126_goal_pursuit)
Applied 127_autonomous_execution.sql (127_autonomous_execution)
Applied 127_runtime_contract.sql (127_runtime_contract)
Applied 127_sales_intelligence.sql (127_sales_intelligence)
Applied 128_autonomy_resource_descriptors.sql (128_autonomy_resource_descriptors)
Applied 128_sales_business_observations.sql (128_sales_business_observations)
Applied 129_autonomy_workflows.sql (129_autonomy_workflows)
Applied 129_sales_binding_repair.sql (129_sales_binding_repair)
Applied 130_autonomy_request_context.sql (130_autonomy_request_context)
Applied 130_sales_deployments.sql (130_sales_deployments)
Applied 131_autonomy_enrollments.sql (131_autonomy_enrollments)
Applied 131_sales_calibration.sql (131_sales_calibration)
Applied 132_autonomy_enrollment_rls.sql (132_autonomy_enrollment_rls)
Applied 132_sales_research_delegation.sql (132_sales_research_delegation)
Applied 133_autonomy_terms_audit.sql (133_autonomy_terms_audit)
Applied 133_operation_fragments.sql (133_operation_fragments)
Applied 134_autonomy_material_documents.sql (134_autonomy_material_documents)
Applied 134_web_render_permission.sql (134_web_render_permission)
Applied 135_sales_requests.sql (135_sales_requests)
Applied 136_sales_pipedrive_scope.sql (136_sales_pipedrive_scope)
Applied 137_sales_analyst_permissions.sql (137_sales_analyst_permissions)
Applied 138_goal_provider_reservations.sql (138_goal_provider_reservations)
Applied 139_goal_task_family_controls.sql (139_goal_task_family_controls)
Applied 140_chat_approval_receipts.sql (140_chat_approval_receipts)
Applied 141_runtime_effects.sql (141_runtime_effects)
Applied 142_goal_effect_lookup.sql (142_goal_effect_lookup)
Nothing to apply.
Applied 001_init.sql (001_init)
Applied 001_crm_tables.sql (001_crm_tables)
Applied 004_telemetry_table.sql (004_telemetry_table)
Applied 005_task_coordination.sql (005_task_coordination)
Applied 006_task_state_machine.sql (006_task_state_machine)
Applied 007_routines.sql (007_routines)
Applied 008_multi_tenancy.sql (008_multi_tenancy)
Applied 009_agent_notifications.sql (009_agent_notifications)
Applied 010_health_tables.sql (010_health_tables)
Applied 011_agent_engine.sql (011_agent_engine)
Applied 012_webchat_trigger_type.sql (012_webchat_trigger_type)
Applied 013_workflow_engine.sql (013_workflow_engine)
Applied 014_engine_enhancements.sql (014_engine_enhancements)
Applied 015_chat_history.sql (015_chat_history)
Applied 015b_supervisor_to_main.sql (015b_supervisor_to_main)
Applied 016_sub_agents.sql (016_sub_agents)
Applied 017_timezone_new_york.sql (017_timezone_new_york)
Applied 018_migration_tracking.sql (018_migration_tracking)
Applied 019_unified_session.sql (019_unified_session)
Applied 020_plan_mode.sql (020_plan_mode)
Applied 021_deep_reason.sql (021_deep_reason)
Applied 022_tool_events.sql (022_tool_events)
Applied 023_memory_v4_schema.sql (023_memory_v4_schema)
Applied 024_requires_human.sql (024_requires_human)
Applied 025_federation.sql (025_federation)
Applied 026_consolidation_tracking.sql (026_consolidation_tracking)
Applied 027_auto_task.sql (027_auto_task)
Applied 027_kairos_buddy.sql (027_kairos_buddy)
Applied 028_agent_teams.sql (028_agent_teams)
Applied 028_per_agent_buddy.sql (028_per_agent_buddy)
Applied 029_cache_token_tracking.sql (029_cache_token_tracking)
Applied 029_managed_agents.sql (029_managed_agents)
Applied 030_buddy_effectiveness.sql (030_buddy_effectiveness)
Applied 030_checkpoint_schema_version.sql (030_checkpoint_schema_version)
Applied 031_add_escalation_type.sql (031_add_escalation_type)
Applied 031_agent_reviews.sql (031_agent_reviews)
Applied 032_run_status_skipped.sql (032_run_status_skipped)
Applied 032a_seed_legacy_primary_tenant.sql (032a_seed_legacy_primary_tenant)
Applied 033_memory_multi_tenancy.sql (033_memory_multi_tenancy)
Applied 034_buddy_goals_scoring.sql (034_buddy_goals_scoring)
Applied 034_outcome_assessment.sql (034_outcome_assessment)
Applied 035_drop_legacy_buddy_columns.sql (035_drop_legacy_buddy_columns)
Applied 035_retention_indexes.sql (035_retention_indexes)
Applied 036_buddy_reviewer_type.sql (036_buddy_reviewer_type)
Applied 036_devops_metrics.sql (036_devops_metrics)
Applied 037_access_control.sql (037_access_control)
Applied 037_scheduling_policy.sql (037_scheduling_policy)
Applied 038_audit_user_id.sql (038_audit_user_id)
Applied 038_reap_category.sql (038_reap_category)
Applied 039_operator_identity.sql (039_operator_identity)
Applied 040_memory_episodes.sql (040_memory_episodes)
Applied 041_memory_procedures.sql (041_memory_procedures)
Applied 042_chat_embeddings.sql (042_chat_embeddings)
Applied 043_fact_outcomes.sql (043_fact_outcomes)
Applied 044_agent_breadcrumbs.sql (044_agent_breadcrumbs)
Applied 045_channel_bus.sql (045_channel_bus)
Applied 046_person_linkage.sql (046_person_linkage)
Applied 046b_orphan_cleanup.sql (046b_orphan_cleanup)
Applied 047_messaging_kernel.sql (047_messaging_kernel)
Applied 048_voice_calendar.sql (048_voice_calendar)
Applied 049_timeline_activity.sql (049_timeline_activity)
Applied 050_task_planner_fields.sql (050_task_planner_fields)
Applied 051_task_followup.sql (051_task_followup)
Applied 052_multi_tenant_telegram_users.sql (052_multi_tenant_telegram_users)
Applied 062_step_type_warmup_phase.sql (062_step_type_warmup_phase)
Applied 063_benchmark_results.sql (063_benchmark_results)
Applied 065_session_goal_meta.sql (065_session_goal_meta)
Applied 066_session_goal_meta_v2.sql (066_session_goal_meta_v2)
Applied 067_task_history_kind_schema.sql (067_task_history_kind_schema)
Applied 068_curator_state.sql (068_curator_state)
Applied 069_memory_facts_drift.sql (069_memory_facts_drift)
Applied 070_user_cronjobs.sql (070_user_cronjobs)
Applied 071_memory_vault.sql (071_memory_vault)
Applied 071_user_accounts.sql (071_user_accounts)
Applied 072_memory_intents.sql (072_memory_intents)
Applied 073_memory_facts_active_hnsw.sql (073_memory_facts_active_hnsw)
Applied 074_memory_active_hnsw_partials.sql (074_memory_active_hnsw_partials)
Applied 075_operator_signals.sql (075_operator_signals)
Applied 076_judge_reviewer_type.sql (076_judge_reviewer_type)
Applied 077_message_reactions_unique.sql (077_message_reactions_unique)
Applied 078_memory_facts_content_hash_unique.sql (078_memory_facts_content_hash_unique)
Applied 079_guardrail_event_modes.sql (079_guardrail_event_modes)
Applied 080_judge_reviewer_type.sql (080_judge_reviewer_type)
Applied 081_tenant_rls_backstop.sql (081_tenant_rls_backstop)
Applied 082_tenant_rls_app_role.sql (082_tenant_rls_app_role)
Applied 083_rls_global_role_defaults.sql (083_rls_global_role_defaults)
Applied 084_feature_flags.sql (084_feature_flags)
Applied 085_sso_binding_grants.sql (085_sso_binding_grants)
Applied 086_user_permissions.sql (086_user_permissions)
Applied 087_role_permission_guardrails.sql (087_role_permission_guardrails)
Applied 088_member_role_read_only.sql (088_member_role_read_only)
Applied 089_face_identities.sql (089_face_identities)
Applied 092_memory_access_rollup.sql (092_memory_access_rollup)
Applied 093_memory_write_jobs.sql (093_memory_write_jobs)
Applied 094_memory_decay_shadow.sql (094_memory_decay_shadow)
Applied 095_memory_bitemporal.sql (095_memory_bitemporal)
Applied 096_memory_block_budget.sql (096_memory_block_budget)
Applied 097_trigger_type_channel_event.sql (097_trigger_type_channel_event)
Applied 098_tenant_column_defaults.sql (098_tenant_column_defaults)
Applied 099_notification_types.sql (099_notification_types)
Applied 100_run_verification.sql (100_run_verification)
Applied 102_agent_reviews_nullable_rating.sql (102_agent_reviews_nullable_rating)
Applied 103_benchmark_pass_rate_truth.sql (103_benchmark_pass_rate_truth)
Applied 104_benchmark_sandbox_tenant.sql (104_benchmark_sandbox_tenant)
Applied 105_agent_messages.sql (105_agent_messages)
Applied 106_workflow_approvals.sql (106_workflow_approvals)
Applied 107_seed_service_role.sql (107_seed_service_role)
Applied 108_run_resume_attempts.sql (108_run_resume_attempts)
Applied 109_facts_entities_lower_gin.sql (109_facts_entities_lower_gin)
Applied 110_tool_event_error_message.sql (110_tool_event_error_message)
Applied 111_drop_shadowing_ann_index.sql (111_drop_shadowing_ann_index)
Applied 112_federation_principals.sql (112_federation_principals)
Applied 113_add_do_not_contact.sql (113_add_do_not_contact)
Applied 114_local_login.sql (114_local_login)
Applied 115_backfill_sandbox_denied_error_type.sql (115_backfill_sandbox_denied_error_type)
Applied 116_benchmark_digest_notification_type.sql (116_benchmark_digest_notification_type)
Applied 117_agent_questions.sql (117_agent_questions)
Applied 118_user_channel_identities.sql (118_user_channel_identities)
Applied 119_workflow_step_timeout.sql (119_workflow_step_timeout)
Applied 120_tenant_rls_cover_new_tables.sql (120_tenant_rls_cover_new_tables)
Applied 121_channel_conversation_refs.sql (121_channel_conversation_refs)
Applied 122_trigger_type_channel.sql (122_trigger_type_channel)
Applied 123_agent_run_task_text.sql (123_agent_run_task_text)
Applied 124_guardrail_context_overflow.sql (124_guardrail_context_overflow)
Applied 125_agent_run_step_batch.sql (125_agent_run_step_batch)
Applied 126_calendar_operations.sql (126_calendar_operations)
Applied 126_durable_operations.sql (126_durable_operations)
Applied 126_goal_pursuit.sql (126_goal_pursuit)
Applied 127_autonomous_execution.sql (127_autonomous_execution)
Applied 127_sales_intelligence.sql (127_sales_intelligence)
Applied 128_autonomy_resource_descriptors.sql (128_autonomy_resource_descriptors)
Applied 128_sales_business_observations.sql (128_sales_business_observations)
Applied 129_autonomy_workflows.sql (129_autonomy_workflows)
Applied 129_sales_binding_repair.sql (129_sales_binding_repair)
Applied 130_autonomy_request_context.sql (130_autonomy_request_context)
Applied 130_sales_deployments.sql (130_sales_deployments)
Applied 131_autonomy_enrollments.sql (131_autonomy_enrollments)
Applied 131_sales_calibration.sql (131_sales_calibration)
Applied 132_autonomy_enrollment_rls.sql (132_autonomy_enrollment_rls)
Applied 132_sales_research_delegation.sql (132_sales_research_delegation)
Applied 133_autonomy_terms_audit.sql (133_autonomy_terms_audit)
Applied 133_operation_fragments.sql (133_operation_fragments)
Applied 134_autonomy_material_documents.sql (134_autonomy_material_documents)
Applied 134_web_render_permission.sql (134_web_render_permission)
Applied 135_sales_requests.sql (135_sales_requests)
Applied 136_sales_pipedrive_scope.sql (136_sales_pipedrive_scope)
Applied 137_sales_analyst_permissions.sql (137_sales_analyst_permissions)
Applied 127_runtime_contract.sql (127_runtime_contract)
Applied 138_goal_provider_reservations.sql (138_goal_provider_reservations)
Applied 139_goal_task_family_controls.sql (139_goal_task_family_controls)
Applied 140_chat_approval_receipts.sql (140_chat_approval_receipts)
Applied 141_runtime_effects.sql (141_runtime_effects)
Applied 142_goal_effect_lookup.sql (142_goal_effect_lookup)
Nothing to apply.
POPULATED_UPGRADE {"added_migrations": ["127_runtime_contract", "138_goal_provider_reservations", "139_goal_task_family_controls", "140_chat_approval_receipts", "141_runtime_effects", "142_goal_effect_lookup"], "preserved_tables": ["chat_sessions", "crm_tasks", "goal_pursuit_settings", "pursuit_goals", "pursuit_goal_tasks", "pursuit_goal_history", "pursuit_goal_attempts", "agent_runs", "agent_run_steps", "agent_run_checkpoints", "calendar_operations"], "repeat_apply_noop": true, "blocked_ancestor_denies_linked_task": true, "ordinary_task_runnable": true, "legacy_runtime_identity_added": true, "existing_approval_receipt_preserved": true}
NATIVE_TASK_OUTPUT {"revision": "baseline", "stdout": "NATIVE_TASK_CONFIGURATION {\"profile\": \"selected_main\", \"primary\": \"openrouter/deepseek/deepseek-v4.1-flash\", \"fallbacks\": [\"openrouter/xiaomi/mimo-v2.5\", \"openrouter/deepseek/deepseek-v4-flash\", \"ollama_chat/qwen3.8:27b\"], \"tools_allowed\": 104, \"planning_enabled\": false, \"difficulty_class\": \"\", \"task_protocol\": true}\nNATIVE_TASK_SAMPLE {\"scenario\": \"standalone\", \"index\": 0, \"warmup\": true, \"verified\": true, \"duration_ms\": 336.25962799123954, \"status\": \"completed\", \"model_calls\": 2, \"planning_calls\": 1, \"task_count\": 1, \"reply\": \"Task creation recorded.\", \"post_return_model_calls\": 0}\nNATIVE_TASK_SAMPLE {\"scenario\": \"standalone\", \"index\": 1, \"warmup\": false, \"verified\": true, \"duration_ms\": 74.26391499757301, \"status\": \"completed\", \"model_calls\": 2, \"planning_calls\": 1, \"task_count\": 1, \"reply\": \"Task creation recorded.\", \"post_return_model_calls\": 0}\nNATIVE_TASK_SAMPLE {\"scenario\": \"standalone\", \"index\": 2, \"warmup\": false, \"verified\": true, \"duration_ms\": 106.29306100599933, \"status\": \"completed\", \"model_calls\": 2, \"planning_calls\": 1, \"task_count\": 1, \"reply\": \"Task creation recorded.\", \"post_return_model_calls\": 0}\nNATIVE_TASK_SAMPLE {\"scenario\": \"standalone\", \"index\": 3, \"warmup\": false, \"verified\": true, \"duration_ms\": 121.5259309974499, \"status\": \"completed\", \"model_calls\": 2, \"planning_calls\": 1, \"task_count\": 1, \"reply\": \"Task creation recorded.\", \"post_return_model_calls\": 0}\nNATIVE_TASK_SAMPLE {\"scenario\": \"standalone\", \"index\": 4, \"warmup\": false, \"verified\": true, \"duration_ms\": 61.43558099574875, \"status\": \"completed\", \"model_calls\": 2, \"planning_calls\": 1, \"task_count\": 1, \"reply\": \"Task creation recorded.\", \"post_return_model_calls\": 0}\nNATIVE_TASK_SAMPLE {\"scenario\": \"standalone\", \"index\": 5, \"warmup\": false, \"verified\": true, \"duration_ms\": 98.16178100300021, \"status\": \"completed\", \"model_calls\": 2, \"planning_calls\": 1, \"task_count\": 1, \"reply\": \"Task creation recorded.\", \"post_return_model_calls\": 0}\nNATIVE_TASK_SAMPLE {\"scenario\": \"standalone\", \"index\": 6, \"warmup\": false, \"verified\": true, \"duration_ms\": 79.01567399676424, \"status\": \"completed\", \"model_calls\": 2, \"planning_calls\": 1, \"task_count\": 1, \"reply\": \"Task creation recorded.\", \"post_return_model_calls\": 0}\nNATIVE_TASK_SAMPLE {\"scenario\": \"standalone\", \"index\": 7, \"warmup\": false, \"verified\": true, \"duration_ms\": 111.09661299269646, \"status\": \"completed\", \"model_calls\": 2, \"planning_calls\": 1, \"task_count\": 1, \"reply\": \"Task creation recorded.\", \"post_return_model_calls\": 0}\nNATIVE_TASK_SAMPLE {\"scenario\": \"standalone\", \"index\": 8, \"warmup\": false, \"verified\": true, \"duration_ms\": 101.8366979988059, \"status\": \"completed\", \"model_calls\": 2, \"planning_calls\": 1, \"task_count\": 1, \"reply\": \"Task creation recorded.\", \"post_return_model_calls\": 0}\nNATIVE_TASK_SAMPLE {\"scenario\": \"standalone\", \"index\": 9, \"warmup\": false, \"verified\": true, \"duration_ms\": 86.38430599239655, \"status\": \"completed\", \"model_calls\": 2, \"planning_calls\": 1, \"task_count\": 1, \"reply\": \"Task creation recorded.\", \"post_return_model_calls\": 0}\nNATIVE_TASK_SAMPLE {\"scenario\": \"standalone\", \"index\": 10, \"warmup\": false, \"verified\": true, \"duration_ms\": 79.4431170070311, \"status\": \"completed\", \"model_calls\": 2, \"planning_calls\": 1, \"task_count\": 1, \"reply\": \"Task creation recorded.\", \"post_return_model_calls\": 0}\nNATIVE_TASK_SAMPLE {\"scenario\": \"standalone\", \"index\": 11, \"warmup\": false, \"verified\": true, \"duration_ms\": 108.81801499635912, \"status\": \"completed\", \"model_calls\": 2, \"planning_calls\": 1, \"task_count\": 1, \"reply\": \"Task creation recorded.\", \"post_return_model_calls\": 0}\nNATIVE_TASK_SAMPLE {\"scenario\": \"standalone\", \"index\": 12, \"warmup\": false, \"verified\": true, \"duration_ms\": 87.18064999266062, \"status\": \"completed\", \"model_calls\": 2, \"planning_calls\": 1, \"task_count\": 1, \"reply\": \"Task creation recorded.\", \"post_return_model_calls\": 0}\nNATIVE_TASK_SAMPLE {\"scenario\": \"standalone\", \"index\": 13, \"warmup\": false, \"verified\": true, \"duration_ms\": 54.96607699024025, \"status\": \"completed\", \"model_calls\": 2, \"planning_calls\": 1, \"task_count\": 1, \"reply\": \"Task creation recorded.\", \"post_return_model_calls\": 0}\nNATIVE_TASK_SAMPLE {\"scenario\": \"standalone\", \"index\": 14, \"warmup\": false, \"verified\": true, \"duration_ms\": 83.72296701418236, \"status\": \"completed\", \"model_calls\": 2, \"planning_calls\": 1, \"task_count\": 1, \"reply\": \"Task creation recorded.\", \"post_return_model_calls\": 0}\nNATIVE_TASK_SAMPLE {\"scenario\": \"standalone\", \"index\": 15, \"warmup\": false, \"verified\": true, \"duration_ms\": 106.97582100692671, \"status\": \"completed\", \"model_calls\": 2, \"planning_calls\": 1, \"task_count\": 1, \"reply\": \"Task creation recorded.\", \"post_return_model_calls\": 0}\nNATIVE_TASK_SAMPLE {\"scenario\": \"standalone\", \"index\": 16, \"warmup\": false, \"verified\": true, \"duration_ms\": 82.71481399424374, \"status\": \"completed\", \"model_calls\": 2, \"planning_calls\": 1, \"task_count\": 1, \"reply\": \"Task creation recorded.\", \"post_return_model_calls\": 0}\nNATIVE_TASK_SAMPLE {\"scenario\": \"standalone\", \"index\": 17, \"warmup\": false, \"verified\": true, \"duration_ms\": 85.6692589877639, \"status\": \"completed\", \"model_calls\": 2, \"planning_calls\": 1, \"task_count\": 1, \"reply\": \"Task creation recorded.\", \"post_return_model_calls\": 0}\nNATIVE_TASK_SAMPLE {\"scenario\": \"standalone\", \"index\": 18, \"warmup\": false, \"verified\": true, \"duration_ms\": 104.86167200724594, \"status\": \"completed\", \"model_calls\": 2, \"planning_calls\": 1, \"task_count\": 1, \"reply\": \"Task creation recorded.\", \"post_return_model_calls\": 0}\nNATIVE_TASK_SAMPLE {\"scenario\": \"standalone\", \"index\": 19, \"warmup\": false, \"verified\": true, \"duration_ms\": 59.12139700376429, \"status\": \"completed\", \"model_calls\": 2, \"planning_calls\": 1, \"task_count\": 1, \"reply\": \"Task creation recorded.\", \"post_return_model_calls\": 0}\nNATIVE_TASK_SAMPLE {\"scenario\": \"standalone\", \"index\": 20, \"warmup\": false, \"verified\": true, \"duration_ms\": 84.44295900699217, \"status\": \"completed\", \"model_calls\": 2, \"planning_calls\": 1, \"task_count\": 1, \"reply\": \"Task creation recorded.\", \"post_return_model_calls\": 0}\nNATIVE_TASK_SAMPLE {\"scenario\": \"standalone\", \"index\": 21, \"warmup\": false, \"verified\": true, \"duration_ms\": 82.37972200731747, \"status\": \"completed\", \"model_calls\": 2, \"planning_calls\": 1, \"task_count\": 1, \"reply\": \"Task creation recorded.\", \"post_return_model_calls\": 0}\nNATIVE_TASK_SAMPLE {\"scenario\": \"standalone\", \"index\": 22, \"warmup\": false, \"verified\": true, \"duration_ms\": 137.62132200645283, \"status\": \"completed\", \"model_calls\": 2, \"planning_calls\": 1, \"task_count\": 1, \"reply\": \"Task creation recorded.\", \"post_return_model_calls\": 0}\nNATIVE_TASK_SAMPLE {\"scenario\": \"standalone\", \"index\": 23, \"warmup\": false, \"verified\": true, \"duration_ms\": 110.27650900359731, \"status\": \"completed\", \"model_calls\": 2, \"planning_calls\": 1, \"task_count\": 1, \"reply\": \"Task creation recorded.\", \"post_return_model_calls\": 0}\nNATIVE_TASK_SAMPLE {\"scenario\": \"standalone\", \"index\": 24, \"warmup\": false, \"verified\": true, \"duration_ms\": 119.50333601271268, \"status\": \"completed\", \"model_calls\": 2, \"planning_calls\": 1, \"task_count\": 1, \"reply\": \"Task creation recorded.\", \"post_return_model_calls\": 0}\nNATIVE_TASK_SAMPLE {\"scenario\": \"standalone\", \"index\": 25, \"warmup\": false, \"verified\": true, \"duration_ms\": 54.60503300128039, \"status\": \"completed\", \"model_calls\": 2, \"planning_calls\": 1, \"task_count\": 1, \"reply\": \"Task creation recorded.\", \"post_return_model_calls\": 0}\nNATIVE_TASK_SAMPLE {\"scenario\": \"standalone\", \"index\": 26, \"warmup\": false, \"verified\": true, \"duration_ms\": 134.99232100730296, \"status\": \"completed\", \"model_calls\": 2, \"planning_calls\": 1, \"task_count\": 1, \"reply\": \"Task creation recorded.\", \"post_return_model_calls\": 0}\nNATIVE_TASK_SAMPLE {\"scenario\": \"standalone\", \"index\": 27, \"warmup\": false, \"verified\": true, \"duration_ms\": 58.42878299881704, \"status\": \"completed\", \"model_calls\": 2, \"planning_calls\": 1, \"task_count\": 1, \"reply\": \"Task creation recorded.\", \"post_return_model_calls\": 0}\nNATIVE_TASK_SAMPLE {\"scenario\": \"standalone\", \"index\": 28, \"warmup\": false, \"verified\": true, \"duration_ms\": 58.06671500613447, \"status\": \"completed\", \"model_calls\": 2, \"planning_calls\": 1, \"task_count\": 1, \"reply\": \"Task creation recorded.\", \"post_return_model_calls\": 0}\nNATIVE_TASK_SAMPLE {\"scenario\": \"standalone\", \"index\": 29, \"warmup\": false, \"verified\": true, \"duration_ms\": 60.20622400683351, \"status\": \"completed\", \"model_calls\": 2, \"planning_calls\": 1, \"task_count\": 1, \"reply\": \"Task creation recorded.\", \"post_return_model_calls\": 0}\nNATIVE_TASK_SAMPLE {\"scenario\": \"standalone\", \"index\": 30, \"warmup\": false, \"verified\": true, \"duration_ms\": 57.1466740075266, \"status\": \"completed\", \"model_calls\": 2, \"planning_calls\": 1, \"task_count\": 1, \"reply\": \"Task creation recorded.\", \"post_return_model_calls\": 0}\nNATIVE_TASK_SAMPLE {\"scenario\": \"compound\", \"index\": 0, \"warmup\": true, \"verified\": true, \"duration_ms\": 128.5268490028102, \"status\": \"completed\", \"model_calls\": 2, \"planning_calls\": 1, \"task_count\": 1, \"reply\": \"Task creation recorded. 17 \\u00d7 19 = 323.\", \"post_return_model_calls\": 0}\nNATIVE_TASK_SAMPLE {\"scenario\": \"compound\", \"index\": 1, \"warmup\": false, \"verified\": true, \"duration_ms\": 86.82174999557901, \"status\": \"completed\", \"model_calls\": 2, \"planning_calls\": 1, \"task_count\": 1, \"reply\": \"Task creation recorded. 17 \\u00d7 19 = 323.\", \"post_return_model_calls\": 0}\nNATIVE_TASK_SAMPLE {\"scenario\": \"compound\", \"index\": 2, \"warmup\": false, \"verified\": true, \"duration_ms\": 128.41828700038604, \"status\": \"completed\", \"model_calls\": 2, \"planning_calls\": 1, \"task_count\": 1, \"reply\": \"Task creation recorded. 17 \\u00d7 19 = 323.\", \"post_return_model_calls\": 0}\nNATIVE_TASK_SAMPLE {\"scenario\": \"compound\", \"index\": 3, \"warmup\": false, \"verified\": true, \"duration_ms\": 131.07874599518254, \"status\": \"completed\", \"model_calls\": 2, \"planning_calls\": 1, \"task_count\": 1, \"reply\": \"Task creation recorded. 17 \\u00d7 19 = 323.\", \"post_return_model_calls\": 0}\nNATIVE_TASK_SAMPLE {\"scenario\": \"compound\", \"index\": 4, \"warmup\": false, \"verified\": true, \"duration_ms\": 56.179976993007585, \"status\": \"completed\", \"model_calls\": 2, \"planning_calls\": 1, \"task_count\": 1, \"reply\": \"Task creation recorded. 17 \\u00d7 19 = 323.\", \"post_return_model_calls\": 0}\nNATIVE_TASK_SAMPLE {\"scenario\": \"compound\", \"index\": 5, \"warmup\": false, \"verified\": true, \"duration_ms\": 64.5244269981049, \"status\": \"completed\", \"model_calls\": 2, \"planning_calls\": 1, \"task_count\": 1, \"reply\": \"Task creation recorded. 17 \\u00d7 19 = 323.\", \"post_return_model_calls\": 0}\nNATIVE_TASK_SAMPLE {\"scenario\": \"compound\", \"index\": 6, \"warmup\": false, \"verified\": true, \"duration_ms\": 62.16857999970671, \"status\": \"completed\", \"model_calls\": 2, \"planning_calls\": 1, \"task_count\": 1, \"reply\": \"Task creation recorded. 17 \\u00d7 19 = 323.\", \"post_return_model_calls\": 0}\nNATIVE_TASK_SAMPLE {\"scenario\": \"compound\", \"index\": 7, \"warmup\": false, \"verified\": true, \"duration_ms\": 123.69760099682026, \"status\": \"completed\", \"model_calls\": 2, \"planning_calls\": 1, \"task_count\": 1, \"reply\": \"Task creation recorded. 17 \\u00d7 19 = 323.\", \"post_return_model_calls\": 0}\nNATIVE_TASK_SAMPLE {\"scenario\": \"compound\", \"index\": 8, \"warmup\": false, \"verified\": true, \"duration_ms\": 119.8055950080743, \"status\": \"completed\", \"model_calls\": 2, \"planning_calls\": 1, \"task_count\": 1, \"reply\": \"Task creation recorded. 17 \\u00d7 19 = 323.\", \"post_return_model_calls\": 0}\nNATIVE_TASK_SAMPLE {\"scenario\": \"compound\", \"index\": 9, \"warmup\": false, \"verified\": true, \"duration_ms\": 120.00050900678616, \"status\": \"completed\", \"model_calls\": 2, \"planning_calls\": 1, \"task_count\": 1, \"reply\": \"Task creation recorded. 17 \\u00d7 19 = 323.\", \"post_return_model_calls\": 0}\nNATIVE_TASK_SAMPLE {\"scenario\": \"compound\", \"index\": 10, \"warmup\": false, \"verified\": true, \"duration_ms\": 114.21074000827502, \"status\": \"completed\", \"model_calls\": 2, \"planning_calls\": 1, \"task_count\": 1, \"reply\": \"Task creation recorded. 17 \\u00d7 19 = 323.\", \"post_return_model_calls\": 0}\nNATIVE_TASK_SAMPLE {\"scenario\": \"compound\", \"index\": 11, \"warmup\": false, \"verified\": true, \"duration_ms\": 56.588589010061696, \"status\": \"completed\", \"model_calls\": 2, \"planning_calls\": 1, \"task_count\": 1, \"reply\": \"Task creation recorded. 17 \\u00d7 19 = 323.\", \"post_return_model_calls\": 0}\nNATIVE_TASK_SAMPLE {\"scenario\": \"compound\", \"index\": 12, \"warmup\": false, \"verified\": true, \"duration_ms\": 60.44457899406552, \"status\": \"completed\", \"model_calls\": 2, \"planning_calls\": 1, \"task_count\": 1, \"reply\": \"Task creation recorded. 17 \\u00d7 19 = 323.\", \"post_return_model_calls\": 0}\nNATIVE_TASK_SAMPLE {\"scenario\": \"compound\", \"index\": 13, \"warmup\": false, \"verified\": true, \"duration_ms\": 59.69257099786773, \"status\": \"completed\", \"model_calls\": 2, \"planning_calls\": 1, \"task_count\": 1, \"reply\": \"Task creation recorded. 17 \\u00d7 19 = 323.\", \"post_return_model_calls\": 0}\nNATIVE_TASK_SAMPLE {\"scenario\": \"compound\", \"index\": 14, \"warmup\": false, \"verified\": true, \"duration_ms\": 57.21920300857164, \"status\": \"completed\", \"model_calls\": 2, \"planning_calls\": 1, \"task_count\": 1, \"reply\": \"Task creation recorded. 17 \\u00d7 19 = 323.\", \"post_return_model_calls\": 0}\nNATIVE_TASK_SAMPLE {\"scenario\": \"compound\", \"index\": 15, \"warmup\": false, \"verified\": true, \"duration_ms\": 128.228109999327, \"status\": \"completed\", \"model_calls\": 2, \"planning_calls\": 1, \"task_count\": 1, \"reply\": \"Task creation recorded. 17 \\u00d7 19 = 323.\", \"post_return_model_calls\": 0}\nNATIVE_TASK_SAMPLE {\"scenario\": \"compound\", \"index\": 16, \"warmup\": false, \"verified\": true, \"duration_ms\": 66.95846699585672, \"status\": \"completed\", \"model_calls\": 2, \"planning_calls\": 1, \"task_count\": 1, \"reply\": \"Task creation recorded. 17 \\u00d7 19 = 323.\", \"post_return_model_calls\": 0}\nNATIVE_TASK_SAMPLE {\"scenario\": \"compound\", \"index\": 17, \"warmup\": false, \"verified\": true, \"duration_ms\": 86.28200100793038, \"status\": \"completed\", \"model_calls\": 2, \"planning_calls\": 1, \"task_count\": 1, \"reply\": \"Task creation recorded. 17 \\u00d7 19 = 323.\", \"post_return_model_calls\": 0}\nNATIVE_TASK_SAMPLE {\"scenario\": \"compound\", \"index\": 18, \"warmup\": false, \"verified\": true, \"duration_ms\": 81.95830999466125, \"status\": \"completed\", \"model_calls\": 2, \"planning_calls\": 1, \"task_count\": 1, \"reply\": \"Task creation recorded. 17 \\u00d7 19 = 323.\", \"post_return_model_calls\": 0}\nNATIVE_TASK_SAMPLE {\"scenario\": \"compound\", \"index\": 19, \"warmup\": false, \"verified\": true, \"duration_ms\": 128.21306999830995, \"status\": \"completed\", \"model_calls\": 2, \"planning_calls\": 1, \"task_count\": 1, \"reply\": \"Task creation recorded. 17 \\u00d7 19 = 323.\", \"post_return_model_calls\": 0}\nNATIVE_TASK_SAMPLE {\"scenario\": \"compound\", \"index\": 20, \"warmup\": false, \"verified\": true, \"duration_ms\": 54.18629400082864, \"status\": \"completed\", \"model_calls\": 2, \"planning_calls\": 1, \"task_count\": 1, \"reply\": \"Task creation recorded. 17 \\u00d7 19 = 323.\", \"post_return_model_calls\": 0}\nNATIVE_TASK_SAMPLE {\"scenario\": \"compound\", \"index\": 21, \"warmup\": false, \"verified\": true, \"duration_ms\": 61.26421899534762, \"status\": \"completed\", \"model_calls\": 2, \"planning_calls\": 1, \"task_count\": 1, \"reply\": \"Task creation recorded. 17 \\u00d7 19 = 323.\", \"post_return_model_calls\": 0}\nNATIVE_TASK_SAMPLE {\"scenario\": \"compound\", \"index\": 22, \"warmup\": false, \"verified\": true, \"duration_ms\": 135.78685600077733, \"status\": \"completed\", \"model_calls\": 2, \"planning_calls\": 1, \"task_count\": 1, \"reply\": \"Task creation recorded. 17 \\u00d7 19 = 323.\", \"post_return_model_calls\": 0}\nNATIVE_TASK_SAMPLE {\"scenario\": \"compound\", \"index\": 23, \"warmup\": false, \"verified\": true, \"duration_ms\": 59.09597300342284, \"status\": \"completed\", \"model_calls\": 2, \"planning_calls\": 1, \"task_count\": 1, \"reply\": \"Task creation recorded. 17 \\u00d7 19 = 323.\", \"post_return_model_calls\": 0}\nNATIVE_TASK_SAMPLE {\"scenario\": \"compound\", \"index\": 24, \"warmup\": false, \"verified\": true, \"duration_ms\": 133.6873639957048, \"status\": \"completed\", \"model_calls\": 2, \"planning_calls\": 1, \"task_count\": 1, \"reply\": \"Task creation recorded. 17 \\u00d7 19 = 323.\", \"post_return_model_calls\": 0}\nNATIVE_TASK_SAMPLE {\"scenario\": \"compound\", \"index\": 25, \"warmup\": false, \"verified\": true, \"duration_ms\": 58.72155399993062, \"status\": \"completed\", \"model_calls\": 2, \"planning_calls\": 1, \"task_count\": 1, \"reply\": \"Task creation recorded. 17 \\u00d7 19 = 323.\", \"post_return_model_calls\": 0}\nNATIVE_TASK_SAMPLE {\"scenario\": \"compound\", \"index\": 26, \"warmup\": false, \"verified\": true, \"duration_ms\": 59.013460006099194, \"status\": \"completed\", \"model_calls\": 2, \"planning_calls\": 1, \"task_count\": 1, \"reply\": \"Task creation recorded. 17 \\u00d7 19 = 323.\", \"post_return_model_calls\": 0}\nNATIVE_TASK_SAMPLE {\"scenario\": \"compound\", \"index\": 27, \"warmup\": false, \"verified\": true, \"duration_ms\": 62.55674400017597, \"status\": \"completed\", \"model_calls\": 2, \"planning_calls\": 1, \"task_count\": 1, \"reply\": \"Task creation recorded. 17 \\u00d7 19 = 323.\", \"post_return_model_calls\": 0}\nNATIVE_TASK_SAMPLE {\"scenario\": \"compound\", \"index\": 28, \"warmup\": false, \"verified\": true, \"duration_ms\": 65.30750700039789, \"status\": \"completed\", \"model_calls\": 2, \"planning_calls\": 1, \"task_count\": 1, \"reply\": \"Task creation recorded. 17 \\u00d7 19 = 323.\", \"post_return_model_calls\": 0}\nNATIVE_TASK_SAMPLE {\"scenario\": \"compound\", \"index\": 29, \"warmup\": false, \"verified\": true, \"duration_ms\": 78.8175269990461, \"status\": \"completed\", \"model_calls\": 2, \"planning_calls\": 1, \"task_count\": 1, \"reply\": \"Task creation recorded. 17 \\u00d7 19 = 323.\", \"post_return_model_calls\": 0}\nNATIVE_TASK_SAMPLE {\"scenario\": \"compound\", \"index\": 30, \"warmup\": false, \"verified\": true, \"duration_ms\": 120.87323800369631, \"status\": \"completed\", \"model_calls\": 2, \"planning_calls\": 1, \"task_count\": 1, \"reply\": \"Task creation recorded. 17 \\u00d7 19 = 323.\", \"post_return_model_calls\": 0}\n", "stderr": "Agent main runs UNRESTRICTED: it declares no role, so it resolves to 'service', which migration 107 seeds as ('*', 'allow'). RBAC evaluates this agent and permits every tool. Set `role:` in its manifest, or move the whole fleet with ROBOTHOR_DEFAULT_SERVICE_ROLE.\nAdapter 'impetus-one' unavailable (backoff 300s): Invalid Content-Length in MCP response\nAgent main declares 4 tool(s) with no registered schema/adapter route; they are silently unavailable: impetus_get, impetus_list, impetus_list_resources, impetus_search\nact-observe observe: run 8fc70783-fddd-4046-8632-b6ed34f23674 would be told at its stop about 1 unobserved change(s): [SYSTEM] You have made 1 state-changing call (create_task) and have not read that source since. A response you did not inspect may have carried new information, and anything you knew about that source before you changed it is now out of date. Read it again before you write your answer.\nact-observe observe: run 80953734-3eda-4f04-aed4-badf07550bf6 would be told at its stop about 1 unobserved change(s): [SYSTEM] You have made 1 state-changing call (create_task) and have not read that source since. A response you did not inspect may have carried new information, and anything you knew about that source before you changed it is now out of date. Read it again before you write your answer.\nact-observe observe: run 72e6165c-70ef-41d9-aff1-20cb752f1fe6 would be told at its stop about 1 unobserved change(s): [SYSTEM] You have made 1 state-changing call (create_task) and have not read that source since. A response you did not inspect may have carried new information, and anything you knew about that source before you changed it is now out of date. Read it again before you write your answer.\nact-observe observe: run f66c85bd-697a-48b4-89c7-980e8701ada3 would be told at its stop about 1 unobserved change(s): [SYSTEM] You have made 1 state-changing call (create_task) and have not read that source since. A response you did not inspect may have carried new information, and anything you knew about that source before you changed it is now out of date. Read it again before you write your answer.\nact-observe observe: run 9f7a33c3-10de-4d42-8c48-8cd05df2a818 would be told at its stop about 1 unobserved change(s): [SYSTEM] You have made 1 state-changing call (create_task) and have not read that source since. A response you did not inspect may have carried new information, and anything you knew about that source before you changed it is now out of date. Read it again before you write your answer.\nact-observe observe: run c5a42753-6076-4034-826c-f054b1fe3e2e would be told at its stop about 1 unobserved change(s): [SYSTEM] You have made 1 state-changing call (create_task) and have not read that source since. A response you did not inspect may have carried new information, and anything you knew about that source before you changed it is now out of date. Read it again before you write your answer.\nact-observe observe: run 2585bf4b-8f45-4878-b00b-797e82de10cb would be told at its stop about 1 unobserved change(s): [SYSTEM] You have made 1 state-changing call (create_task) and have not read that source since. A response you did not inspect may have carried new information, and anything you knew about that source before you changed it is now out of date. Read it again before you write your answer.\nact-observe observe: run 50e66e24-1fc1-49e3-a9b2-8605eb4b182d would be told at its stop about 1 unobserved change(s): [SYSTEM] You have made 1 state-changing call (create_task) and have not read that source since. A response you did not inspect may have carried new information, and anything you knew about that source before you changed it is now out of date. Read it again before you write your answer.\nact-observe observe: run b58e6f78-ad5b-4438-ae0a-e2fcf415d6c6 would be told at its stop about 1 unobserved change(s): [SYSTEM] You have made 1 state-changing call (create_task) and have not read that source since. A response you did not inspect may have carried new information, and anything you knew about that source before you changed it is now out of date. Read it again before you write your answer.\nact-observe observe: run 00c489a5-a9fe-4a70-a5ad-1b0d22443e33 would be told at its stop about 1 unobserved change(s): [SYSTEM] You have made 1 state-changing call (create_task) and have not read that source since. A response you did not inspect may have carried new information, and anything you knew about that source before you changed it is now out of date. Read it again before you write your answer.\nact-observe observe: run 42efa305-d228-4566-8f14-fb9844092d53 would be told at its stop about 1 unobserved change(s): [SYSTEM] You have made 1 state-changing call (create_task) and have not read that source since. A response you did not inspect may have carried new information, and anything you knew about that source before you changed it is now out of date. Read it again before you write your answer.\nact-observe observe: run aaf4dd8a-8037-4278-ac7e-7bcdb24ab4d4 would be told at its stop about 1 unobserved change(s): [SYSTEM] You have made 1 state-changing call (create_task) and have not read that source since. A response you did not inspect may have carried new information, and anything you knew about that source before you changed it is now out of date. Read it again before you write your answer.\nact-observe observe: run b625aee0-36c1-49fc-9d6e-6121c6cbee1e would be told at its stop about 1 unobserved change(s): [SYSTEM] You have made 1 state-changing call (create_task) and have not read that source since. A response you did not inspect may have carried new information, and anything you knew about that source before you changed it is now out of date. Read it again before you write your answer.\nact-observe observe: run e2a60783-5530-4fae-9ca1-6fc3fc18b07e would be told at its stop about 1 unobserved change(s): [SYSTEM] You have made 1 state-changing call (create_task) and have not read that source since. A response you did not inspect may have carried new information, and anything you knew about that source before you changed it is now out of date. Read it again before you write your answer.\nact-observe observe: run 8e3e8543-ba5d-45f6-9442-5251addaaa7f would be told at its stop about 1 unobserved change(s): [SYSTEM] You have made 1 state-changing call (create_task) and have not read that source since. A response you did not inspect may have carried new information, and anything you knew about that source before you changed it is now out of date. Read it again before you write your answer.\nact-observe observe: run 05892248-b44b-4770-b379-08ca476f1611 would be told at its stop about 1 unobserved change(s): [SYSTEM] You have made 1 state-changing call (create_task) and have not read that source since. A response you did not inspect may have carried new information, and anything you knew about that source before you changed it is now out of date. Read it again before you write your answer.\nact-observe observe: run e39b3ac1-8099-478b-9c04-7900411edb04 would be told at its stop about 1 unobserved change(s): [SYSTEM] You have made 1 state-changing call (create_task) and have not read that source since. A response you did not inspect may have carried new information, and anything you knew about that source before you changed it is now out of date. Read it again before you write your answer.\nact-observe observe: run dc71486d-9da0-4431-8e12-4e5bb569b37d would be told at its stop about 1 unobserved change(s): [SYSTEM] You have made 1 state-changing call (create_task) and have not read that source since. A response you did not inspect may have carried new information, and anything you knew about that source before you changed it is now out of date. Read it again before you write your answer.\nact-observe observe: run 6b748725-bc5e-4e1e-9e88-0da4576448bf would be told at its stop about 1 unobserved change(s): [SYSTEM] You have made 1 state-changing call (create_task) and have not read that source since. A response you did not inspect may have carried new information, and anything you knew about that source before you changed it is now out of date. Read it again before you write your answer.\nact-observe observe: run 95862271-1f06-4001-ae00-ed46371103bc would be told at its stop about 1 unobserved change(s): [SYSTEM] You have made 1 state-changing call (create_task) and have not read that source since. A response you did not inspect may have carried new information, and anything you knew about that source before you changed it is now out of date. Read it again before you write your answer.\nact-observe observe: run fed6406b-1fc8-45d4-9e09-187e4f657e51 would be told at its stop about 1 unobserved change(s): [SYSTEM] You have made 1 state-changing call (create_task) and have not read that source since. A response you did not inspect may have carried new information, and anything you knew about that source before you changed it is now out of date. Read it again before you write your answer.\nact-observe observe: run bf756e5e-e27a-4cb3-8c76-5ac9c85feac2 would be told at its stop about 1 unobserved change(s): [SYSTEM] You have made 1 state-changing call (create_task) and have not read that source since. A response you did not inspect may have carried new information, and anything you knew about that source before you changed it is now out of date. Read it again before you write your answer.\nact-observe observe: run 3b90bf8b-c8e8-43f8-ad56-31f9e8f57e40 would be told at its stop about 1 unobserved change(s): [SYSTEM] You have made 1 state-changing call (create_task) and have not read that source since. A response you did not inspect may have carried new information, and anything you knew about that source before you changed it is now out of date. Read it again before you write your answer.\nact-observe observe: run 55424b37-6207-4720-8b87-a5429183e522 would be told at its stop about 1 unobserved change(s): [SYSTEM] You have made 1 state-changing call (create_task) and have not read that source since. A response you did not inspect may have carried new information, and anything you knew about that source before you changed it is now out of date. Read it again before you write your answer.\nact-observe observe: run f8622fc2-5cf3-4c4d-b8ea-79bd255bf8b5 would be told at its stop about 1 unobserved change(s): [SYSTEM] You have made 1 state-changing call (create_task) and have not read that source since. A response you did not inspect may have carried new information, and anything you knew about that source before you changed it is now out of date. Read it again before you write your answer.\nact-observe observe: run 286f1cb8-fc77-43a8-a3d4-c562170414cf would be told at its stop about 1 unobserved change(s): [SYSTEM] You have made 1 state-changing call (create_task) and have not read that source since. A response you did not inspect may have carried new information, and anything you knew about that source before you changed it is now out of date. Read it again before you write your answer.\nact-observe observe: run f4246289-e2e7-4723-96eb-1e3e5736783a would be told at its stop about 1 unobserved change(s): [SYSTEM] You have made 1 state-changing call (create_task) and have not read that source since. A response you did not inspect may have carried new information, and anything you knew about that source before you changed it is now out of date. Read it again before you write your answer.\nact-observe observe: run 6bd9a50d-e895-4f1e-9b9c-9b149f0d6e01 would be told at its stop about 1 unobserved change(s): [SYSTEM] You have made 1 state-changing call (create_task) and have not read that source since. A response you did not inspect may have carried new information, and anything you knew about that source before you changed it is now out of date. Read it again before you write your answer.\nact-observe observe: run 104aab74-18ff-47f0-b146-74e768eab7c7 would be told at its stop about 1 unobserved change(s): [SYSTEM] You have made 1 state-changing call (create_task) and have not read that source since. A response you did not inspect may have carried new information, and anything you knew about that source before you changed it is now out of date. Read it again before you write your answer.\nact-observe observe: run 5bc7ed7c-38e4-4122-bb90-9e8b03841813 would be told at its stop about 1 unobserved change(s): [SYSTEM] You have made 1 state-changing call (create_task) and have not read that source since. A response you did not inspect may have carried new information, and anything you knew about that source before you changed it is now out of date. Read it again before you write your answer.\nact-observe observe: run cfc1270d-276e-4853-ae9b-bf8215fdb42e would be told at its stop about 1 unobserved change(s): [SYSTEM] You have made 1 state-changing call (create_task) and have not read that source since. A response you did not inspect may have carried new information, and anything you knew about that source before you changed it is now out of date. Read it again before you write your answer.\nact-observe observe: run 4ee4243c-8893-422d-8483-04c92342c0f6 would be told at its stop about 1 unobserved change(s): [SYSTEM] You have made 1 state-changing call (create_task) and have not read that source since. A response you did not inspect may have carried new information, and anything you knew about that source before you changed it is now out of date. Read it again before you write your answer.\nact-observe observe: run f9f02250-ad51-42a7-ae88-6dc3acf7a53c would be told at its stop about 1 unobserved change(s): [SYSTEM] You have made 1 state-changing call (create_task) and have not read that source since. A response you did not inspect may have carried new information, and anything you knew about that source before you changed it is now out of date. Read it again before you write your answer.\nact-observe observe: run a95bf429-9b02-4342-80a9-2d68985c0641 would be told at its stop about 1 unobserved change(s): [SYSTEM] You have made 1 state-changing call (create_task) and have not read that source since. A response you did not inspect may have carried new information, and anything you knew about that source before you changed it is now out of date. Read it again before you write your answer.\nact-observe observe: run ce7af07a-7e09-4fd9-9573-61119608fae0 would be told at its stop about 1 unobserved change(s): [SYSTEM] You have made 1 state-changing call (create_task) and have not read that source since. A response you did not inspect may have carried new information, and anything you knew about that source before you changed it is now out of date. Read it again before you write your answer.\nact-observe observe: run 6355de48-bc57-4d78-9406-55268b92055a would be told at its stop about 1 unobserved change(s): [SYSTEM] You have made 1 state-changing call (create_task) and have not read that source since. A response you did not inspect may have carried new information, and anything you knew about that source before you changed it is now out of date. Read it again before you write your answer.\nact-observe observe: run d0dc4439-2879-4c39-9a31-e2bed708974d would be told at its stop about 1 unobserved change(s): [SYSTEM] You have made 1 state-changing call (create_task) and have not read that source since. A response you did not inspect may have carried new information, and anything you knew about that source before you changed it is now out of date. Read it again before you write your answer.\nact-observe observe: run e3831375-b01c-40f5-920b-61da29058bab would be told at its stop about 1 unobserved change(s): [SYSTEM] You have made 1 state-changing call (create_task) and have not read that source since. A response you did not inspect may have carried new information, and anything you knew about that source before you changed it is now out of date. Read it again before you write your answer.\nact-observe observe: run 6ba7eacd-5ea9-4b5a-99e8-9eb25bbb41f0 would be told at its stop about 1 unobserved change(s): [SYSTEM] You have made 1 state-changing call (create_task) and have not read that source since. A response you did not inspect may have carried new information, and anything you knew about that source before you changed it is now out of date. Read it again before you write your answer.\nact-observe observe: run 61d2c68a-a9fe-4a3f-9795-737b59814ca7 would be told at its stop about 1 unobserved change(s): [SYSTEM] You have made 1 state-changing call (create_task) and have not read that source since. A response you did not inspect may have carried new information, and anything you knew about that source before you changed it is now out of date. Read it again before you write your answer.\nact-observe observe: run e682dc87-76bf-4f48-946c-92a257c3fafa would be told at its stop about 1 unobserved change(s): [SYSTEM] You have made 1 state-changing call (create_task) and have not read that source since. A response you did not inspect may have carried new information, and anything you knew about that source before you changed it is now out of date. Read it again before you write your answer.\nact-observe observe: run c3a99a9c-51f1-4644-90fe-c92ca9f84f59 would be told at its stop about 1 unobserved change(s): [SYSTEM] You have made 1 state-changing call (create_task) and have not read that source since. A response you did not inspect may have carried new information, and anything you knew about that source before you changed it is now out of date. Read it again before you write your answer.\nact-observe observe: run bea9a8e0-a9eb-4bdf-9f05-62fb32d60ef7 would be told at its stop about 1 unobserved change(s): [SYSTEM] You have made 1 state-changing call (create_task) and have not read that source since. A response you did not inspect may have carried new information, and anything you knew about that source before you changed it is now out of date. Read it again before you write your answer.\nact-observe observe: run 1e826bdc-5ff7-4882-b3e9-c3a80ef46afa would be told at its stop about 1 unobserved change(s): [SYSTEM] You have made 1 state-changing call (create_task) and have not read that source since. A response you did not inspect may have carried new information, and anything you knew about that source before you changed it is now out of date. Read it again before you write your answer.\nact-observe observe: run 067378ae-d17c-4f86-9da8-67cbe60a017f would be told at its stop about 1 unobserved change(s): [SYSTEM] You have made 1 state-changing call (create_task) and have not read that source since. A response you did not inspect may have carried new information, and anything you knew about that source before you changed it is now out of date. Read it again before you write your answer.\nact-observe observe: run 6a30c3e1-ec95-4a4e-8df0-4f00e0408ceb would be told at its stop about 1 unobserved change(s): [SYSTEM] You have made 1 state-changing call (create_task) and have not read that source since. A response you did not inspect may have carried new information, and anything you knew about that source before you changed it is now out of date. Read it again before you write your answer.\nact-observe observe: run eda8ef28-94a4-4adb-8e8d-6e0dd319f848 would be told at its stop about 1 unobserved change(s): [SYSTEM] You have made 1 state-changing call (create_task) and have not read that source since. A response you did not inspect may have carried new information, and anything you knew about that source before you changed it is now out of date. Read it again before you write your answer.\nact-observe observe: run 72381475-ef10-40c5-b9d3-3ed09e47d31a would be told at its stop about 1 unobserved change(s): [SYSTEM] You have made 1 state-changing call (create_task) and have not read that source since. A response you did not inspect may have carried new information, and anything you knew about that source before you changed it is now out of date. Read it again before you write your answer.\nact-observe observe: run 1209fb9a-1ffd-4017-9531-5d8e37451e76 would be told at its stop about 1 unobserved change(s): [SYSTEM] You have made 1 state-changing call (create_task) and have not read that source since. A response you did not inspect may have carried new information, and anything you knew about that source before you changed it is now out of date. Read it again before you write your answer.\nact-observe observe: run 154b21ae-e467-4283-91c0-a8f4aecfeac4 would be told at its stop about 1 unobserved change(s): [SYSTEM] You have made 1 state-changing call (create_task) and have not read that source since. A response you did not inspect may have carried new information, and anything you knew about that source before you changed it is now out of date. Read it again before you write your answer.\nact-observe observe: run 04d60175-1e9e-47ba-a4a2-d43ed9d34648 would be told at its stop about 1 unobserved change(s): [SYSTEM] You have made 1 state-changing call (create_task) and have not read that source since. A response you did not inspect may have carried new information, and anything you knew about that source before you changed it is now out of date. Read it again before you write your answer.\nact-observe observe: run c339c5f8-7e6c-4075-9747-ca0946d3d4ff would be told at its stop about 1 unobserved change(s): [SYSTEM] You have made 1 state-changing call (create_task) and have not read that source since. A response you did not inspect may have carried new information, and anything you knew about that source before you changed it is now out of date. Read it again before you write your answer.\nact-observe observe: run 521a5136-fb31-41ae-8818-1fd44eeec276 would be told at its stop about 1 unobserved change(s): [SYSTEM] You have made 1 state-changing call (create_task) and have not read that source since. A response you did not inspect may have carried new information, and anything you knew about that source before you changed it is now out of date. Read it again before you write your answer.\nact-observe observe: run 54d88faa-709c-4259-9bbc-fdc6505565a7 would be told at its stop about 1 unobserved change(s): [SYSTEM] You have made 1 state-changing call (create_task) and have not read that source since. A response you did not inspect may have carried new information, and anything you knew about that source before you changed it is now out of date. Read it again before you write your answer.\nact-observe observe: run cb9286eb-4ed9-405b-a019-8bc937dd252a would be told at its stop about 1 unobserved change(s): [SYSTEM] You have made 1 state-changing call (create_task) and have not read that source since. A response you did not inspect may have carried new information, and anything you knew about that source before you changed it is now out of date. Read it again before you write your answer.\nact-observe observe: run d40b9aa3-4eaa-4813-8325-4c0dcdeb4174 would be told at its stop about 1 unobserved change(s): [SYSTEM] You have made 1 state-changing call (create_task) and have not read that source since. A response you did not inspect may have carried new information, and anything you knew about that source before you changed it is now out of date. Read it again before you write your answer.\nact-observe observe: run 0e2011e0-6734-468b-aeda-361f3b88e8fe would be told at its stop about 1 unobserved change(s): [SYSTEM] You have made 1 state-changing call (create_task) and have not read that source since. A response you did not inspect may have carried new information, and anything you knew about that source before you changed it is now out of date. Read it again before you write your answer.\nact-observe observe: run 5945231f-eb70-44fe-8f0f-bd76d75a399d would be told at its stop about 1 unobserved change(s): [SYSTEM] You have made 1 state-changing call (create_task) and have not read that source since. A response you did not inspect may have carried new information, and anything you knew about that source before you changed it is now out of date. Read it again before you write your answer.\nact-observe observe: run e45f6b21-6efd-4187-8c7b-8f25c8219a2e would be told at its stop about 1 unobserved change(s): [SYSTEM] You have made 1 state-changing call (create_task) and have not read that source since. A response you did not inspect may have carried new information, and anything you knew about that source before you changed it is now out of date. Read it again before you write your answer.\nact-observe observe: run fd1cb906-42ef-41a5-b135-647d620ea45c would be told at its stop about 1 unobserved change(s): [SYSTEM] You have made 1 state-changing call (create_task) and have not read that source since. A response you did not inspect may have carried new information, and anything you knew about that source before you changed it is now out of date. Read it again before you write your answer.\nact-observe observe: run d8b1d2d7-0b9a-44ab-9a30-846e41ec32a9 would be told at its stop about 1 unobserved change(s): [SYSTEM] You have made 1 state-changing call (create_task) and have not read that source since. A response you did not inspect may have carried new information, and anything you knew about that source before you changed it is now out of date. Read it again before you write your answer.\nact-observe observe: run 4eb67603-ec2d-430c-a836-e5ab96210810 would be told at its stop about 1 unobserved change(s): [SYSTEM] You have made 1 state-changing call (create_task) and have not read that source since. A response you did not inspect may have carried new information, and anything you knew about that source before you changed it is now out of date. Read it again before you write your answer.\n", "exit_code": 0}
NATIVE_TASK_OUTPUT {"revision": "current", "stdout": "NATIVE_TASK_CONFIGURATION {\"profile\": \"selected_main\", \"primary\": \"openrouter/deepseek/deepseek-v4.1-flash\", \"fallbacks\": [\"openrouter/xiaomi/mimo-v2.5\", \"openrouter/deepseek/deepseek-v4-flash\", \"ollama_chat/qwen3.8:27b\"], \"tools_allowed\": 104, \"planning_enabled\": false, \"difficulty_class\": \"\", \"task_protocol\": true}\nNATIVE_TASK_SAMPLE {\"scenario\": \"standalone\", \"index\": 0, \"warmup\": true, \"verified\": true, \"duration_ms\": 258.12511700496543, \"status\": \"completed\", \"model_calls\": 2, \"planning_calls\": 0, \"task_count\": 1, \"reply\": \"Task creation recorded.\", \"post_return_model_calls\": 0}\nNATIVE_TASK_SAMPLE {\"scenario\": \"standalone\", \"index\": 1, \"warmup\": false, \"verified\": true, \"duration_ms\": 34.13883199391421, \"status\": \"completed\", \"model_calls\": 2, \"planning_calls\": 0, \"task_count\": 1, \"reply\": \"Task creation recorded.\", \"post_return_model_calls\": 0}\nNATIVE_TASK_SAMPLE {\"scenario\": \"standalone\", \"index\": 2, \"warmup\": false, \"verified\": true, \"duration_ms\": 37.50712200417183, \"status\": \"completed\", \"model_calls\": 2, \"planning_calls\": 0, \"task_count\": 1, \"reply\": \"Task creation recorded.\", \"post_return_model_calls\": 0}\nNATIVE_TASK_SAMPLE {\"scenario\": \"standalone\", \"index\": 3, \"warmup\": false, \"verified\": true, \"duration_ms\": 29.69816399854608, \"status\": \"completed\", \"model_calls\": 2, \"planning_calls\": 0, \"task_count\": 1, \"reply\": \"Task creation recorded.\", \"post_return_model_calls\": 0}\nNATIVE_TASK_SAMPLE {\"scenario\": \"standalone\", \"index\": 4, \"warmup\": false, \"verified\": true, \"duration_ms\": 48.9968189940555, \"status\": \"completed\", \"model_calls\": 2, \"planning_calls\": 0, \"task_count\": 1, \"reply\": \"Task creation recorded.\", \"post_return_model_calls\": 0}\nNATIVE_TASK_SAMPLE {\"scenario\": \"standalone\", \"index\": 5, \"warmup\": false, \"verified\": true, \"duration_ms\": 42.3434719996294, \"status\": \"completed\", \"model_calls\": 2, \"planning_calls\": 0, \"task_count\": 1, \"reply\": \"Task creation recorded.\", \"post_return_model_calls\": 0}\nNATIVE_TASK_SAMPLE {\"scenario\": \"standalone\", \"index\": 6, \"warmup\": false, \"verified\": true, \"duration_ms\": 54.318151000188664, \"status\": \"completed\", \"model_calls\": 2, \"planning_calls\": 0, \"task_count\": 1, \"reply\": \"Task creation recorded.\", \"post_return_model_calls\": 0}\nNATIVE_TASK_SAMPLE {\"scenario\": \"standalone\", \"index\": 7, \"warmup\": false, \"verified\": true, \"duration_ms\": 43.050006992416456, \"status\": \"completed\", \"model_calls\": 2, \"planning_calls\": 0, \"task_count\": 1, \"reply\": \"Task creation recorded.\", \"post_return_model_calls\": 0}\nNATIVE_TASK_SAMPLE {\"scenario\": \"standalone\", \"index\": 8, \"warmup\": false, \"verified\": true, \"duration_ms\": 34.503251998103224, \"status\": \"completed\", \"model_calls\": 2, \"planning_calls\": 0, \"task_count\": 1, \"reply\": \"Task creation recorded.\", \"post_return_model_calls\": 0}\nNATIVE_TASK_SAMPLE {\"scenario\": \"standalone\", \"index\": 9, \"warmup\": false, \"verified\": true, \"duration_ms\": 43.588588989223354, \"status\": \"completed\", \"model_calls\": 2, \"planning_calls\": 0, \"task_count\": 1, \"reply\": \"Task creation recorded.\", \"post_return_model_calls\": 0}\nNATIVE_TASK_SAMPLE {\"scenario\": \"standalone\", \"index\": 10, \"warmup\": false, \"verified\": true, \"duration_ms\": 43.821038998430595, \"status\": \"completed\", \"model_calls\": 2, \"planning_calls\": 0, \"task_count\": 1, \"reply\": \"Task creation recorded.\", \"post_return_model_calls\": 0}\nNATIVE_TASK_SAMPLE {\"scenario\": \"standalone\", \"index\": 11, \"warmup\": false, \"verified\": true, \"duration_ms\": 39.63518999808002, \"status\": \"completed\", \"model_calls\": 2, \"planning_calls\": 0, \"task_count\": 1, \"reply\": \"Task creation recorded.\", \"post_return_model_calls\": 0}\nNATIVE_TASK_SAMPLE {\"scenario\": \"standalone\", \"index\": 12, \"warmup\": false, \"verified\": true, \"duration_ms\": 31.160401995293796, \"status\": \"completed\", \"model_calls\": 2, \"planning_calls\": 0, \"task_count\": 1, \"reply\": \"Task creation recorded.\", \"post_return_model_calls\": 0}\nNATIVE_TASK_SAMPLE {\"scenario\": \"standalone\", \"index\": 13, \"warmup\": false, \"verified\": true, \"duration_ms\": 37.96651799348183, \"status\": \"completed\", \"model_calls\": 2, \"planning_calls\": 0, \"task_count\": 1, \"reply\": \"Task creation recorded.\", \"post_return_model_calls\": 0}\nNATIVE_TASK_SAMPLE {\"scenario\": \"standalone\", \"index\": 14, \"warmup\": false, \"verified\": true, \"duration_ms\": 48.06348099373281, \"status\": \"completed\", \"model_calls\": 2, \"planning_calls\": 0, \"task_count\": 1, \"reply\": \"Task creation recorded.\", \"post_return_model_calls\": 0}\nNATIVE_TASK_SAMPLE {\"scenario\": \"standalone\", \"index\": 15, \"warmup\": false, \"verified\": true, \"duration_ms\": 39.19201799726579, \"status\": \"completed\", \"model_calls\": 2, \"planning_calls\": 0, \"task_count\": 1, \"reply\": \"Task creation recorded.\", \"post_return_model_calls\": 0}\nNATIVE_TASK_SAMPLE {\"scenario\": \"standalone\", \"index\": 16, \"warmup\": false, \"verified\": true, \"duration_ms\": 35.36994800379034, \"status\": \"completed\", \"model_calls\": 2, \"planning_calls\": 0, \"task_count\": 1, \"reply\": \"Task creation recorded.\", \"post_return_model_calls\": 0}\nNATIVE_TASK_SAMPLE {\"scenario\": \"standalone\", \"index\": 17, \"warmup\": false, \"verified\": true, \"duration_ms\": 37.885205005295575, \"status\": \"completed\", \"model_calls\": 2, \"planning_calls\": 0, \"task_count\": 1, \"reply\": \"Task creation recorded.\", \"post_return_model_calls\": 0}\nNATIVE_TASK_SAMPLE {\"scenario\": \"standalone\", \"index\": 18, \"warmup\": false, \"verified\": true, \"duration_ms\": 37.621201990987174, \"status\": \"completed\", \"model_calls\": 2, \"planning_calls\": 0, \"task_count\": 1, \"reply\": \"Task creation recorded.\", \"post_return_model_calls\": 0}\nNATIVE_TASK_SAMPLE {\"scenario\": \"standalone\", \"index\": 19, \"warmup\": false, \"verified\": true, \"duration_ms\": 32.89520399994217, \"status\": \"completed\", \"model_calls\": 2, \"planning_calls\": 0, \"task_count\": 1, \"reply\": \"Task creation recorded.\", \"post_return_model_calls\": 0}\nNATIVE_TASK_SAMPLE {\"scenario\": \"standalone\", \"index\": 20, \"warmup\": false, \"verified\": true, \"duration_ms\": 46.03950900491327, \"status\": \"completed\", \"model_calls\": 2, \"planning_calls\": 0, \"task_count\": 1, \"reply\": \"Task creation recorded.\", \"post_return_model_calls\": 0}\nNATIVE_TASK_SAMPLE {\"scenario\": \"standalone\", \"index\": 21, \"warmup\": false, \"verified\": true, \"duration_ms\": 50.72341099730693, \"status\": \"completed\", \"model_calls\": 2, \"planning_calls\": 0, \"task_count\": 1, \"reply\": \"Task creation recorded.\", \"post_return_model_calls\": 0}\nNATIVE_TASK_SAMPLE {\"scenario\": \"standalone\", \"index\": 22, \"warmup\": false, \"verified\": true, \"duration_ms\": 41.65607399772853, \"status\": \"completed\", \"model_calls\": 2, \"planning_calls\": 0, \"task_count\": 1, \"reply\": \"Task creation recorded.\", \"post_return_model_calls\": 0}\nNATIVE_TASK_SAMPLE {\"scenario\": \"standalone\", \"index\": 23, \"warmup\": false, \"verified\": true, \"duration_ms\": 38.358698002411984, \"status\": \"completed\", \"model_calls\": 2, \"planning_calls\": 0, \"task_count\": 1, \"reply\": \"Task creation recorded.\", \"post_return_model_calls\": 0}\nNATIVE_TASK_SAMPLE {\"scenario\": \"standalone\", \"index\": 24, \"warmup\": false, \"verified\": true, \"duration_ms\": 37.49737699399702, \"status\": \"completed\", \"model_calls\": 2, \"planning_calls\": 0, \"task_count\": 1, \"reply\": \"Task creation recorded.\", \"post_return_model_calls\": 0}\nNATIVE_TASK_SAMPLE {\"scenario\": \"standalone\", \"index\": 25, \"warmup\": false, \"verified\": true, \"duration_ms\": 34.60693200759124, \"status\": \"completed\", \"model_calls\": 2, \"planning_calls\": 0, \"task_count\": 1, \"reply\": \"Task creation recorded.\", \"post_return_model_calls\": 0}\nNATIVE_TASK_SAMPLE {\"scenario\": \"standalone\", \"index\": 26, \"warmup\": false, \"verified\": true, \"duration_ms\": 48.12156199477613, \"status\": \"completed\", \"model_calls\": 2, \"planning_calls\": 0, \"task_count\": 1, \"reply\": \"Task creation recorded.\", \"post_return_model_calls\": 0}\nNATIVE_TASK_SAMPLE {\"scenario\": \"standalone\", \"index\": 27, \"warmup\": false, \"verified\": true, \"duration_ms\": 29.02577399800066, \"status\": \"completed\", \"model_calls\": 2, \"planning_calls\": 0, \"task_count\": 1, \"reply\": \"Task creation recorded.\", \"post_return_model_calls\": 0}\nNATIVE_TASK_SAMPLE {\"scenario\": \"standalone\", \"index\": 28, \"warmup\": false, \"verified\": true, \"duration_ms\": 24.19526199810207, \"status\": \"completed\", \"model_calls\": 2, \"planning_calls\": 0, \"task_count\": 1, \"reply\": \"Task creation recorded.\", \"post_return_model_calls\": 0}\nNATIVE_TASK_SAMPLE {\"scenario\": \"standalone\", \"index\": 29, \"warmup\": false, \"verified\": true, \"duration_ms\": 55.1111340028001, \"status\": \"completed\", \"model_calls\": 2, \"planning_calls\": 0, \"task_count\": 1, \"reply\": \"Task creation recorded.\", \"post_return_model_calls\": 0}\nNATIVE_TASK_SAMPLE {\"scenario\": \"standalone\", \"index\": 30, \"warmup\": false, \"verified\": true, \"duration_ms\": 48.54345400235616, \"status\": \"completed\", \"model_calls\": 2, \"planning_calls\": 0, \"task_count\": 1, \"reply\": \"Task creation recorded.\", \"post_return_model_calls\": 0}\nNATIVE_TASK_SAMPLE {\"scenario\": \"compound\", \"index\": 0, \"warmup\": true, \"verified\": true, \"duration_ms\": 45.88176400284283, \"status\": \"completed\", \"model_calls\": 2, \"planning_calls\": 0, \"task_count\": 1, \"reply\": \"Task creation recorded. 17 \\u00d7 19 = 323.\", \"post_return_model_calls\": 0}\nNATIVE_TASK_SAMPLE {\"scenario\": \"compound\", \"index\": 1, \"warmup\": false, \"verified\": true, \"duration_ms\": 41.718777996720746, \"status\": \"completed\", \"model_calls\": 2, \"planning_calls\": 0, \"task_count\": 1, \"reply\": \"Task creation recorded. 17 \\u00d7 19 = 323.\", \"post_return_model_calls\": 0}\nNATIVE_TASK_SAMPLE {\"scenario\": \"compound\", \"index\": 2, \"warmup\": false, \"verified\": true, \"duration_ms\": 34.67970099882223, \"status\": \"completed\", \"model_calls\": 2, \"planning_calls\": 0, \"task_count\": 1, \"reply\": \"Task creation recorded. 17 \\u00d7 19 = 323.\", \"post_return_model_calls\": 0}\nNATIVE_TASK_SAMPLE {\"scenario\": \"compound\", \"index\": 3, \"warmup\": false, \"verified\": true, \"duration_ms\": 37.329295999370515, \"status\": \"completed\", \"model_calls\": 2, \"planning_calls\": 0, \"task_count\": 1, \"reply\": \"Task creation recorded. 17 \\u00d7 19 = 323.\", \"post_return_model_calls\": 0}\nNATIVE_TASK_SAMPLE {\"scenario\": \"compound\", \"index\": 4, \"warmup\": false, \"verified\": true, \"duration_ms\": 42.061661995830946, \"status\": \"completed\", \"model_calls\": 2, \"planning_calls\": 0, \"task_count\": 1, \"reply\": \"Task creation recorded. 17 \\u00d7 19 = 323.\", \"post_return_model_calls\": 0}\nNATIVE_TASK_SAMPLE {\"scenario\": \"compound\", \"index\": 5, \"warmup\": false, \"verified\": true, \"duration_ms\": 35.1440740050748, \"status\": \"completed\", \"model_calls\": 2, \"planning_calls\": 0, \"task_count\": 1, \"reply\": \"Task creation recorded. 17 \\u00d7 19 = 323.\", \"post_return_model_calls\": 0}\nNATIVE_TASK_SAMPLE {\"scenario\": \"compound\", \"index\": 6, \"warmup\": false, \"verified\": true, \"duration_ms\": 34.04681499523576, \"status\": \"completed\", \"model_calls\": 2, \"planning_calls\": 0, \"task_count\": 1, \"reply\": \"Task creation recorded. 17 \\u00d7 19 = 323.\", \"post_return_model_calls\": 0}\nNATIVE_TASK_SAMPLE {\"scenario\": \"compound\", \"index\": 7, \"warmup\": false, \"verified\": true, \"duration_ms\": 34.53445200284477, \"status\": \"completed\", \"model_calls\": 2, \"planning_calls\": 0, \"task_count\": 1, \"reply\": \"Task creation recorded. 17 \\u00d7 19 = 323.\", \"post_return_model_calls\": 0}\nNATIVE_TASK_SAMPLE {\"scenario\": \"compound\", \"index\": 8, \"warmup\": false, \"verified\": true, \"duration_ms\": 26.028911990579218, \"status\": \"completed\", \"model_calls\": 2, \"planning_calls\": 0, \"task_count\": 1, \"reply\": \"Task creation recorded. 17 \\u00d7 19 = 323.\", \"post_return_model_calls\": 0}\nNATIVE_TASK_SAMPLE {\"scenario\": \"compound\", \"index\": 9, \"warmup\": false, \"verified\": true, \"duration_ms\": 35.69479999714531, \"status\": \"completed\", \"model_calls\": 2, \"planning_calls\": 0, \"task_count\": 1, \"reply\": \"Task creation recorded. 17 \\u00d7 19 = 323.\", \"post_return_model_calls\": 0}\nNATIVE_TASK_SAMPLE {\"scenario\": \"compound\", \"index\": 10, \"warmup\": false, \"verified\": true, \"duration_ms\": 58.234141004504636, \"status\": \"completed\", \"model_calls\": 2, \"planning_calls\": 0, \"task_count\": 1, \"reply\": \"Task creation recorded. 17 \\u00d7 19 = 323.\", \"post_return_model_calls\": 0}\nNATIVE_TASK_SAMPLE {\"scenario\": \"compound\", \"index\": 11, \"warmup\": false, \"verified\": true, \"duration_ms\": 49.250117008341476, \"status\": \"completed\", \"model_calls\": 2, \"planning_calls\": 0, \"task_count\": 1, \"reply\": \"Task creation recorded. 17 \\u00d7 19 = 323.\", \"post_return_model_calls\": 0}\nNATIVE_TASK_SAMPLE {\"scenario\": \"compound\", \"index\": 12, \"warmup\": false, \"verified\": true, \"duration_ms\": 36.7494340025587, \"status\": \"completed\", \"model_calls\": 2, \"planning_calls\": 0, \"task_count\": 1, \"reply\": \"Task creation recorded. 17 \\u00d7 19 = 323.\", \"post_return_model_calls\": 0}\nNATIVE_TASK_SAMPLE {\"scenario\": \"compound\", \"index\": 13, \"warmup\": false, \"verified\": true, \"duration_ms\": 44.01179299748037, \"status\": \"completed\", \"model_calls\": 2, \"planning_calls\": 0, \"task_count\": 1, \"reply\": \"Task creation recorded. 17 \\u00d7 19 = 323.\", \"post_return_model_calls\": 0}\nNATIVE_TASK_SAMPLE {\"scenario\": \"compound\", \"index\": 14, \"warmup\": false, \"verified\": true, \"duration_ms\": 44.2593960033264, \"status\": \"completed\", \"model_calls\": 2, \"planning_calls\": 0, \"task_count\": 1, \"reply\": \"Task creation recorded. 17 \\u00d7 19 = 323.\", \"post_return_model_calls\": 0}\nNATIVE_TASK_SAMPLE {\"scenario\": \"compound\", \"index\": 15, \"warmup\": false, \"verified\": true, \"duration_ms\": 48.14112999883946, \"status\": \"completed\", \"model_calls\": 2, \"planning_calls\": 0, \"task_count\": 1, \"reply\": \"Task creation recorded. 17 \\u00d7 19 = 323.\", \"post_return_model_calls\": 0}\nNATIVE_TASK_SAMPLE {\"scenario\": \"compound\", \"index\": 16, \"warmup\": false, \"verified\": true, \"duration_ms\": 37.24303899798542, \"status\": \"completed\", \"model_calls\": 2, \"planning_calls\": 0, \"task_count\": 1, \"reply\": \"Task creation recorded. 17 \\u00d7 19 = 323.\", \"post_return_model_calls\": 0}\nNATIVE_TASK_SAMPLE {\"scenario\": \"compound\", \"index\": 17, \"warmup\": false, \"verified\": true, \"duration_ms\": 47.30422499414999, \"status\": \"completed\", \"model_calls\": 2, \"planning_calls\": 0, \"task_count\": 1, \"reply\": \"Task creation recorded. 17 \\u00d7 19 = 323.\", \"post_return_model_calls\": 0}\nNATIVE_TASK_SAMPLE {\"scenario\": \"compound\", \"index\": 18, \"warmup\": false, \"verified\": true, \"duration_ms\": 40.151082997908816, \"status\": \"completed\", \"model_calls\": 2, \"planning_calls\": 0, \"task_count\": 1, \"reply\": \"Task creation recorded. 17 \\u00d7 19 = 323.\", \"post_return_model_calls\": 0}\nNATIVE_TASK_SAMPLE {\"scenario\": \"compound\", \"index\": 19, \"warmup\": false, \"verified\": true, \"duration_ms\": 38.87206299987156, \"status\": \"completed\", \"model_calls\": 2, \"planning_calls\": 0, \"task_count\": 1, \"reply\": \"Task creation recorded. 17 \\u00d7 19 = 323.\", \"post_return_model_calls\": 0}\nNATIVE_TASK_SAMPLE {\"scenario\": \"compound\", \"index\": 20, \"warmup\": false, \"verified\": true, \"duration_ms\": 56.106055999407545, \"status\": \"completed\", \"model_calls\": 2, \"planning_calls\": 0, \"task_count\": 1, \"reply\": \"Task creation recorded. 17 \\u00d7 19 = 323.\", \"post_return_model_calls\": 0}\nNATIVE_TASK_SAMPLE {\"scenario\": \"compound\", \"index\": 21, \"warmup\": false, \"verified\": true, \"duration_ms\": 44.79348100721836, \"status\": \"completed\", \"model_calls\": 2, \"planning_calls\": 0, \"task_count\": 1, \"reply\": \"Task creation recorded. 17 \\u00d7 19 = 323.\", \"post_return_model_calls\": 0}\nNATIVE_TASK_SAMPLE {\"scenario\": \"compound\", \"index\": 22, \"warmup\": false, \"verified\": true, \"duration_ms\": 38.035974008380435, \"status\": \"completed\", \"model_calls\": 2, \"planning_calls\": 0, \"task_count\": 1, \"reply\": \"Task creation recorded. 17 \\u00d7 19 = 323.\", \"post_return_model_calls\": 0}\nNATIVE_TASK_SAMPLE {\"scenario\": \"compound\", \"index\": 23, \"warmup\": false, \"verified\": true, \"duration_ms\": 54.311942993081175, \"status\": \"completed\", \"model_calls\": 2, \"planning_calls\": 0, \"task_count\": 1, \"reply\": \"Task creation recorded. 17 \\u00d7 19 = 323.\", \"post_return_model_calls\": 0}\nNATIVE_TASK_SAMPLE {\"scenario\": \"compound\", \"index\": 24, \"warmup\": false, \"verified\": true, \"duration_ms\": 40.89323400694411, \"status\": \"completed\", \"model_calls\": 2, \"planning_calls\": 0, \"task_count\": 1, \"reply\": \"Task creation recorded. 17 \\u00d7 19 = 323.\", \"post_return_model_calls\": 0}\nNATIVE_TASK_SAMPLE {\"scenario\": \"compound\", \"index\": 25, \"warmup\": false, \"verified\": true, \"duration_ms\": 35.21213898784481, \"status\": \"completed\", \"model_calls\": 2, \"planning_calls\": 0, \"task_count\": 1, \"reply\": \"Task creation recorded. 17 \\u00d7 19 = 323.\", \"post_return_model_calls\": 0}\nNATIVE_TASK_SAMPLE {\"scenario\": \"compound\", \"index\": 26, \"warmup\": false, \"verified\": true, \"duration_ms\": 43.246314002317376, \"status\": \"completed\", \"model_calls\": 2, \"planning_calls\": 0, \"task_count\": 1, \"reply\": \"Task creation recorded. 17 \\u00d7 19 = 323.\", \"post_return_model_calls\": 0}\nNATIVE_TASK_SAMPLE {\"scenario\": \"compound\", \"index\": 27, \"warmup\": false, \"verified\": true, \"duration_ms\": 44.87724100181367, \"status\": \"completed\", \"model_calls\": 2, \"planning_calls\": 0, \"task_count\": 1, \"reply\": \"Task creation recorded. 17 \\u00d7 19 = 323.\", \"post_return_model_calls\": 0}\nNATIVE_TASK_SAMPLE {\"scenario\": \"compound\", \"index\": 28, \"warmup\": false, \"verified\": true, \"duration_ms\": 47.435490996576846, \"status\": \"completed\", \"model_calls\": 2, \"planning_calls\": 0, \"task_count\": 1, \"reply\": \"Task creation recorded. 17 \\u00d7 19 = 323.\", \"post_return_model_calls\": 0}\nNATIVE_TASK_SAMPLE {\"scenario\": \"compound\", \"index\": 29, \"warmup\": false, \"verified\": true, \"duration_ms\": 28.10666100413073, \"status\": \"completed\", \"model_calls\": 2, \"planning_calls\": 0, \"task_count\": 1, \"reply\": \"Task creation recorded. 17 \\u00d7 19 = 323.\", \"post_return_model_calls\": 0}\nNATIVE_TASK_SAMPLE {\"scenario\": \"compound\", \"index\": 30, \"warmup\": false, \"verified\": true, \"duration_ms\": 28.259173996048048, \"status\": \"completed\", \"model_calls\": 2, \"planning_calls\": 0, \"task_count\": 1, \"reply\": \"Task creation recorded. 17 \\u00d7 19 = 323.\", \"post_return_model_calls\": 0}\n", "stderr": "Agent main runs UNRESTRICTED: it declares no role, so it resolves to 'service', which migration 107 seeds as ('*', 'allow'). RBAC evaluates this agent and permits every tool. Set `role:` in its manifest, or move the whole fleet with ROBOTHOR_DEFAULT_SERVICE_ROLE.\nAdapter 'impetus-one' unavailable (backoff 300s): Invalid Content-Length in MCP response\nAgent main declares 4 tool(s) with no registered schema/adapter route; they are silently unavailable: impetus_get, impetus_list, impetus_list_resources, impetus_search\nact-observe observe: run ae502bd9-3d39-408a-be83-54f2188719f2 would be told at its stop about 1 unobserved change(s): [SYSTEM] You have made 1 state-changing call (create_task) and have not read that source since. A response you did not inspect may have carried new information, and anything you knew about that source before you changed it is now out of date. Read it again before you write your answer.\nact-observe observe: run 8051c142-0a4e-450e-b235-57ef97178e24 would be told at its stop about 1 unobserved change(s): [SYSTEM] You have made 1 state-changing call (create_task) and have not read that source since. A response you did not inspect may have carried new information, and anything you knew about that source before you changed it is now out of date. Read it again before you write your answer.\nact-observe observe: run d286ee1c-58ff-48b5-a708-4b56347116d8 would be told at its stop about 1 unobserved change(s): [SYSTEM] You have made 1 state-changing call (create_task) and have not read that source since. A response you did not inspect may have carried new information, and anything you knew about that source before you changed it is now out of date. Read it again before you write your answer.\nact-observe observe: run 5cb47049-dc89-4513-b951-6bd2798e0193 would be told at its stop about 1 unobserved change(s): [SYSTEM] You have made 1 state-changing call (create_task) and have not read that source since. A response you did not inspect may have carried new information, and anything you knew about that source before you changed it is now out of date. Read it again before you write your answer.\nact-observe observe: run 9f7ce91a-78d0-46bf-a26f-f1e3c862bd88 would be told at its stop about 1 unobserved change(s): [SYSTEM] You have made 1 state-changing call (create_task) and have not read that source since. A response you did not inspect may have carried new information, and anything you knew about that source before you changed it is now out of date. Read it again before you write your answer.\nact-observe observe: run 7c79f7a0-6985-4493-a45d-74157d8afcd0 would be told at its stop about 1 unobserved change(s): [SYSTEM] You have made 1 state-changing call (create_task) and have not read that source since. A response you did not inspect may have carried new information, and anything you knew about that source before you changed it is now out of date. Read it again before you write your answer.\nact-observe observe: run 8eb0c8ec-92b2-4140-bf41-115b1c287aea would be told at its stop about 1 unobserved change(s): [SYSTEM] You have made 1 state-changing call (create_task) and have not read that source since. A response you did not inspect may have carried new information, and anything you knew about that source before you changed it is now out of date. Read it again before you write your answer.\nact-observe observe: run 617385b8-cebb-44f2-8d34-e30e63cba749 would be told at its stop about 1 unobserved change(s): [SYSTEM] You have made 1 state-changing call (create_task) and have not read that source since. A response you did not inspect may have carried new information, and anything you knew about that source before you changed it is now out of date. Read it again before you write your answer.\nact-observe observe: run 73df11b8-7286-4fc4-b86a-2a607adf3d3d would be told at its stop about 1 unobserved change(s): [SYSTEM] You have made 1 state-changing call (create_task) and have not read that source since. A response you did not inspect may have carried new information, and anything you knew about that source before you changed it is now out of date. Read it again before you write your answer.\nact-observe observe: run 215c719e-5c3a-49f7-903d-4e4b650276bd would be told at its stop about 1 unobserved change(s): [SYSTEM] You have made 1 state-changing call (create_task) and have not read that source since. A response you did not inspect may have carried new information, and anything you knew about that source before you changed it is now out of date. Read it again before you write your answer.\nact-observe observe: run 926549af-0d4a-4536-a411-e30eabdca41f would be told at its stop about 1 unobserved change(s): [SYSTEM] You have made 1 state-changing call (create_task) and have not read that source since. A response you did not inspect may have carried new information, and anything you knew about that source before you changed it is now out of date. Read it again before you write your answer.\nact-observe observe: run bcda0187-34ad-45bd-a408-15f7fc362eb7 would be told at its stop about 1 unobserved change(s): [SYSTEM] You have made 1 state-changing call (create_task) and have not read that source since. A response you did not inspect may have carried new information, and anything you knew about that source before you changed it is now out of date. Read it again before you write your answer.\nact-observe observe: run 452da2d7-c072-49aa-9143-4b486ad4fd6b would be told at its stop about 1 unobserved change(s): [SYSTEM] You have made 1 state-changing call (create_task) and have not read that source since. A response you did not inspect may have carried new information, and anything you knew about that source before you changed it is now out of date. Read it again before you write your answer.\nact-observe observe: run aa0a7e08-a44d-4b11-b325-2d3eda0f1090 would be told at its stop about 1 unobserved change(s): [SYSTEM] You have made 1 state-changing call (create_task) and have not read that source since. A response you did not inspect may have carried new information, and anything you knew about that source before you changed it is now out of date. Read it again before you write your answer.\nact-observe observe: run 8361bc64-51ca-4fdc-a5ef-de0ac56dca74 would be told at its stop about 1 unobserved change(s): [SYSTEM] You have made 1 state-changing call (create_task) and have not read that source since. A response you did not inspect may have carried new information, and anything you knew about that source before you changed it is now out of date. Read it again before you write your answer.\nact-observe observe: run 7f2ffa12-af0d-4703-97a7-e8037d212ee7 would be told at its stop about 1 unobserved change(s): [SYSTEM] You have made 1 state-changing call (create_task) and have not read that source since. A response you did not inspect may have carried new information, and anything you knew about that source before you changed it is now out of date. Read it again before you write your answer.\nact-observe observe: run b965c42b-4edb-4c42-a17d-7177adf9439b would be told at its stop about 1 unobserved change(s): [SYSTEM] You have made 1 state-changing call (create_task) and have not read that source since. A response you did not inspect may have carried new information, and anything you knew about that source before you changed it is now out of date. Read it again before you write your answer.\nact-observe observe: run f59e5a5f-1d3f-4981-a6df-9dbda61e12f1 would be told at its stop about 1 unobserved change(s): [SYSTEM] You have made 1 state-changing call (create_task) and have not read that source since. A response you did not inspect may have carried new information, and anything you knew about that source before you changed it is now out of date. Read it again before you write your answer.\nact-observe observe: run 7a1a642e-d956-4ddc-b240-0f21bc80b63c would be told at its stop about 1 unobserved change(s): [SYSTEM] You have made 1 state-changing call (create_task) and have not read that source since. A response you did not inspect may have carried new information, and anything you knew about that source before you changed it is now out of date. Read it again before you write your answer.\nact-observe observe: run d950fb61-8041-454b-aa33-5ff2a398dea6 would be told at its stop about 1 unobserved change(s): [SYSTEM] You have made 1 state-changing call (create_task) and have not read that source since. A response you did not inspect may have carried new information, and anything you knew about that source before you changed it is now out of date. Read it again before you write your answer.\nact-observe observe: run 8c0b04a9-4d1f-43f4-931b-2ca913d8277c would be told at its stop about 1 unobserved change(s): [SYSTEM] You have made 1 state-changing call (create_task) and have not read that source since. A response you did not inspect may have carried new information, and anything you knew about that source before you changed it is now out of date. Read it again before you write your answer.\nact-observe observe: run 32bd5ef0-5089-44e5-b87d-44c94d1ef98a would be told at its stop about 1 unobserved change(s): [SYSTEM] You have made 1 state-changing call (create_task) and have not read that source since. A response you did not inspect may have carried new information, and anything you knew about that source before you changed it is now out of date. Read it again before you write your answer.\nact-observe observe: run dd5ad910-6488-4c3b-b940-b311d96a60e8 would be told at its stop about 1 unobserved change(s): [SYSTEM] You have made 1 state-changing call (create_task) and have not read that source since. A response you did not inspect may have carried new information, and anything you knew about that source before you changed it is now out of date. Read it again before you write your answer.\nact-observe observe: run 8a0c6fd0-a282-4ddc-a752-937ce436239e would be told at its stop about 1 unobserved change(s): [SYSTEM] You have made 1 state-changing call (create_task) and have not read that source since. A response you did not inspect may have carried new information, and anything you knew about that source before you changed it is now out of date. Read it again before you write your answer.\nact-observe observe: run 7abbc7ac-0751-4311-ba88-1ede20ee1e28 would be told at its stop about 1 unobserved change(s): [SYSTEM] You have made 1 state-changing call (create_task) and have not read that source since. A response you did not inspect may have carried new information, and anything you knew about that source before you changed it is now out of date. Read it again before you write your answer.\nact-observe observe: run 7f21f53e-aa5a-430b-ba90-1eab283043c5 would be told at its stop about 1 unobserved change(s): [SYSTEM] You have made 1 state-changing call (create_task) and have not read that source since. A response you did not inspect may have carried new information, and anything you knew about that source before you changed it is now out of date. Read it again before you write your answer.\nact-observe observe: run 05ec4d4e-be6f-433d-932f-789a3c6ec153 would be told at its stop about 1 unobserved change(s): [SYSTEM] You have made 1 state-changing call (create_task) and have not read that source since. A response you did not inspect may have carried new information, and anything you knew about that source before you changed it is now out of date. Read it again before you write your answer.\nact-observe observe: run dd980a6b-0878-4b42-a07c-8dcbe180f756 would be told at its stop about 1 unobserved change(s): [SYSTEM] You have made 1 state-changing call (create_task) and have not read that source since. A response you did not inspect may have carried new information, and anything you knew about that source before you changed it is now out of date. Read it again before you write your answer.\nact-observe observe: run 59db6fb9-feb4-4fd5-8c17-45f1334eacb0 would be told at its stop about 1 unobserved change(s): [SYSTEM] You have made 1 state-changing call (create_task) and have not read that source since. A response you did not inspect may have carried new information, and anything you knew about that source before you changed it is now out of date. Read it again before you write your answer.\nact-observe observe: run c6d32c68-432c-4e19-a0d7-2df448c89e57 would be told at its stop about 1 unobserved change(s): [SYSTEM] You have made 1 state-changing call (create_task) and have not read that source since. A response you did not inspect may have carried new information, and anything you knew about that source before you changed it is now out of date. Read it again before you write your answer.\nact-observe observe: run 946542e9-4a8c-43e4-ae67-d2ef3ca05a1c would be told at its stop about 1 unobserved change(s): [SYSTEM] You have made 1 state-changing call (create_task) and have not read that source since. A response you did not inspect may have carried new information, and anything you knew about that source before you changed it is now out of date. Read it again before you write your answer.\nact-observe observe: run b868e8ff-8967-4b83-97d2-ebe2bd783578 would be told at its stop about 1 unobserved change(s): [SYSTEM] You have made 1 state-changing call (create_task) and have not read that source since. A response you did not inspect may have carried new information, and anything you knew about that source before you changed it is now out of date. Read it again before you write your answer.\nact-observe observe: run f9f6e7d5-2972-43de-98be-7260f76ab52d would be told at its stop about 1 unobserved change(s): [SYSTEM] You have made 1 state-changing call (create_task) and have not read that source since. A response you did not inspect may have carried new information, and anything you knew about that source before you changed it is now out of date. Read it again before you write your answer.\nact-observe observe: run 10d7c6e0-813e-4fce-b71e-d3af1f1e8ceb would be told at its stop about 1 unobserved change(s): [SYSTEM] You have made 1 state-changing call (create_task) and have not read that source since. A response you did not inspect may have carried new information, and anything you knew about that source before you changed it is now out of date. Read it again before you write your answer.\nact-observe observe: run 74dd89a1-5ee8-4d14-b414-7045c3a3cd38 would be told at its stop about 1 unobserved change(s): [SYSTEM] You have made 1 state-changing call (create_task) and have not read that source since. A response you did not inspect may have carried new information, and anything you knew about that source before you changed it is now out of date. Read it again before you write your answer.\nact-observe observe: run 4021ff01-c373-411b-8b21-871e01a163c6 would be told at its stop about 1 unobserved change(s): [SYSTEM] You have made 1 state-changing call (create_task) and have not read that source since. A response you did not inspect may have carried new information, and anything you knew about that source before you changed it is now out of date. Read it again before you write your answer.\nact-observe observe: run f6e5fde3-f53c-478e-92bc-6fbfef274abf would be told at its stop about 1 unobserved change(s): [SYSTEM] You have made 1 state-changing call (create_task) and have not read that source since. A response you did not inspect may have carried new information, and anything you knew about that source before you changed it is now out of date. Read it again before you write your answer.\nact-observe observe: run ccda2d8b-997c-45e0-8c9d-c884668a620f would be told at its stop about 1 unobserved change(s): [SYSTEM] You have made 1 state-changing call (create_task) and have not read that source since. A response you did not inspect may have carried new information, and anything you knew about that source before you changed it is now out of date. Read it again before you write your answer.\nact-observe observe: run d6f607c0-bf32-4cfd-bd46-467a1cc4b218 would be told at its stop about 1 unobserved change(s): [SYSTEM] You have made 1 state-changing call (create_task) and have not read that source since. A response you did not inspect may have carried new information, and anything you knew about that source before you changed it is now out of date. Read it again before you write your answer.\nact-observe observe: run f67680ef-87a0-4d9f-8d7d-f242be85b758 would be told at its stop about 1 unobserved change(s): [SYSTEM] You have made 1 state-changing call (create_task) and have not read that source since. A response you did not inspect may have carried new information, and anything you knew about that source before you changed it is now out of date. Read it again before you write your answer.\nact-observe observe: run c4738d0c-ecc4-4212-9d7f-6fee6586221c would be told at its stop about 1 unobserved change(s): [SYSTEM] You have made 1 state-changing call (create_task) and have not read that source since. A response you did not inspect may have carried new information, and anything you knew about that source before you changed it is now out of date. Read it again before you write your answer.\nact-observe observe: run fbd26b4b-a7c1-49c8-a08a-dd7357010469 would be told at its stop about 1 unobserved change(s): [SYSTEM] You have made 1 state-changing call (create_task) and have not read that source since. A response you did not inspect may have carried new information, and anything you knew about that source before you changed it is now out of date. Read it again before you write your answer.\nact-observe observe: run ccf5d795-48c8-4ada-a246-b5606bce7c96 would be told at its stop about 1 unobserved change(s): [SYSTEM] You have made 1 state-changing call (create_task) and have not read that source since. A response you did not inspect may have carried new information, and anything you knew about that source before you changed it is now out of date. Read it again before you write your answer.\nact-observe observe: run d86fa444-9474-4f68-b931-ae00245674a3 would be told at its stop about 1 unobserved change(s): [SYSTEM] You have made 1 state-changing call (create_task) and have not read that source since. A response you did not inspect may have carried new information, and anything you knew about that source before you changed it is now out of date. Read it again before you write your answer.\nact-observe observe: run 31e5aad0-5057-481d-a968-9685d0e6a481 would be told at its stop about 1 unobserved change(s): [SYSTEM] You have made 1 state-changing call (create_task) and have not read that source since. A response you did not inspect may have carried new information, and anything you knew about that source before you changed it is now out of date. Read it again before you write your answer.\nact-observe observe: run 980aedbf-30a0-48e5-9c0c-8aa9c6e88695 would be told at its stop about 1 unobserved change(s): [SYSTEM] You have made 1 state-changing call (create_task) and have not read that source since. A response you did not inspect may have carried new information, and anything you knew about that source before you changed it is now out of date. Read it again before you write your answer.\nact-observe observe: run bc61f07e-3111-496d-8fab-1a0057beefaa would be told at its stop about 1 unobserved change(s): [SYSTEM] You have made 1 state-changing call (create_task) and have not read that source since. A response you did not inspect may have carried new information, and anything you knew about that source before you changed it is now out of date. Read it again before you write your answer.\nact-observe observe: run ab826c54-a650-403c-8b34-2832239e0f8a would be told at its stop about 1 unobserved change(s): [SYSTEM] You have made 1 state-changing call (create_task) and have not read that source since. A response you did not inspect may have carried new information, and anything you knew about that source before you changed it is now out of date. Read it again before you write your answer.\nact-observe observe: run 1972500d-19c0-4810-812f-5d7b87935d13 would be told at its stop about 1 unobserved change(s): [SYSTEM] You have made 1 state-changing call (create_task) and have not read that source since. A response you did not inspect may have carried new information, and anything you knew about that source before you changed it is now out of date. Read it again before you write your answer.\nact-observe observe: run 74a59921-2edb-4a06-919d-164b24fc5afe would be told at its stop about 1 unobserved change(s): [SYSTEM] You have made 1 state-changing call (create_task) and have not read that source since. A response you did not inspect may have carried new information, and anything you knew about that source before you changed it is now out of date. Read it again before you write your answer.\nact-observe observe: run c2e380ec-7f04-42af-97f0-0242d92e3c69 would be told at its stop about 1 unobserved change(s): [SYSTEM] You have made 1 state-changing call (create_task) and have not read that source since. A response you did not inspect may have carried new information, and anything you knew about that source before you changed it is now out of date. Read it again before you write your answer.\nact-observe observe: run 67a0f8e7-bb6e-406c-8694-482818621895 would be told at its stop about 1 unobserved change(s): [SYSTEM] You have made 1 state-changing call (create_task) and have not read that source since. A response you did not inspect may have carried new information, and anything you knew about that source before you changed it is now out of date. Read it again before you write your answer.\nact-observe observe: run e08fc470-9401-47c6-9286-e6c68d5d480f would be told at its stop about 1 unobserved change(s): [SYSTEM] You have made 1 state-changing call (create_task) and have not read that source since. A response you did not inspect may have carried new information, and anything you knew about that source before you changed it is now out of date. Read it again before you write your answer.\nact-observe observe: run 20b81d27-7359-40ae-b136-09e4d50bd103 would be told at its stop about 1 unobserved change(s): [SYSTEM] You have made 1 state-changing call (create_task) and have not read that source since. A response you did not inspect may have carried new information, and anything you knew about that source before you changed it is now out of date. Read it again before you write your answer.\nact-observe observe: run 306e5f7f-e5e6-42b2-9459-092b2523a01d would be told at its stop about 1 unobserved change(s): [SYSTEM] You have made 1 state-changing call (create_task) and have not read that source since. A response you did not inspect may have carried new information, and anything you knew about that source before you changed it is now out of date. Read it again before you write your answer.\nact-observe observe: run 0d530021-f276-4ebd-80b6-13509c31c42e would be told at its stop about 1 unobserved change(s): [SYSTEM] You have made 1 state-changing call (create_task) and have not read that source since. A response you did not inspect may have carried new information, and anything you knew about that source before you changed it is now out of date. Read it again before you write your answer.\nact-observe observe: run 513970c8-e968-4821-9758-7ecb74659ad3 would be told at its stop about 1 unobserved change(s): [SYSTEM] You have made 1 state-changing call (create_task) and have not read that source since. A response you did not inspect may have carried new information, and anything you knew about that source before you changed it is now out of date. Read it again before you write your answer.\nact-observe observe: run c557738e-c34a-4ce8-857b-c4ae03d5ccfb would be told at its stop about 1 unobserved change(s): [SYSTEM] You have made 1 state-changing call (create_task) and have not read that source since. A response you did not inspect may have carried new information, and anything you knew about that source before you changed it is now out of date. Read it again before you write your answer.\nact-observe observe: run 461b0f26-2259-4db0-bd05-b00cfaae2a45 would be told at its stop about 1 unobserved change(s): [SYSTEM] You have made 1 state-changing call (create_task) and have not read that source since. A response you did not inspect may have carried new information, and anything you knew about that source before you changed it is now out of date. Read it again before you write your answer.\nact-observe observe: run a16540b0-a966-4bd1-840e-cda4dca9d26f would be told at its stop about 1 unobserved change(s): [SYSTEM] You have made 1 state-changing call (create_task) and have not read that source since. A response you did not inspect may have carried new information, and anything you knew about that source before you changed it is now out of date. Read it again before you write your answer.\nact-observe observe: run c3164a92-7bc7-4eda-951b-c61e2d8aeb76 would be told at its stop about 1 unobserved change(s): [SYSTEM] You have made 1 state-changing call (create_task) and have not read that source since. A response you did not inspect may have carried new information, and anything you knew about that source before you changed it is now out of date. Read it again before you write your answer.\nact-observe observe: run 2526e974-2b1b-4db8-b4da-cb47357a688c would be told at its stop about 1 unobserved change(s): [SYSTEM] You have made 1 state-changing call (create_task) and have not read that source since. A response you did not inspect may have carried new information, and anything you knew about that source before you changed it is now out of date. Read it again before you write your answer.\n", "exit_code": 0}
NATIVE_TASK_COMPARISON {"baseline_revision": "eea3252b1577e3f51e6d6a6216d6f242fd7ac4a1", "current_revision": "e19fa8bfc5def76812d73f55fdada87fefdaea69", "measurements": {"baseline": {"exit_code": 0, "samples": [{"scenario": "standalone", "index": 0, "warmup": true, "verified": true, "duration_ms": 336.25962799123954, "status": "completed", "model_calls": 2, "planning_calls": 1, "task_count": 1, "reply": "Task creation recorded.", "post_return_model_calls": 0}, {"scenario": "standalone", "index": 1, "warmup": false, "verified": true, "duration_ms": 74.26391499757301, "status": "completed", "model_calls": 2, "planning_calls": 1, "task_count": 1, "reply": "Task creation recorded.", "post_return_model_calls": 0}, {"scenario": "standalone", "index": 2, "warmup": false, "verified": true, "duration_ms": 106.29306100599933, "status": "completed", "model_calls": 2, "planning_calls": 1, "task_count": 1, "reply": "Task creation recorded.", "post_return_model_calls": 0}, {"scenario": "standalone", "index": 3, "warmup": false, "verified": true, "duration_ms": 121.5259309974499, "status": "completed", "model_calls": 2, "planning_calls": 1, "task_count": 1, "reply": "Task creation recorded.", "post_return_model_calls": 0}, {"scenario": "standalone", "index": 4, "warmup": false, "verified": true, "duration_ms": 61.43558099574875, "status": "completed", "model_calls": 2, "planning_calls": 1, "task_count": 1, "reply": "Task creation recorded.", "post_return_model_calls": 0}, {"scenario": "standalone", "index": 5, "warmup": false, "verified": true, "duration_ms": 98.16178100300021, "status": "completed", "model_calls": 2, "planning_calls": 1, "task_count": 1, "reply": "Task creation recorded.", "post_return_model_calls": 0}, {"scenario": "standalone", "index": 6, "warmup": false, "verified": true, "duration_ms": 79.01567399676424, "status": "completed", "model_calls": 2, "planning_calls": 1, "task_count": 1, "reply": "Task creation recorded.", "post_return_model_calls": 0}, {"scenario": "standalone", "index": 7, "warmup": false, "verified": true, "duration_ms": 111.09661299269646, "status": "completed", "model_calls": 2, "planning_calls": 1, "task_count": 1, "reply": "Task creation recorded.", "post_return_model_calls": 0}, {"scenario": "standalone", "index": 8, "warmup": false, "verified": true, "duration_ms": 101.8366979988059, "status": "completed", "model_calls": 2, "planning_calls": 1, "task_count": 1, "reply": "Task creation recorded.", "post_return_model_calls": 0}, {"scenario": "standalone", "index": 9, "warmup": false, "verified": true, "duration_ms": 86.38430599239655, "status": "completed", "model_calls": 2, "planning_calls": 1, "task_count": 1, "reply": "Task creation recorded.", "post_return_model_calls": 0}, {"scenario": "standalone", "index": 10, "warmup": false, "verified": true, "duration_ms": 79.4431170070311, "status": "completed", "model_calls": 2, "planning_calls": 1, "task_count": 1, "reply": "Task creation recorded.", "post_return_model_calls": 0}, {"scenario": "standalone", "index": 11, "warmup": false, "verified": true, "duration_ms": 108.81801499635912, "status": "completed", "model_calls": 2, "planning_calls": 1, "task_count": 1, "reply": "Task creation recorded.", "post_return_model_calls": 0}, {"scenario": "standalone", "index": 12, "warmup": false, "verified": true, "duration_ms": 87.18064999266062, "status": "completed", "model_calls": 2, "planning_calls": 1, "task_count": 1, "reply": "Task creation recorded.", "post_return_model_calls": 0}, {"scenario": "standalone", "index": 13, "warmup": false, "verified": true, "duration_ms": 54.96607699024025, "status": "completed", "model_calls": 2, "planning_calls": 1, "task_count": 1, "reply": "Task creation recorded.", "post_return_model_calls": 0}, {"scenario": "standalone", "index": 14, "warmup": false, "verified": true, "duration_ms": 83.72296701418236, "status": "completed", "model_calls": 2, "planning_calls": 1, "task_count": 1, "reply": "Task creation recorded.", "post_return_model_calls": 0}, {"scenario": "standalone", "index": 15, "warmup": false, "verified": true, "duration_ms": 106.97582100692671, "status": "completed", "model_calls": 2, "planning_calls": 1, "task_count": 1, "reply": "Task creation recorded.", "post_return_model_calls": 0}, {"scenario": "standalone", "index": 16, "warmup": false, "verified": true, "duration_ms": 82.71481399424374, "status": "completed", "model_calls": 2, "planning_calls": 1, "task_count": 1, "reply": "Task creation recorded.", "post_return_model_calls": 0}, {"scenario": "standalone", "index": 17, "warmup": false, "verified": true, "duration_ms": 85.6692589877639, "status": "completed", "model_calls": 2, "planning_calls": 1, "task_count": 1, "reply": "Task creation recorded.", "post_return_model_calls": 0}, {"scenario": "standalone", "index": 18, "warmup": false, "verified": true, "duration_ms": 104.86167200724594, "status": "completed", "model_calls": 2, "planning_calls": 1, "task_count": 1, "reply": "Task creation recorded.", "post_return_model_calls": 0}, {"scenario": "standalone", "index": 19, "warmup": false, "verified": true, "duration_ms": 59.12139700376429, "status": "completed", "model_calls": 2, "planning_calls": 1, "task_count": 1, "reply": "Task creation recorded.", "post_return_model_calls": 0}, {"scenario": "standalone", "index": 20, "warmup": false, "verified": true, "duration_ms": 84.44295900699217, "status": "completed", "model_calls": 2, "planning_calls": 1, "task_count": 1, "reply": "Task creation recorded.", "post_return_model_calls": 0}, {"scenario": "standalone", "index": 21, "warmup": false, "verified": true, "duration_ms": 82.37972200731747, "status": "completed", "model_calls": 2, "planning_calls": 1, "task_count": 1, "reply": "Task creation recorded.", "post_return_model_calls": 0}, {"scenario": "standalone", "index": 22, "warmup": false, "verified": true, "duration_ms": 137.62132200645283, "status": "completed", "model_calls": 2, "planning_calls": 1, "task_count": 1, "reply": "Task creation recorded.", "post_return_model_calls": 0}, {"scenario": "standalone", "index": 23, "warmup": false, "verified": true, "duration_ms": 110.27650900359731, "status": "completed", "model_calls": 2, "planning_calls": 1, "task_count": 1, "reply": "Task creation recorded.", "post_return_model_calls": 0}, {"scenario": "standalone", "index": 24, "warmup": false, "verified": true, "duration_ms": 119.50333601271268, "status": "completed", "model_calls": 2, "planning_calls": 1, "task_count": 1, "reply": "Task creation recorded.", "post_return_model_calls": 0}, {"scenario": "standalone", "index": 25, "warmup": false, "verified": true, "duration_ms": 54.60503300128039, "status": "completed", "model_calls": 2, "planning_calls": 1, "task_count": 1, "reply": "Task creation recorded.", "post_return_model_calls": 0}, {"scenario": "standalone", "index": 26, "warmup": false, "verified": true, "duration_ms": 134.99232100730296, "status": "completed", "model_calls": 2, "planning_calls": 1, "task_count": 1, "reply": "Task creation recorded.", "post_return_model_calls": 0}, {"scenario": "standalone", "index": 27, "warmup": false, "verified": true, "duration_ms": 58.42878299881704, "status": "completed", "model_calls": 2, "planning_calls": 1, "task_count": 1, "reply": "Task creation recorded.", "post_return_model_calls": 0}, {"scenario": "standalone", "index": 28, "warmup": false, "verified": true, "duration_ms": 58.06671500613447, "status": "completed", "model_calls": 2, "planning_calls": 1, "task_count": 1, "reply": "Task creation recorded.", "post_return_model_calls": 0}, {"scenario": "standalone", "index": 29, "warmup": false, "verified": true, "duration_ms": 60.20622400683351, "status": "completed", "model_calls": 2, "planning_calls": 1, "task_count": 1, "reply": "Task creation recorded.", "post_return_model_calls": 0}, {"scenario": "standalone", "index": 30, "warmup": false, "verified": true, "duration_ms": 57.1466740075266, "status": "completed", "model_calls": 2, "planning_calls": 1, "task_count": 1, "reply": "Task creation recorded.", "post_return_model_calls": 0}, {"scenario": "compound", "index": 0, "warmup": true, "verified": true, "duration_ms": 128.5268490028102, "status": "completed", "model_calls": 2, "planning_calls": 1, "task_count": 1, "reply": "Task creation recorded. 17 \u00d7 19 = 323.", "post_return_model_calls": 0}, {"scenario": "compound", "index": 1, "warmup": false, "verified": true, "duration_ms": 86.82174999557901, "status": "completed", "model_calls": 2, "planning_calls": 1, "task_count": 1, "reply": "Task creation recorded. 17 \u00d7 19 = 323.", "post_return_model_calls": 0}, {"scenario": "compound", "index": 2, "warmup": false, "verified": true, "duration_ms": 128.41828700038604, "status": "completed", "model_calls": 2, "planning_calls": 1, "task_count": 1, "reply": "Task creation recorded. 17 \u00d7 19 = 323.", "post_return_model_calls": 0}, {"scenario": "compound", "index": 3, "warmup": false, "verified": true, "duration_ms": 131.07874599518254, "status": "completed", "model_calls": 2, "planning_calls": 1, "task_count": 1, "reply": "Task creation recorded. 17 \u00d7 19 = 323.", "post_return_model_calls": 0}, {"scenario": "compound", "index": 4, "warmup": false, "verified": true, "duration_ms": 56.179976993007585, "status": "completed", "model_calls": 2, "planning_calls": 1, "task_count": 1, "reply": "Task creation recorded. 17 \u00d7 19 = 323.", "post_return_model_calls": 0}, {"scenario": "compound", "index": 5, "warmup": false, "verified": true, "duration_ms": 64.5244269981049, "status": "completed", "model_calls": 2, "planning_calls": 1, "task_count": 1, "reply": "Task creation recorded. 17 \u00d7 19 = 323.", "post_return_model_calls": 0}, {"scenario": "compound", "index": 6, "warmup": false, "verified": true, "duration_ms": 62.16857999970671, "status": "completed", "model_calls": 2, "planning_calls": 1, "task_count": 1, "reply": "Task creation recorded. 17 \u00d7 19 = 323.", "post_return_model_calls": 0}, {"scenario": "compound", "index": 7, "warmup": false, "verified": true, "duration_ms": 123.69760099682026, "status": "completed", "model_calls": 2, "planning_calls": 1, "task_count": 1, "reply": "Task creation recorded. 17 \u00d7 19 = 323.", "post_return_model_calls": 0}, {"scenario": "compound", "index": 8, "warmup": false, "verified": true, "duration_ms": 119.8055950080743, "status": "completed", "model_calls": 2, "planning_calls": 1, "task_count": 1, "reply": "Task creation recorded. 17 \u00d7 19 = 323.", "post_return_model_calls": 0}, {"scenario": "compound", "index": 9, "warmup": false, "verified": true, "duration_ms": 120.00050900678616, "status": "completed", "model_calls": 2, "planning_calls": 1, "task_count": 1, "reply": "Task creation recorded. 17 \u00d7 19 = 323.", "post_return_model_calls": 0}, {"scenario": "compound", "index": 10, "warmup": false, "verified": true, "duration_ms": 114.21074000827502, "status": "completed", "model_calls": 2, "planning_calls": 1, "task_count": 1, "reply": "Task creation recorded. 17 \u00d7 19 = 323.", "post_return_model_calls": 0}, {"scenario": "compound", "index": 11, "warmup": false, "verified": true, "duration_ms": 56.588589010061696, "status": "completed", "model_calls": 2, "planning_calls": 1, "task_count": 1, "reply": "Task creation recorded. 17 \u00d7 19 = 323.", "post_return_model_calls": 0}, {"scenario": "compound", "index": 12, "warmup": false, "verified": true, "duration_ms": 60.44457899406552, "status": "completed", "model_calls": 2, "planning_calls": 1, "task_count": 1, "reply": "Task creation recorded. 17 \u00d7 19 = 323.", "post_return_model_calls": 0}, {"scenario": "compound", "index": 13, "warmup": false, "verified": true, "duration_ms": 59.69257099786773, "status": "completed", "model_calls": 2, "planning_calls": 1, "task_count": 1, "reply": "Task creation recorded. 17 \u00d7 19 = 323.", "post_return_model_calls": 0}, {"scenario": "compound", "index": 14, "warmup": false, "verified": true, "duration_ms": 57.21920300857164, "status": "completed", "model_calls": 2, "planning_calls": 1, "task_count": 1, "reply": "Task creation recorded. 17 \u00d7 19 = 323.", "post_return_model_calls": 0}, {"scenario": "compound", "index": 15, "warmup": false, "verified": true, "duration_ms": 128.228109999327, "status": "completed", "model_calls": 2, "planning_calls": 1, "task_count": 1, "reply": "Task creation recorded. 17 \u00d7 19 = 323.", "post_return_model_calls": 0}, {"scenario": "compound", "index": 16, "warmup": false, "verified": true, "duration_ms": 66.95846699585672, "status": "completed", "model_calls": 2, "planning_calls": 1, "task_count": 1, "reply": "Task creation recorded. 17 \u00d7 19 = 323.", "post_return_model_calls": 0}, {"scenario": "compound", "index": 17, "warmup": false, "verified": true, "duration_ms": 86.28200100793038, "status": "completed", "model_calls": 2, "planning_calls": 1, "task_count": 1, "reply": "Task creation recorded. 17 \u00d7 19 = 323.", "post_return_model_calls": 0}, {"scenario": "compound", "index": 18, "warmup": false, "verified": true, "duration_ms": 81.95830999466125, "status": "completed", "model_calls": 2, "planning_calls": 1, "task_count": 1, "reply": "Task creation recorded. 17 \u00d7 19 = 323.", "post_return_model_calls": 0}, {"scenario": "compound", "index": 19, "warmup": false, "verified": true, "duration_ms": 128.21306999830995, "status": "completed", "model_calls": 2, "planning_calls": 1, "task_count": 1, "reply": "Task creation recorded. 17 \u00d7 19 = 323.", "post_return_model_calls": 0}, {"scenario": "compound", "index": 20, "warmup": false, "verified": true, "duration_ms": 54.18629400082864, "status": "completed", "model_calls": 2, "planning_calls": 1, "task_count": 1, "reply": "Task creation recorded. 17 \u00d7 19 = 323.", "post_return_model_calls": 0}, {"scenario": "compound", "index": 21, "warmup": false, "verified": true, "duration_ms": 61.26421899534762, "status": "completed", "model_calls": 2, "planning_calls": 1, "task_count": 1, "reply": "Task creation recorded. 17 \u00d7 19 = 323.", "post_return_model_calls": 0}, {"scenario": "compound", "index": 22, "warmup": false, "verified": true, "duration_ms": 135.78685600077733, "status": "completed", "model_calls": 2, "planning_calls": 1, "task_count": 1, "reply": "Task creation recorded. 17 \u00d7 19 = 323.", "post_return_model_calls": 0}, {"scenario": "compound", "index": 23, "warmup": false, "verified": true, "duration_ms": 59.09597300342284, "status": "completed", "model_calls": 2, "planning_calls": 1, "task_count": 1, "reply": "Task creation recorded. 17 \u00d7 19 = 323.", "post_return_model_calls": 0}, {"scenario": "compound", "index": 24, "warmup": false, "verified": true, "duration_ms": 133.6873639957048, "status": "completed", "model_calls": 2, "planning_calls": 1, "task_count": 1, "reply": "Task creation recorded. 17 \u00d7 19 = 323.", "post_return_model_calls": 0}, {"scenario": "compound", "index": 25, "warmup": false, "verified": true, "duration_ms": 58.72155399993062, "status": "completed", "model_calls": 2, "planning_calls": 1, "task_count": 1, "reply": "Task creation recorded. 17 \u00d7 19 = 323.", "post_return_model_calls": 0}, {"scenario": "compound", "index": 26, "warmup": false, "verified": true, "duration_ms": 59.013460006099194, "status": "completed", "model_calls": 2, "planning_calls": 1, "task_count": 1, "reply": "Task creation recorded. 17 \u00d7 19 = 323.", "post_return_model_calls": 0}, {"scenario": "compound", "index": 27, "warmup": false, "verified": true, "duration_ms": 62.55674400017597, "status": "completed", "model_calls": 2, "planning_calls": 1, "task_count": 1, "reply": "Task creation recorded. 17 \u00d7 19 = 323.", "post_return_model_calls": 0}, {"scenario": "compound", "index": 28, "warmup": false, "verified": true, "duration_ms": 65.30750700039789, "status": "completed", "model_calls": 2, "planning_calls": 1, "task_count": 1, "reply": "Task creation recorded. 17 \u00d7 19 = 323.", "post_return_model_calls": 0}, {"scenario": "compound", "index": 29, "warmup": false, "verified": true, "duration_ms": 78.8175269990461, "status": "completed", "model_calls": 2, "planning_calls": 1, "task_count": 1, "reply": "Task creation recorded. 17 \u00d7 19 = 323.", "post_return_model_calls": 0}, {"scenario": "compound", "index": 30, "warmup": false, "verified": true, "duration_ms": 120.87323800369631, "status": "completed", "model_calls": 2, "planning_calls": 1, "task_count": 1, "reply": "Task creation recorded. 17 \u00d7 19 = 323.", "post_return_model_calls": 0}], "configuration": {"profile": "selected_main", "primary": "openrouter/deepseek/deepseek-v4.1-flash", "fallbacks": ["openrouter/xiaomi/mimo-v2.5", "openrouter/deepseek/deepseek-v4-flash", "ollama_chat/qwen3.8:27b"], "tools_allowed": 104, "planning_enabled": false, "difficulty_class": "", "task_protocol": true}, "not_finished": 0, "scenarios": {"standalone": {"samples": 30, "p50": 84.44295900699217, "p95": 134.99232100730296, "p95_ci95": [111.09661299269646, 137.62132200645283]}, "compound": {"samples": 30, "p50": 66.95846699585672, "p95": 133.6873639957048, "p95_ci95": [128.228109999327, 135.78685600077733]}}}, "current": {"exit_code": 0, "samples": [{"scenario": "standalone", "index": 0, "warmup": true, "verified": true, "duration_ms": 258.12511700496543, "status": "completed", "model_calls": 2, "planning_calls": 0, "task_count": 1, "reply": "Task creation recorded.", "post_return_model_calls": 0}, {"scenario": "standalone", "index": 1, "warmup": false, "verified": true, "duration_ms": 34.13883199391421, "status": "completed", "model_calls": 2, "planning_calls": 0, "task_count": 1, "reply": "Task creation recorded.", "post_return_model_calls": 0}, {"scenario": "standalone", "index": 2, "warmup": false, "verified": true, "duration_ms": 37.50712200417183, "status": "completed", "model_calls": 2, "planning_calls": 0, "task_count": 1, "reply": "Task creation recorded.", "post_return_model_calls": 0}, {"scenario": "standalone", "index": 3, "warmup": false, "verified": true, "duration_ms": 29.69816399854608, "status": "completed", "model_calls": 2, "planning_calls": 0, "task_count": 1, "reply": "Task creation recorded.", "post_return_model_calls": 0}, {"scenario": "standalone", "index": 4, "warmup": false, "verified": true, "duration_ms": 48.9968189940555, "status": "completed", "model_calls": 2, "planning_calls": 0, "task_count": 1, "reply": "Task creation recorded.", "post_return_model_calls": 0}, {"scenario": "standalone", "index": 5, "warmup": false, "verified": true, "duration_ms": 42.3434719996294, "status": "completed", "model_calls": 2, "planning_calls": 0, "task_count": 1, "reply": "Task creation recorded.", "post_return_model_calls": 0}, {"scenario": "standalone", "index": 6, "warmup": false, "verified": true, "duration_ms": 54.318151000188664, "status": "completed", "model_calls": 2, "planning_calls": 0, "task_count": 1, "reply": "Task creation recorded.", "post_return_model_calls": 0}, {"scenario": "standalone", "index": 7, "warmup": false, "verified": true, "duration_ms": 43.050006992416456, "status": "completed", "model_calls": 2, "planning_calls": 0, "task_count": 1, "reply": "Task creation recorded.", "post_return_model_calls": 0}, {"scenario": "standalone", "index": 8, "warmup": false, "verified": true, "duration_ms": 34.503251998103224, "status": "completed", "model_calls": 2, "planning_calls": 0, "task_count": 1, "reply": "Task creation recorded.", "post_return_model_calls": 0}, {"scenario": "standalone", "index": 9, "warmup": false, "verified": true, "duration_ms": 43.588588989223354, "status": "completed", "model_calls": 2, "planning_calls": 0, "task_count": 1, "reply": "Task creation recorded.", "post_return_model_calls": 0}, {"scenario": "standalone", "index": 10, "warmup": false, "verified": true, "duration_ms": 43.821038998430595, "status": "completed", "model_calls": 2, "planning_calls": 0, "task_count": 1, "reply": "Task creation recorded.", "post_return_model_calls": 0}, {"scenario": "standalone", "index": 11, "warmup": false, "verified": true, "duration_ms": 39.63518999808002, "status": "completed", "model_calls": 2, "planning_calls": 0, "task_count": 1, "reply": "Task creation recorded.", "post_return_model_calls": 0}, {"scenario": "standalone", "index": 12, "warmup": false, "verified": true, "duration_ms": 31.160401995293796, "status": "completed", "model_calls": 2, "planning_calls": 0, "task_count": 1, "reply": "Task creation recorded.", "post_return_model_calls": 0}, {"scenario": "standalone", "index": 13, "warmup": false, "verified": true, "duration_ms": 37.96651799348183, "status": "completed", "model_calls": 2, "planning_calls": 0, "task_count": 1, "reply": "Task creation recorded.", "post_return_model_calls": 0}, {"scenario": "standalone", "index": 14, "warmup": false, "verified": true, "duration_ms": 48.06348099373281, "status": "completed", "model_calls": 2, "planning_calls": 0, "task_count": 1, "reply": "Task creation recorded.", "post_return_model_calls": 0}, {"scenario": "standalone", "index": 15, "warmup": false, "verified": true, "duration_ms": 39.19201799726579, "status": "completed", "model_calls": 2, "planning_calls": 0, "task_count": 1, "reply": "Task creation recorded.", "post_return_model_calls": 0}, {"scenario": "standalone", "index": 16, "warmup": false, "verified": true, "duration_ms": 35.36994800379034, "status": "completed", "model_calls": 2, "planning_calls": 0, "task_count": 1, "reply": "Task creation recorded.", "post_return_model_calls": 0}, {"scenario": "standalone", "index": 17, "warmup": false, "verified": true, "duration_ms": 37.885205005295575, "status": "completed", "model_calls": 2, "planning_calls": 0, "task_count": 1, "reply": "Task creation recorded.", "post_return_model_calls": 0}, {"scenario": "standalone", "index": 18, "warmup": false, "verified": true, "duration_ms": 37.621201990987174, "status": "completed", "model_calls": 2, "planning_calls": 0, "task_count": 1, "reply": "Task creation recorded.", "post_return_model_calls": 0}, {"scenario": "standalone", "index": 19, "warmup": false, "verified": true, "duration_ms": 32.89520399994217, "status": "completed", "model_calls": 2, "planning_calls": 0, "task_count": 1, "reply": "Task creation recorded.", "post_return_model_calls": 0}, {"scenario": "standalone", "index": 20, "warmup": false, "verified": true, "duration_ms": 46.03950900491327, "status": "completed", "model_calls": 2, "planning_calls": 0, "task_count": 1, "reply": "Task creation recorded.", "post_return_model_calls": 0}, {"scenario": "standalone", "index": 21, "warmup": false, "verified": true, "duration_ms": 50.72341099730693, "status": "completed", "model_calls": 2, "planning_calls": 0, "task_count": 1, "reply": "Task creation recorded.", "post_return_model_calls": 0}, {"scenario": "standalone", "index": 22, "warmup": false, "verified": true, "duration_ms": 41.65607399772853, "status": "completed", "model_calls": 2, "planning_calls": 0, "task_count": 1, "reply": "Task creation recorded.", "post_return_model_calls": 0}, {"scenario": "standalone", "index": 23, "warmup": false, "verified": true, "duration_ms": 38.358698002411984, "status": "completed", "model_calls": 2, "planning_calls": 0, "task_count": 1, "reply": "Task creation recorded.", "post_return_model_calls": 0}, {"scenario": "standalone", "index": 24, "warmup": false, "verified": true, "duration_ms": 37.49737699399702, "status": "completed", "model_calls": 2, "planning_calls": 0, "task_count": 1, "reply": "Task creation recorded.", "post_return_model_calls": 0}, {"scenario": "standalone", "index": 25, "warmup": false, "verified": true, "duration_ms": 34.60693200759124, "status": "completed", "model_calls": 2, "planning_calls": 0, "task_count": 1, "reply": "Task creation recorded.", "post_return_model_calls": 0}, {"scenario": "standalone", "index": 26, "warmup": false, "verified": true, "duration_ms": 48.12156199477613, "status": "completed", "model_calls": 2, "planning_calls": 0, "task_count": 1, "reply": "Task creation recorded.", "post_return_model_calls": 0}, {"scenario": "standalone", "index": 27, "warmup": false, "verified": true, "duration_ms": 29.02577399800066, "status": "completed", "model_calls": 2, "planning_calls": 0, "task_count": 1, "reply": "Task creation recorded.", "post_return_model_calls": 0}, {"scenario": "standalone", "index": 28, "warmup": false, "verified": true, "duration_ms": 24.19526199810207, "status": "completed", "model_calls": 2, "planning_calls": 0, "task_count": 1, "reply": "Task creation recorded.", "post_return_model_calls": 0}, {"scenario": "standalone", "index": 29, "warmup": false, "verified": true, "duration_ms": 55.1111340028001, "status": "completed", "model_calls": 2, "planning_calls": 0, "task_count": 1, "reply": "Task creation recorded.", "post_return_model_calls": 0}, {"scenario": "standalone", "index": 30, "warmup": false, "verified": true, "duration_ms": 48.54345400235616, "status": "completed", "model_calls": 2, "planning_calls": 0, "task_count": 1, "reply": "Task creation recorded.", "post_return_model_calls": 0}, {"scenario": "compound", "index": 0, "warmup": true, "verified": true, "duration_ms": 45.88176400284283, "status": "completed", "model_calls": 2, "planning_calls": 0, "task_count": 1, "reply": "Task creation recorded. 17 \u00d7 19 = 323.", "post_return_model_calls": 0}, {"scenario": "compound", "index": 1, "warmup": false, "verified": true, "duration_ms": 41.718777996720746, "status": "completed", "model_calls": 2, "planning_calls": 0, "task_count": 1, "reply": "Task creation recorded. 17 \u00d7 19 = 323.", "post_return_model_calls": 0}, {"scenario": "compound", "index": 2, "warmup": false, "verified": true, "duration_ms": 34.67970099882223, "status": "completed", "model_calls": 2, "planning_calls": 0, "task_count": 1, "reply": "Task creation recorded. 17 \u00d7 19 = 323.", "post_return_model_calls": 0}, {"scenario": "compound", "index": 3, "warmup": false, "verified": true, "duration_ms": 37.329295999370515, "status": "completed", "model_calls": 2, "planning_calls": 0, "task_count": 1, "reply": "Task creation recorded. 17 \u00d7 19 = 323.", "post_return_model_calls": 0}, {"scenario": "compound", "index": 4, "warmup": false, "verified": true, "duration_ms": 42.061661995830946, "status": "completed", "model_calls": 2, "planning_calls": 0, "task_count": 1, "reply": "Task creation recorded. 17 \u00d7 19 = 323.", "post_return_model_calls": 0}, {"scenario": "compound", "index": 5, "warmup": false, "verified": true, "duration_ms": 35.1440740050748, "status": "completed", "model_calls": 2, "planning_calls": 0, "task_count": 1, "reply": "Task creation recorded. 17 \u00d7 19 = 323.", "post_return_model_calls": 0}, {"scenario": "compound", "index": 6, "warmup": false, "verified": true, "duration_ms": 34.04681499523576, "status": "completed", "model_calls": 2, "planning_calls": 0, "task_count": 1, "reply": "Task creation recorded. 17 \u00d7 19 = 323.", "post_return_model_calls": 0}, {"scenario": "compound", "index": 7, "warmup": false, "verified": true, "duration_ms": 34.53445200284477, "status": "completed", "model_calls": 2, "planning_calls": 0, "task_count": 1, "reply": "Task creation recorded. 17 \u00d7 19 = 323.", "post_return_model_calls": 0}, {"scenario": "compound", "index": 8, "warmup": false, "verified": true, "duration_ms": 26.028911990579218, "status": "completed", "model_calls": 2, "planning_calls": 0, "task_count": 1, "reply": "Task creation recorded. 17 \u00d7 19 = 323.", "post_return_model_calls": 0}, {"scenario": "compound", "index": 9, "warmup": false, "verified": true, "duration_ms": 35.69479999714531, "status": "completed", "model_calls": 2, "planning_calls": 0, "task_count": 1, "reply": "Task creation recorded. 17 \u00d7 19 = 323.", "post_return_model_calls": 0}, {"scenario": "compound", "index": 10, "warmup": false, "verified": true, "duration_ms": 58.234141004504636, "status": "completed", "model_calls": 2, "planning_calls": 0, "task_count": 1, "reply": "Task creation recorded. 17 \u00d7 19 = 323.", "post_return_model_calls": 0}, {"scenario": "compound", "index": 11, "warmup": false, "verified": true, "duration_ms": 49.250117008341476, "status": "completed", "model_calls": 2, "planning_calls": 0, "task_count": 1, "reply": "Task creation recorded. 17 \u00d7 19 = 323.", "post_return_model_calls": 0}, {"scenario": "compound", "index": 12, "warmup": false, "verified": true, "duration_ms": 36.7494340025587, "status": "completed", "model_calls": 2, "planning_calls": 0, "task_count": 1, "reply": "Task creation recorded. 17 \u00d7 19 = 323.", "post_return_model_calls": 0}, {"scenario": "compound", "index": 13, "warmup": false, "verified": true, "duration_ms": 44.01179299748037, "status": "completed", "model_calls": 2, "planning_calls": 0, "task_count": 1, "reply": "Task creation recorded. 17 \u00d7 19 = 323.", "post_return_model_calls": 0}, {"scenario": "compound", "index": 14, "warmup": false, "verified": true, "duration_ms": 44.2593960033264, "status": "completed", "model_calls": 2, "planning_calls": 0, "task_count": 1, "reply": "Task creation recorded. 17 \u00d7 19 = 323.", "post_return_model_calls": 0}, {"scenario": "compound", "index": 15, "warmup": false, "verified": true, "duration_ms": 48.14112999883946, "status": "completed", "model_calls": 2, "planning_calls": 0, "task_count": 1, "reply": "Task creation recorded. 17 \u00d7 19 = 323.", "post_return_model_calls": 0}, {"scenario": "compound", "index": 16, "warmup": false, "verified": true, "duration_ms": 37.24303899798542, "status": "completed", "model_calls": 2, "planning_calls": 0, "task_count": 1, "reply": "Task creation recorded. 17 \u00d7 19 = 323.", "post_return_model_calls": 0}, {"scenario": "compound", "index": 17, "warmup": false, "verified": true, "duration_ms": 47.30422499414999, "status": "completed", "model_calls": 2, "planning_calls": 0, "task_count": 1, "reply": "Task creation recorded. 17 \u00d7 19 = 323.", "post_return_model_calls": 0}, {"scenario": "compound", "index": 18, "warmup": false, "verified": true, "duration_ms": 40.151082997908816, "status": "completed", "model_calls": 2, "planning_calls": 0, "task_count": 1, "reply": "Task creation recorded. 17 \u00d7 19 = 323.", "post_return_model_calls": 0}, {"scenario": "compound", "index": 19, "warmup": false, "verified": true, "duration_ms": 38.87206299987156, "status": "completed", "model_calls": 2, "planning_calls": 0, "task_count": 1, "reply": "Task creation recorded. 17 \u00d7 19 = 323.", "post_return_model_calls": 0}, {"scenario": "compound", "index": 20, "warmup": false, "verified": true, "duration_ms": 56.106055999407545, "status": "completed", "model_calls": 2, "planning_calls": 0, "task_count": 1, "reply": "Task creation recorded. 17 \u00d7 19 = 323.", "post_return_model_calls": 0}, {"scenario": "compound", "index": 21, "warmup": false, "verified": true, "duration_ms": 44.79348100721836, "status": "completed", "model_calls": 2, "planning_calls": 0, "task_count": 1, "reply": "Task creation recorded. 17 \u00d7 19 = 323.", "post_return_model_calls": 0}, {"scenario": "compound", "index": 22, "warmup": false, "verified": true, "duration_ms": 38.035974008380435, "status": "completed", "model_calls": 2, "planning_calls": 0, "task_count": 1, "reply": "Task creation recorded. 17 \u00d7 19 = 323.", "post_return_model_calls": 0}, {"scenario": "compound", "index": 23, "warmup": false, "verified": true, "duration_ms": 54.311942993081175, "status": "completed", "model_calls": 2, "planning_calls": 0, "task_count": 1, "reply": "Task creation recorded. 17 \u00d7 19 = 323.", "post_return_model_calls": 0}, {"scenario": "compound", "index": 24, "warmup": false, "verified": true, "duration_ms": 40.89323400694411, "status": "completed", "model_calls": 2, "planning_calls": 0, "task_count": 1, "reply": "Task creation recorded. 17 \u00d7 19 = 323.", "post_return_model_calls": 0}, {"scenario": "compound", "index": 25, "warmup": false, "verified": true, "duration_ms": 35.21213898784481, "status": "completed", "model_calls": 2, "planning_calls": 0, "task_count": 1, "reply": "Task creation recorded. 17 \u00d7 19 = 323.", "post_return_model_calls": 0}, {"scenario": "compound", "index": 26, "warmup": false, "verified": true, "duration_ms": 43.246314002317376, "status": "completed", "model_calls": 2, "planning_calls": 0, "task_count": 1, "reply": "Task creation recorded. 17 \u00d7 19 = 323.", "post_return_model_calls": 0}, {"scenario": "compound", "index": 27, "warmup": false, "verified": true, "duration_ms": 44.87724100181367, "status": "completed", "model_calls": 2, "planning_calls": 0, "task_count": 1, "reply": "Task creation recorded. 17 \u00d7 19 = 323.", "post_return_model_calls": 0}, {"scenario": "compound", "index": 28, "warmup": false, "verified": true, "duration_ms": 47.435490996576846, "status": "completed", "model_calls": 2, "planning_calls": 0, "task_count": 1, "reply": "Task creation recorded. 17 \u00d7 19 = 323.", "post_return_model_calls": 0}, {"scenario": "compound", "index": 29, "warmup": false, "verified": true, "duration_ms": 28.10666100413073, "status": "completed", "model_calls": 2, "planning_calls": 0, "task_count": 1, "reply": "Task creation recorded. 17 \u00d7 19 = 323.", "post_return_model_calls": 0}, {"scenario": "compound", "index": 30, "warmup": false, "verified": true, "duration_ms": 28.259173996048048, "status": "completed", "model_calls": 2, "planning_calls": 0, "task_count": 1, "reply": "Task creation recorded. 17 \u00d7 19 = 323.", "post_return_model_calls": 0}], "configuration": {"profile": "selected_main", "primary": "openrouter/deepseek/deepseek-v4.1-flash", "fallbacks": ["openrouter/xiaomi/mimo-v2.5", "openrouter/deepseek/deepseek-v4-flash", "ollama_chat/qwen3.8:27b"], "tools_allowed": 104, "planning_enabled": false, "difficulty_class": "", "task_protocol": true}, "not_finished": 0, "scenarios": {"standalone": {"samples": 30, "p50": 38.358698002411984, "p95": 54.318151000188664, "p95_ci95": [48.12156199477613, 55.1111340028001]}, "compound": {"samples": 30, "p50": 40.151082997908816, "p95": 56.106055999407545, "p95_ci95": [48.14112999883946, 58.234141004504636]}}}}, "passed": true, "scope": "Thirty warm requests plus retained warmup per scenario and revision. Full native runner with real private CRM and identical scripted two-turn provider; optional planner is also scripted and separately counted. Profile is recorded per revision: minimal by default or selected main settings when explicitly requested. Installation instructions/memory and outbound delivery are excluded. Legacy finalReport-off behavior on both revisions; does not measure new host final-report speed. Network denied. Sequential revision blocks, not live-provider, HTTP ingress, full production prompt/memory, or framework qualification. Tool schemas and product prompts intentionally come from each revision."}
..........................s...................................s......... [ 90%]
........                                                                 [100%]
=============================== warnings summary ===============================
robothor/engine/tests/test_native_goal_recovery.py::test_native_goal_recovery_waits_safely_or_reconciles_explicitly[False-False]
  /home/philip/robothor-runtime-modernization/.venv/lib/python3.14/site-packages/pydantic/_internal/_generate_schema.py:1480: UserWarning: Item 'summary' on TypedDict class 'ChatCompletionReasoningItem' is using the `ReadOnly` qualifier. Pydantic will not protect items from any mutation on dictionary instances.
    warnings.warn(

-- Docs: https://docs.pytest.org/en/stable/how-to/capture-warnings.html
78 passed, 2 skipped, 1 warning in 38.36s
