Applied 001_init.sql (001_init)
Applied 001_crm_tables.sql (001_crm_tables)
Applied 004_telemetry_table.sql (004_telemetry_table)
Applied 005_task_coordination.sql (005_task_coordination)
Applied 006_task_state_machine.sql (006_task_state_machine)
Applied 007_routines.sql (007_routines)
Applied 008_multi_tenancy.sql (008_multi_tenancy)
Applied 009_agent_notifications.sql (009_agent_notifications)
Applied 010_health_tables.sql (010_health_tables)
Applied 011_agent_engine.sql (011_agent_engine)
Applied 012_webchat_trigger_type.sql (012_webchat_trigger_type)
Applied 013_workflow_engine.sql (013_workflow_engine)
Applied 014_engine_enhancements.sql (014_engine_enhancements)
Applied 015_chat_history.sql (015_chat_history)
Applied 015b_supervisor_to_main.sql (015b_supervisor_to_main)
Applied 016_sub_agents.sql (016_sub_agents)
Applied 017_timezone_new_york.sql (017_timezone_new_york)
Applied 018_migration_tracking.sql (018_migration_tracking)
Applied 019_unified_session.sql (019_unified_session)
Applied 020_plan_mode.sql (020_plan_mode)
Applied 021_deep_reason.sql (021_deep_reason)
Applied 022_tool_events.sql (022_tool_events)
Applied 023_memory_v4_schema.sql (023_memory_v4_schema)
Applied 024_requires_human.sql (024_requires_human)
Applied 025_federation.sql (025_federation)
Applied 026_consolidation_tracking.sql (026_consolidation_tracking)
Applied 027_auto_task.sql (027_auto_task)
Applied 027_kairos_buddy.sql (027_kairos_buddy)
Applied 028_agent_teams.sql (028_agent_teams)
Applied 028_per_agent_buddy.sql (028_per_agent_buddy)
Applied 029_cache_token_tracking.sql (029_cache_token_tracking)
Applied 029_managed_agents.sql (029_managed_agents)
Applied 030_buddy_effectiveness.sql (030_buddy_effectiveness)
Applied 030_checkpoint_schema_version.sql (030_checkpoint_schema_version)
Applied 031_add_escalation_type.sql (031_add_escalation_type)
Applied 031_agent_reviews.sql (031_agent_reviews)
Applied 032_run_status_skipped.sql (032_run_status_skipped)
Applied 032a_seed_legacy_primary_tenant.sql (032a_seed_legacy_primary_tenant)
Applied 033_memory_multi_tenancy.sql (033_memory_multi_tenancy)
Applied 034_buddy_goals_scoring.sql (034_buddy_goals_scoring)
Applied 034_outcome_assessment.sql (034_outcome_assessment)
Applied 035_drop_legacy_buddy_columns.sql (035_drop_legacy_buddy_columns)
Applied 035_retention_indexes.sql (035_retention_indexes)
Applied 036_buddy_reviewer_type.sql (036_buddy_reviewer_type)
Applied 036_devops_metrics.sql (036_devops_metrics)
Applied 037_access_control.sql (037_access_control)
Applied 037_scheduling_policy.sql (037_scheduling_policy)
Applied 038_audit_user_id.sql (038_audit_user_id)
Applied 038_reap_category.sql (038_reap_category)
Applied 039_operator_identity.sql (039_operator_identity)
Applied 040_memory_episodes.sql (040_memory_episodes)
Applied 041_memory_procedures.sql (041_memory_procedures)
Applied 042_chat_embeddings.sql (042_chat_embeddings)
Applied 043_fact_outcomes.sql (043_fact_outcomes)
Applied 044_agent_breadcrumbs.sql (044_agent_breadcrumbs)
Applied 045_channel_bus.sql (045_channel_bus)
Applied 046_person_linkage.sql (046_person_linkage)
Applied 046b_orphan_cleanup.sql (046b_orphan_cleanup)
Applied 047_messaging_kernel.sql (047_messaging_kernel)
Applied 048_voice_calendar.sql (048_voice_calendar)
Applied 049_timeline_activity.sql (049_timeline_activity)
Applied 050_task_planner_fields.sql (050_task_planner_fields)
Applied 051_task_followup.sql (051_task_followup)
Applied 052_multi_tenant_telegram_users.sql (052_multi_tenant_telegram_users)
Applied 062_step_type_warmup_phase.sql (062_step_type_warmup_phase)
Applied 063_benchmark_results.sql (063_benchmark_results)
Applied 065_session_goal_meta.sql (065_session_goal_meta)
Applied 066_session_goal_meta_v2.sql (066_session_goal_meta_v2)
Applied 067_task_history_kind_schema.sql (067_task_history_kind_schema)
Applied 068_curator_state.sql (068_curator_state)
Applied 069_memory_facts_drift.sql (069_memory_facts_drift)
Applied 070_user_cronjobs.sql (070_user_cronjobs)
Applied 071_memory_vault.sql (071_memory_vault)
Applied 071_user_accounts.sql (071_user_accounts)
Applied 072_memory_intents.sql (072_memory_intents)
Applied 073_memory_facts_active_hnsw.sql (073_memory_facts_active_hnsw)
Applied 074_memory_active_hnsw_partials.sql (074_memory_active_hnsw_partials)
Applied 075_operator_signals.sql (075_operator_signals)
Applied 076_judge_reviewer_type.sql (076_judge_reviewer_type)
Applied 077_message_reactions_unique.sql (077_message_reactions_unique)
Applied 078_memory_facts_content_hash_unique.sql (078_memory_facts_content_hash_unique)
Applied 079_guardrail_event_modes.sql (079_guardrail_event_modes)
Applied 080_judge_reviewer_type.sql (080_judge_reviewer_type)
Applied 081_tenant_rls_backstop.sql (081_tenant_rls_backstop)
Applied 082_tenant_rls_app_role.sql (082_tenant_rls_app_role)
Applied 083_rls_global_role_defaults.sql (083_rls_global_role_defaults)
Applied 084_feature_flags.sql (084_feature_flags)
Applied 085_sso_binding_grants.sql (085_sso_binding_grants)
Applied 086_user_permissions.sql (086_user_permissions)
Applied 087_role_permission_guardrails.sql (087_role_permission_guardrails)
Applied 088_member_role_read_only.sql (088_member_role_read_only)
Applied 089_face_identities.sql (089_face_identities)
Applied 092_memory_access_rollup.sql (092_memory_access_rollup)
Applied 093_memory_write_jobs.sql (093_memory_write_jobs)
Applied 094_memory_decay_shadow.sql (094_memory_decay_shadow)
Applied 095_memory_bitemporal.sql (095_memory_bitemporal)
Applied 096_memory_block_budget.sql (096_memory_block_budget)
Applied 097_trigger_type_channel_event.sql (097_trigger_type_channel_event)
Applied 098_tenant_column_defaults.sql (098_tenant_column_defaults)
Applied 099_notification_types.sql (099_notification_types)
Applied 100_run_verification.sql (100_run_verification)
Applied 102_agent_reviews_nullable_rating.sql (102_agent_reviews_nullable_rating)
Applied 103_benchmark_pass_rate_truth.sql (103_benchmark_pass_rate_truth)
Applied 104_benchmark_sandbox_tenant.sql (104_benchmark_sandbox_tenant)
Applied 105_agent_messages.sql (105_agent_messages)
Applied 106_workflow_approvals.sql (106_workflow_approvals)
Applied 107_seed_service_role.sql (107_seed_service_role)
Applied 108_run_resume_attempts.sql (108_run_resume_attempts)
Applied 109_facts_entities_lower_gin.sql (109_facts_entities_lower_gin)
Applied 110_tool_event_error_message.sql (110_tool_event_error_message)
Applied 111_drop_shadowing_ann_index.sql (111_drop_shadowing_ann_index)
Applied 112_federation_principals.sql (112_federation_principals)
Applied 113_add_do_not_contact.sql (113_add_do_not_contact)
Applied 114_local_login.sql (114_local_login)
Applied 115_backfill_sandbox_denied_error_type.sql (115_backfill_sandbox_denied_error_type)
Applied 116_benchmark_digest_notification_type.sql (116_benchmark_digest_notification_type)
Applied 117_agent_questions.sql (117_agent_questions)
Applied 118_user_channel_identities.sql (118_user_channel_identities)
Applied 119_workflow_step_timeout.sql (119_workflow_step_timeout)
Applied 120_tenant_rls_cover_new_tables.sql (120_tenant_rls_cover_new_tables)
Applied 121_channel_conversation_refs.sql (121_channel_conversation_refs)
Applied 122_trigger_type_channel.sql (122_trigger_type_channel)
Applied 123_agent_run_task_text.sql (123_agent_run_task_text)
Applied 124_guardrail_context_overflow.sql (124_guardrail_context_overflow)
Applied 125_agent_run_step_batch.sql (125_agent_run_step_batch)
Applied 126_calendar_operations.sql (126_calendar_operations)
Applied 126_durable_operations.sql (126_durable_operations)
Applied 126_goal_pursuit.sql (126_goal_pursuit)
Applied 127_autonomous_execution.sql (127_autonomous_execution)
Applied 127_runtime_contract.sql (127_runtime_contract)
Applied 127_sales_intelligence.sql (127_sales_intelligence)
Applied 128_autonomy_resource_descriptors.sql (128_autonomy_resource_descriptors)
Applied 128_sales_business_observations.sql (128_sales_business_observations)
Applied 129_autonomy_workflows.sql (129_autonomy_workflows)
Applied 129_sales_binding_repair.sql (129_sales_binding_repair)
Applied 130_autonomy_request_context.sql (130_autonomy_request_context)
Applied 130_sales_deployments.sql (130_sales_deployments)
Applied 131_autonomy_enrollments.sql (131_autonomy_enrollments)
Applied 131_sales_calibration.sql (131_sales_calibration)
Applied 132_autonomy_enrollment_rls.sql (132_autonomy_enrollment_rls)
Applied 132_sales_research_delegation.sql (132_sales_research_delegation)
Applied 133_autonomy_terms_audit.sql (133_autonomy_terms_audit)
Applied 133_operation_fragments.sql (133_operation_fragments)
Applied 134_autonomy_material_documents.sql (134_autonomy_material_documents)
Applied 134_web_render_permission.sql (134_web_render_permission)
Applied 135_sales_requests.sql (135_sales_requests)
Applied 136_sales_pipedrive_scope.sql (136_sales_pipedrive_scope)
Applied 137_sales_analyst_permissions.sql (137_sales_analyst_permissions)
Applied 138_goal_provider_reservations.sql (138_goal_provider_reservations)
Applied 139_goal_task_family_controls.sql (139_goal_task_family_controls)
Applied 140_chat_approval_receipts.sql (140_chat_approval_receipts)
Applied 141_runtime_effects.sql (141_runtime_effects)
Applied 142_goal_effect_lookup.sql (142_goal_effect_lookup)
Nothing to apply.
Applied 001_init.sql (001_init)
Applied 001_crm_tables.sql (001_crm_tables)
Applied 004_telemetry_table.sql (004_telemetry_table)
Applied 005_task_coordination.sql (005_task_coordination)
Applied 006_task_state_machine.sql (006_task_state_machine)
Applied 007_routines.sql (007_routines)
Applied 008_multi_tenancy.sql (008_multi_tenancy)
Applied 009_agent_notifications.sql (009_agent_notifications)
Applied 010_health_tables.sql (010_health_tables)
Applied 011_agent_engine.sql (011_agent_engine)
Applied 012_webchat_trigger_type.sql (012_webchat_trigger_type)
Applied 013_workflow_engine.sql (013_workflow_engine)
Applied 014_engine_enhancements.sql (014_engine_enhancements)
Applied 015_chat_history.sql (015_chat_history)
Applied 015b_supervisor_to_main.sql (015b_supervisor_to_main)
Applied 016_sub_agents.sql (016_sub_agents)
Applied 017_timezone_new_york.sql (017_timezone_new_york)
Applied 018_migration_tracking.sql (018_migration_tracking)
Applied 019_unified_session.sql (019_unified_session)
Applied 020_plan_mode.sql (020_plan_mode)
Applied 021_deep_reason.sql (021_deep_reason)
Applied 022_tool_events.sql (022_tool_events)
Applied 023_memory_v4_schema.sql (023_memory_v4_schema)
Applied 024_requires_human.sql (024_requires_human)
Applied 025_federation.sql (025_federation)
Applied 026_consolidation_tracking.sql (026_consolidation_tracking)
Applied 027_auto_task.sql (027_auto_task)
Applied 027_kairos_buddy.sql (027_kairos_buddy)
Applied 028_agent_teams.sql (028_agent_teams)
Applied 028_per_agent_buddy.sql (028_per_agent_buddy)
Applied 029_cache_token_tracking.sql (029_cache_token_tracking)
Applied 029_managed_agents.sql (029_managed_agents)
Applied 030_buddy_effectiveness.sql (030_buddy_effectiveness)
Applied 030_checkpoint_schema_version.sql (030_checkpoint_schema_version)
Applied 031_add_escalation_type.sql (031_add_escalation_type)
Applied 031_agent_reviews.sql (031_agent_reviews)
Applied 032_run_status_skipped.sql (032_run_status_skipped)
Applied 032a_seed_legacy_primary_tenant.sql (032a_seed_legacy_primary_tenant)
Applied 033_memory_multi_tenancy.sql (033_memory_multi_tenancy)
Applied 034_buddy_goals_scoring.sql (034_buddy_goals_scoring)
Applied 034_outcome_assessment.sql (034_outcome_assessment)
Applied 035_drop_legacy_buddy_columns.sql (035_drop_legacy_buddy_columns)
Applied 035_retention_indexes.sql (035_retention_indexes)
Applied 036_buddy_reviewer_type.sql (036_buddy_reviewer_type)
Applied 036_devops_metrics.sql (036_devops_metrics)
Applied 037_access_control.sql (037_access_control)
Applied 037_scheduling_policy.sql (037_scheduling_policy)
Applied 038_audit_user_id.sql (038_audit_user_id)
Applied 038_reap_category.sql (038_reap_category)
Applied 039_operator_identity.sql (039_operator_identity)
Applied 040_memory_episodes.sql (040_memory_episodes)
Applied 041_memory_procedures.sql (041_memory_procedures)
Applied 042_chat_embeddings.sql (042_chat_embeddings)
Applied 043_fact_outcomes.sql (043_fact_outcomes)
Applied 044_agent_breadcrumbs.sql (044_agent_breadcrumbs)
Applied 045_channel_bus.sql (045_channel_bus)
Applied 046_person_linkage.sql (046_person_linkage)
Applied 046b_orphan_cleanup.sql (046b_orphan_cleanup)
Applied 047_messaging_kernel.sql (047_messaging_kernel)
Applied 048_voice_calendar.sql (048_voice_calendar)
Applied 049_timeline_activity.sql (049_timeline_activity)
Applied 050_task_planner_fields.sql (050_task_planner_fields)
Applied 051_task_followup.sql (051_task_followup)
Applied 052_multi_tenant_telegram_users.sql (052_multi_tenant_telegram_users)
Applied 062_step_type_warmup_phase.sql (062_step_type_warmup_phase)
Applied 063_benchmark_results.sql (063_benchmark_results)
Applied 065_session_goal_meta.sql (065_session_goal_meta)
Applied 066_session_goal_meta_v2.sql (066_session_goal_meta_v2)
Applied 067_task_history_kind_schema.sql (067_task_history_kind_schema)
Applied 068_curator_state.sql (068_curator_state)
Applied 069_memory_facts_drift.sql (069_memory_facts_drift)
Applied 070_user_cronjobs.sql (070_user_cronjobs)
Applied 071_memory_vault.sql (071_memory_vault)
Applied 071_user_accounts.sql (071_user_accounts)
Applied 072_memory_intents.sql (072_memory_intents)
Applied 073_memory_facts_active_hnsw.sql (073_memory_facts_active_hnsw)
Applied 074_memory_active_hnsw_partials.sql (074_memory_active_hnsw_partials)
Applied 075_operator_signals.sql (075_operator_signals)
Applied 076_judge_reviewer_type.sql (076_judge_reviewer_type)
Applied 077_message_reactions_unique.sql (077_message_reactions_unique)
Applied 078_memory_facts_content_hash_unique.sql (078_memory_facts_content_hash_unique)
Applied 079_guardrail_event_modes.sql (079_guardrail_event_modes)
Applied 080_judge_reviewer_type.sql (080_judge_reviewer_type)
Applied 081_tenant_rls_backstop.sql (081_tenant_rls_backstop)
Applied 082_tenant_rls_app_role.sql (082_tenant_rls_app_role)
Applied 083_rls_global_role_defaults.sql (083_rls_global_role_defaults)
Applied 084_feature_flags.sql (084_feature_flags)
Applied 085_sso_binding_grants.sql (085_sso_binding_grants)
Applied 086_user_permissions.sql (086_user_permissions)
Applied 087_role_permission_guardrails.sql (087_role_permission_guardrails)
Applied 088_member_role_read_only.sql (088_member_role_read_only)
Applied 089_face_identities.sql (089_face_identities)
Applied 092_memory_access_rollup.sql (092_memory_access_rollup)
Applied 093_memory_write_jobs.sql (093_memory_write_jobs)
Applied 094_memory_decay_shadow.sql (094_memory_decay_shadow)
Applied 095_memory_bitemporal.sql (095_memory_bitemporal)
Applied 096_memory_block_budget.sql (096_memory_block_budget)
Applied 097_trigger_type_channel_event.sql (097_trigger_type_channel_event)
Applied 098_tenant_column_defaults.sql (098_tenant_column_defaults)
Applied 099_notification_types.sql (099_notification_types)
Applied 100_run_verification.sql (100_run_verification)
Applied 102_agent_reviews_nullable_rating.sql (102_agent_reviews_nullable_rating)
Applied 103_benchmark_pass_rate_truth.sql (103_benchmark_pass_rate_truth)
Applied 104_benchmark_sandbox_tenant.sql (104_benchmark_sandbox_tenant)
Applied 105_agent_messages.sql (105_agent_messages)
Applied 106_workflow_approvals.sql (106_workflow_approvals)
Applied 107_seed_service_role.sql (107_seed_service_role)
Applied 108_run_resume_attempts.sql (108_run_resume_attempts)
Applied 109_facts_entities_lower_gin.sql (109_facts_entities_lower_gin)
Applied 110_tool_event_error_message.sql (110_tool_event_error_message)
Applied 111_drop_shadowing_ann_index.sql (111_drop_shadowing_ann_index)
Applied 112_federation_principals.sql (112_federation_principals)
Applied 113_add_do_not_contact.sql (113_add_do_not_contact)
Applied 114_local_login.sql (114_local_login)
Applied 115_backfill_sandbox_denied_error_type.sql (115_backfill_sandbox_denied_error_type)
Applied 116_benchmark_digest_notification_type.sql (116_benchmark_digest_notification_type)
Applied 117_agent_questions.sql (117_agent_questions)
Applied 118_user_channel_identities.sql (118_user_channel_identities)
Applied 119_workflow_step_timeout.sql (119_workflow_step_timeout)
Applied 120_tenant_rls_cover_new_tables.sql (120_tenant_rls_cover_new_tables)
Applied 121_channel_conversation_refs.sql (121_channel_conversation_refs)
Applied 122_trigger_type_channel.sql (122_trigger_type_channel)
Applied 123_agent_run_task_text.sql (123_agent_run_task_text)
Applied 124_guardrail_context_overflow.sql (124_guardrail_context_overflow)
Applied 125_agent_run_step_batch.sql (125_agent_run_step_batch)
Applied 126_calendar_operations.sql (126_calendar_operations)
Applied 126_durable_operations.sql (126_durable_operations)
Applied 126_goal_pursuit.sql (126_goal_pursuit)
Applied 127_autonomous_execution.sql (127_autonomous_execution)
Applied 127_sales_intelligence.sql (127_sales_intelligence)
Applied 128_autonomy_resource_descriptors.sql (128_autonomy_resource_descriptors)
Applied 128_sales_business_observations.sql (128_sales_business_observations)
Applied 129_autonomy_workflows.sql (129_autonomy_workflows)
Applied 129_sales_binding_repair.sql (129_sales_binding_repair)
Applied 130_autonomy_request_context.sql (130_autonomy_request_context)
Applied 130_sales_deployments.sql (130_sales_deployments)
Applied 131_autonomy_enrollments.sql (131_autonomy_enrollments)
Applied 131_sales_calibration.sql (131_sales_calibration)
Applied 132_autonomy_enrollment_rls.sql (132_autonomy_enrollment_rls)
Applied 132_sales_research_delegation.sql (132_sales_research_delegation)
Applied 133_autonomy_terms_audit.sql (133_autonomy_terms_audit)
Applied 133_operation_fragments.sql (133_operation_fragments)
Applied 134_autonomy_material_documents.sql (134_autonomy_material_documents)
Applied 134_web_render_permission.sql (134_web_render_permission)
Applied 135_sales_requests.sql (135_sales_requests)
Applied 136_sales_pipedrive_scope.sql (136_sales_pipedrive_scope)
Applied 137_sales_analyst_permissions.sql (137_sales_analyst_permissions)
Applied 127_runtime_contract.sql (127_runtime_contract)
Applied 138_goal_provider_reservations.sql (138_goal_provider_reservations)
Applied 139_goal_task_family_controls.sql (139_goal_task_family_controls)
Applied 140_chat_approval_receipts.sql (140_chat_approval_receipts)
Applied 141_runtime_effects.sql (141_runtime_effects)
Applied 142_goal_effect_lookup.sql (142_goal_effect_lookup)
Nothing to apply.
POPULATED_UPGRADE {"added_migrations": ["127_runtime_contract", "138_goal_provider_reservations", "139_goal_task_family_controls", "140_chat_approval_receipts", "141_runtime_effects", "142_goal_effect_lookup"], "preserved_tables": ["chat_sessions", "crm_tasks", "goal_pursuit_settings", "pursuit_goals", "pursuit_goal_tasks", "pursuit_goal_history", "pursuit_goal_attempts", "agent_runs", "agent_run_steps", "agent_run_checkpoints", "calendar_operations"], "repeat_apply_noop": true, "blocked_ancestor_denies_linked_task": true, "ordinary_task_runnable": true, "legacy_runtime_identity_added": true, "existing_approval_receipt_preserved": true}
NATIVE_TASK_OUTPUT {"revision": "baseline", "stdout": "NATIVE_TASK_SAMPLE {\"scenario\": \"standalone\", \"index\": 0, \"warmup\": true, \"verified\": true, \"duration_ms\": 441.2772570067318, \"status\": \"completed\", \"model_calls\": 2, \"task_count\": 1, \"reply\": \"Task creation recorded.\", \"post_return_model_calls\": 0}\nNATIVE_TASK_SAMPLE {\"scenario\": \"standalone\", \"index\": 1, \"warmup\": false, \"verified\": true, \"duration_ms\": 106.68356300448067, \"status\": \"completed\", \"model_calls\": 2, \"task_count\": 1, \"reply\": \"Task creation recorded.\", \"post_return_model_calls\": 0}\nNATIVE_TASK_SAMPLE {\"scenario\": \"standalone\", \"index\": 2, \"warmup\": false, \"verified\": true, \"duration_ms\": 102.95616999792401, \"status\": \"completed\", \"model_calls\": 2, \"task_count\": 1, \"reply\": \"Task creation recorded.\", \"post_return_model_calls\": 0}\nNATIVE_TASK_SAMPLE {\"scenario\": \"standalone\", \"index\": 3, \"warmup\": false, \"verified\": true, \"duration_ms\": 103.5233930015238, \"status\": \"completed\", \"model_calls\": 2, \"task_count\": 1, \"reply\": \"Task creation recorded.\", \"post_return_model_calls\": 0}\nNATIVE_TASK_SAMPLE {\"scenario\": \"standalone\", \"index\": 4, \"warmup\": false, \"verified\": true, \"duration_ms\": 103.95235900068656, \"status\": \"completed\", \"model_calls\": 2, \"task_count\": 1, \"reply\": \"Task creation recorded.\", \"post_return_model_calls\": 0}\nNATIVE_TASK_SAMPLE {\"scenario\": \"standalone\", \"index\": 5, \"warmup\": false, \"verified\": true, \"duration_ms\": 100.0835089944303, \"status\": \"completed\", \"model_calls\": 2, \"task_count\": 1, \"reply\": \"Task creation recorded.\", \"post_return_model_calls\": 0}\nNATIVE_TASK_SAMPLE {\"scenario\": \"standalone\", \"index\": 6, \"warmup\": false, \"verified\": true, \"duration_ms\": 99.46303699689452, \"status\": \"completed\", \"model_calls\": 2, \"task_count\": 1, \"reply\": \"Task creation recorded.\", \"post_return_model_calls\": 0}\nNATIVE_TASK_SAMPLE {\"scenario\": \"standalone\", \"index\": 7, \"warmup\": false, \"verified\": true, \"duration_ms\": 97.78178299893625, \"status\": \"completed\", \"model_calls\": 2, \"task_count\": 1, \"reply\": \"Task creation recorded.\", \"post_return_model_calls\": 0}\nNATIVE_TASK_SAMPLE {\"scenario\": \"standalone\", \"index\": 8, \"warmup\": false, \"verified\": true, \"duration_ms\": 103.91186201013625, \"status\": \"completed\", \"model_calls\": 2, \"task_count\": 1, \"reply\": \"Task creation recorded.\", \"post_return_model_calls\": 0}\nNATIVE_TASK_SAMPLE {\"scenario\": \"standalone\", \"index\": 9, \"warmup\": false, \"verified\": true, \"duration_ms\": 96.19424199627247, \"status\": \"completed\", \"model_calls\": 2, \"task_count\": 1, \"reply\": \"Task creation recorded.\", \"post_return_model_calls\": 0}\nNATIVE_TASK_SAMPLE {\"scenario\": \"standalone\", \"index\": 10, \"warmup\": false, \"verified\": true, \"duration_ms\": 97.17332701256964, \"status\": \"completed\", \"model_calls\": 2, \"task_count\": 1, \"reply\": \"Task creation recorded.\", \"post_return_model_calls\": 0}\nNATIVE_TASK_SAMPLE {\"scenario\": \"standalone\", \"index\": 11, \"warmup\": false, \"verified\": true, \"duration_ms\": 97.04934000910725, \"status\": \"completed\", \"model_calls\": 2, \"task_count\": 1, \"reply\": \"Task creation recorded.\", \"post_return_model_calls\": 0}\nNATIVE_TASK_SAMPLE {\"scenario\": \"standalone\", \"index\": 12, \"warmup\": false, \"verified\": true, \"duration_ms\": 97.37083301297389, \"status\": \"completed\", \"model_calls\": 2, \"task_count\": 1, \"reply\": \"Task creation recorded.\", \"post_return_model_calls\": 0}\nNATIVE_TASK_SAMPLE {\"scenario\": \"standalone\", \"index\": 13, \"warmup\": false, \"verified\": true, \"duration_ms\": 117.47941400972195, \"status\": \"completed\", \"model_calls\": 2, \"task_count\": 1, \"reply\": \"Task creation recorded.\", \"post_return_model_calls\": 0}\nNATIVE_TASK_SAMPLE {\"scenario\": \"standalone\", \"index\": 14, \"warmup\": false, \"verified\": true, \"duration_ms\": 117.69212099898141, \"status\": \"completed\", \"model_calls\": 2, \"task_count\": 1, \"reply\": \"Task creation recorded.\", \"post_return_model_calls\": 0}\nNATIVE_TASK_SAMPLE {\"scenario\": \"standalone\", \"index\": 15, \"warmup\": false, \"verified\": true, \"duration_ms\": 118.0637579964241, \"status\": \"completed\", \"model_calls\": 2, \"task_count\": 1, \"reply\": \"Task creation recorded.\", \"post_return_model_calls\": 0}\nNATIVE_TASK_SAMPLE {\"scenario\": \"standalone\", \"index\": 16, \"warmup\": false, \"verified\": true, \"duration_ms\": 118.38915399857797, \"status\": \"completed\", \"model_calls\": 2, \"task_count\": 1, \"reply\": \"Task creation recorded.\", \"post_return_model_calls\": 0}\nNATIVE_TASK_SAMPLE {\"scenario\": \"standalone\", \"index\": 17, \"warmup\": false, \"verified\": true, \"duration_ms\": 122.18845100142062, \"status\": \"completed\", \"model_calls\": 2, \"task_count\": 1, \"reply\": \"Task creation recorded.\", \"post_return_model_calls\": 0}\nNATIVE_TASK_SAMPLE {\"scenario\": \"standalone\", \"index\": 18, \"warmup\": false, \"verified\": true, \"duration_ms\": 122.34558998898137, \"status\": \"completed\", \"model_calls\": 2, \"task_count\": 1, \"reply\": \"Task creation recorded.\", \"post_return_model_calls\": 0}\nNATIVE_TASK_SAMPLE {\"scenario\": \"standalone\", \"index\": 19, \"warmup\": false, \"verified\": true, \"duration_ms\": 119.23039599787444, \"status\": \"completed\", \"model_calls\": 2, \"task_count\": 1, \"reply\": \"Task creation recorded.\", \"post_return_model_calls\": 0}\nNATIVE_TASK_SAMPLE {\"scenario\": \"standalone\", \"index\": 20, \"warmup\": false, \"verified\": true, \"duration_ms\": 120.23825000505894, \"status\": \"completed\", \"model_calls\": 2, \"task_count\": 1, \"reply\": \"Task creation recorded.\", \"post_return_model_calls\": 0}\nNATIVE_TASK_SAMPLE {\"scenario\": \"standalone\", \"index\": 21, \"warmup\": false, \"verified\": true, \"duration_ms\": 123.49009999888949, \"status\": \"completed\", \"model_calls\": 2, \"task_count\": 1, \"reply\": \"Task creation recorded.\", \"post_return_model_calls\": 0}\nNATIVE_TASK_SAMPLE {\"scenario\": \"standalone\", \"index\": 22, \"warmup\": false, \"verified\": true, \"duration_ms\": 119.45105499762576, \"status\": \"completed\", \"model_calls\": 2, \"task_count\": 1, \"reply\": \"Task creation recorded.\", \"post_return_model_calls\": 0}\nNATIVE_TASK_SAMPLE {\"scenario\": \"standalone\", \"index\": 23, \"warmup\": false, \"verified\": true, \"duration_ms\": 121.83055799687281, \"status\": \"completed\", \"model_calls\": 2, \"task_count\": 1, \"reply\": \"Task creation recorded.\", \"post_return_model_calls\": 0}\nNATIVE_TASK_SAMPLE {\"scenario\": \"standalone\", \"index\": 24, \"warmup\": false, \"verified\": true, \"duration_ms\": 121.64197899983265, \"status\": \"completed\", \"model_calls\": 2, \"task_count\": 1, \"reply\": \"Task creation recorded.\", \"post_return_model_calls\": 0}\nNATIVE_TASK_SAMPLE {\"scenario\": \"standalone\", \"index\": 25, \"warmup\": false, \"verified\": true, \"duration_ms\": 120.71627099066973, \"status\": \"completed\", \"model_calls\": 2, \"task_count\": 1, \"reply\": \"Task creation recorded.\", \"post_return_model_calls\": 0}\nNATIVE_TASK_SAMPLE {\"scenario\": \"standalone\", \"index\": 26, \"warmup\": false, \"verified\": true, \"duration_ms\": 123.36248200153932, \"status\": \"completed\", \"model_calls\": 2, \"task_count\": 1, \"reply\": \"Task creation recorded.\", \"post_return_model_calls\": 0}\nNATIVE_TASK_SAMPLE {\"scenario\": \"standalone\", \"index\": 27, \"warmup\": false, \"verified\": true, \"duration_ms\": 120.68798299878836, \"status\": \"completed\", \"model_calls\": 2, \"task_count\": 1, \"reply\": \"Task creation recorded.\", \"post_return_model_calls\": 0}\nNATIVE_TASK_SAMPLE {\"scenario\": \"standalone\", \"index\": 28, \"warmup\": false, \"verified\": true, \"duration_ms\": 123.67307698877994, \"status\": \"completed\", \"model_calls\": 2, \"task_count\": 1, \"reply\": \"Task creation recorded.\", \"post_return_model_calls\": 0}\nNATIVE_TASK_SAMPLE {\"scenario\": \"standalone\", \"index\": 29, \"warmup\": false, \"verified\": true, \"duration_ms\": 122.26525098958518, \"status\": \"completed\", \"model_calls\": 2, \"task_count\": 1, \"reply\": \"Task creation recorded.\", \"post_return_model_calls\": 0}\nNATIVE_TASK_SAMPLE {\"scenario\": \"standalone\", \"index\": 30, \"warmup\": false, \"verified\": true, \"duration_ms\": 128.35606500448193, \"status\": \"completed\", \"model_calls\": 2, \"task_count\": 1, \"reply\": \"Task creation recorded.\", \"post_return_model_calls\": 0}\nNATIVE_TASK_SAMPLE {\"scenario\": \"compound\", \"index\": 0, \"warmup\": true, \"verified\": true, \"duration_ms\": 132.49248800275382, \"status\": \"completed\", \"model_calls\": 2, \"task_count\": 1, \"reply\": \"Task creation recorded. 17 \\u00d7 19 = 323.\", \"post_return_model_calls\": 0}\nNATIVE_TASK_SAMPLE {\"scenario\": \"compound\", \"index\": 1, \"warmup\": false, \"verified\": true, \"duration_ms\": 125.77406399941538, \"status\": \"completed\", \"model_calls\": 2, \"task_count\": 1, \"reply\": \"Task creation recorded. 17 \\u00d7 19 = 323.\", \"post_return_model_calls\": 0}\nNATIVE_TASK_SAMPLE {\"scenario\": \"compound\", \"index\": 2, \"warmup\": false, \"verified\": true, \"duration_ms\": 123.97858500480652, \"status\": \"completed\", \"model_calls\": 2, \"task_count\": 1, \"reply\": \"Task creation recorded. 17 \\u00d7 19 = 323.\", \"post_return_model_calls\": 0}\nNATIVE_TASK_SAMPLE {\"scenario\": \"compound\", \"index\": 3, \"warmup\": false, \"verified\": true, \"duration_ms\": 125.03394299710635, \"status\": \"completed\", \"model_calls\": 2, \"task_count\": 1, \"reply\": \"Task creation recorded. 17 \\u00d7 19 = 323.\", \"post_return_model_calls\": 0}\nNATIVE_TASK_SAMPLE {\"scenario\": \"compound\", \"index\": 4, \"warmup\": false, \"verified\": true, \"duration_ms\": 121.07405099959578, \"status\": \"completed\", \"model_calls\": 2, \"task_count\": 1, \"reply\": \"Task creation recorded. 17 \\u00d7 19 = 323.\", \"post_return_model_calls\": 0}\nNATIVE_TASK_SAMPLE {\"scenario\": \"compound\", \"index\": 5, \"warmup\": false, \"verified\": true, \"duration_ms\": 124.0668250102317, \"status\": \"completed\", \"model_calls\": 2, \"task_count\": 1, \"reply\": \"Task creation recorded. 17 \\u00d7 19 = 323.\", \"post_return_model_calls\": 0}\nNATIVE_TASK_SAMPLE {\"scenario\": \"compound\", \"index\": 6, \"warmup\": false, \"verified\": true, \"duration_ms\": 126.93742199917324, \"status\": \"completed\", \"model_calls\": 2, \"task_count\": 1, \"reply\": \"Task creation recorded. 17 \\u00d7 19 = 323.\", \"post_return_model_calls\": 0}\nNATIVE_TASK_SAMPLE {\"scenario\": \"compound\", \"index\": 7, \"warmup\": false, \"verified\": true, \"duration_ms\": 127.6069669984281, \"status\": \"completed\", \"model_calls\": 2, \"task_count\": 1, \"reply\": \"Task creation recorded. 17 \\u00d7 19 = 323.\", \"post_return_model_calls\": 0}\nNATIVE_TASK_SAMPLE {\"scenario\": \"compound\", \"index\": 8, \"warmup\": false, \"verified\": true, \"duration_ms\": 129.01988199155312, \"status\": \"completed\", \"model_calls\": 2, \"task_count\": 1, \"reply\": \"Task creation recorded. 17 \\u00d7 19 = 323.\", \"post_return_model_calls\": 0}\nNATIVE_TASK_SAMPLE {\"scenario\": \"compound\", \"index\": 9, \"warmup\": false, \"verified\": true, \"duration_ms\": 124.8988199949963, \"status\": \"completed\", \"model_calls\": 2, \"task_count\": 1, \"reply\": \"Task creation recorded. 17 \\u00d7 19 = 323.\", \"post_return_model_calls\": 0}\nNATIVE_TASK_SAMPLE {\"scenario\": \"compound\", \"index\": 10, \"warmup\": false, \"verified\": true, \"duration_ms\": 126.8849250045605, \"status\": \"completed\", \"model_calls\": 2, \"task_count\": 1, \"reply\": \"Task creation recorded. 17 \\u00d7 19 = 323.\", \"post_return_model_calls\": 0}\nNATIVE_TASK_SAMPLE {\"scenario\": \"compound\", \"index\": 11, \"warmup\": false, \"verified\": true, \"duration_ms\": 124.75200199696701, \"status\": \"completed\", \"model_calls\": 2, \"task_count\": 1, \"reply\": \"Task creation recorded. 17 \\u00d7 19 = 323.\", \"post_return_model_calls\": 0}\nNATIVE_TASK_SAMPLE {\"scenario\": \"compound\", \"index\": 12, \"warmup\": false, \"verified\": true, \"duration_ms\": 125.57426800776739, \"status\": \"completed\", \"model_calls\": 2, \"task_count\": 1, \"reply\": \"Task creation recorded. 17 \\u00d7 19 = 323.\", \"post_return_model_calls\": 0}\nNATIVE_TASK_SAMPLE {\"scenario\": \"compound\", \"index\": 13, \"warmup\": false, \"verified\": true, \"duration_ms\": 126.12435600021854, \"status\": \"completed\", \"model_calls\": 2, \"task_count\": 1, \"reply\": \"Task creation recorded. 17 \\u00d7 19 = 323.\", \"post_return_model_calls\": 0}\nNATIVE_TASK_SAMPLE {\"scenario\": \"compound\", \"index\": 14, \"warmup\": false, \"verified\": true, \"duration_ms\": 122.78826399415266, \"status\": \"completed\", \"model_calls\": 2, \"task_count\": 1, \"reply\": \"Task creation recorded. 17 \\u00d7 19 = 323.\", \"post_return_model_calls\": 0}\nNATIVE_TASK_SAMPLE {\"scenario\": \"compound\", \"index\": 15, \"warmup\": false, \"verified\": true, \"duration_ms\": 125.35604200093076, \"status\": \"completed\", \"model_calls\": 2, \"task_count\": 1, \"reply\": \"Task creation recorded. 17 \\u00d7 19 = 323.\", \"post_return_model_calls\": 0}\nNATIVE_TASK_SAMPLE {\"scenario\": \"compound\", \"index\": 16, \"warmup\": false, \"verified\": true, \"duration_ms\": 126.9557580089895, \"status\": \"completed\", \"model_calls\": 2, \"task_count\": 1, \"reply\": \"Task creation recorded. 17 \\u00d7 19 = 323.\", \"post_return_model_calls\": 0}\nNATIVE_TASK_SAMPLE {\"scenario\": \"compound\", \"index\": 17, \"warmup\": false, \"verified\": true, \"duration_ms\": 123.68840399722103, \"status\": \"completed\", \"model_calls\": 2, \"task_count\": 1, \"reply\": \"Task creation recorded. 17 \\u00d7 19 = 323.\", \"post_return_model_calls\": 0}\nNATIVE_TASK_SAMPLE {\"scenario\": \"compound\", \"index\": 18, \"warmup\": false, \"verified\": true, \"duration_ms\": 124.49510300939437, \"status\": \"completed\", \"model_calls\": 2, \"task_count\": 1, \"reply\": \"Task creation recorded. 17 \\u00d7 19 = 323.\", \"post_return_model_calls\": 0}\nNATIVE_TASK_SAMPLE {\"scenario\": \"compound\", \"index\": 19, \"warmup\": false, \"verified\": true, \"duration_ms\": 121.54211899905931, \"status\": \"completed\", \"model_calls\": 2, \"task_count\": 1, \"reply\": \"Task creation recorded. 17 \\u00d7 19 = 323.\", \"post_return_model_calls\": 0}\nNATIVE_TASK_SAMPLE {\"scenario\": \"compound\", \"index\": 20, \"warmup\": false, \"verified\": true, \"duration_ms\": 120.75374099367764, \"status\": \"completed\", \"model_calls\": 2, \"task_count\": 1, \"reply\": \"Task creation recorded. 17 \\u00d7 19 = 323.\", \"post_return_model_calls\": 0}\nNATIVE_TASK_SAMPLE {\"scenario\": \"compound\", \"index\": 21, \"warmup\": false, \"verified\": true, \"duration_ms\": 121.55115899804514, \"status\": \"completed\", \"model_calls\": 2, \"task_count\": 1, \"reply\": \"Task creation recorded. 17 \\u00d7 19 = 323.\", \"post_return_model_calls\": 0}\nNATIVE_TASK_SAMPLE {\"scenario\": \"compound\", \"index\": 22, \"warmup\": false, \"verified\": true, \"duration_ms\": 119.53100499522407, \"status\": \"completed\", \"model_calls\": 2, \"task_count\": 1, \"reply\": \"Task creation recorded. 17 \\u00d7 19 = 323.\", \"post_return_model_calls\": 0}\nNATIVE_TASK_SAMPLE {\"scenario\": \"compound\", \"index\": 23, \"warmup\": false, \"verified\": true, \"duration_ms\": 120.96939199545886, \"status\": \"completed\", \"model_calls\": 2, \"task_count\": 1, \"reply\": \"Task creation recorded. 17 \\u00d7 19 = 323.\", \"post_return_model_calls\": 0}\nNATIVE_TASK_SAMPLE {\"scenario\": \"compound\", \"index\": 24, \"warmup\": false, \"verified\": true, \"duration_ms\": 120.92366300930735, \"status\": \"completed\", \"model_calls\": 2, \"task_count\": 1, \"reply\": \"Task creation recorded. 17 \\u00d7 19 = 323.\", \"post_return_model_calls\": 0}\nNATIVE_TASK_SAMPLE {\"scenario\": \"compound\", \"index\": 25, \"warmup\": false, \"verified\": true, \"duration_ms\": 123.97586299630348, \"status\": \"completed\", \"model_calls\": 2, \"task_count\": 1, \"reply\": \"Task creation recorded. 17 \\u00d7 19 = 323.\", \"post_return_model_calls\": 0}\nNATIVE_TASK_SAMPLE {\"scenario\": \"compound\", \"index\": 26, \"warmup\": false, \"verified\": true, \"duration_ms\": 120.20021300122607, \"status\": \"completed\", \"model_calls\": 2, \"task_count\": 1, \"reply\": \"Task creation recorded. 17 \\u00d7 19 = 323.\", \"post_return_model_calls\": 0}\nNATIVE_TASK_SAMPLE {\"scenario\": \"compound\", \"index\": 27, \"warmup\": false, \"verified\": true, \"duration_ms\": 116.87180200533476, \"status\": \"completed\", \"model_calls\": 2, \"task_count\": 1, \"reply\": \"Task creation recorded. 17 \\u00d7 19 = 323.\", \"post_return_model_calls\": 0}\nNATIVE_TASK_SAMPLE {\"scenario\": \"compound\", \"index\": 28, \"warmup\": false, \"verified\": true, \"duration_ms\": 117.27283100481145, \"status\": \"completed\", \"model_calls\": 2, \"task_count\": 1, \"reply\": \"Task creation recorded. 17 \\u00d7 19 = 323.\", \"post_return_model_calls\": 0}\nNATIVE_TASK_SAMPLE {\"scenario\": \"compound\", \"index\": 29, \"warmup\": false, \"verified\": true, \"duration_ms\": 118.82107499695849, \"status\": \"completed\", \"model_calls\": 2, \"task_count\": 1, \"reply\": \"Task creation recorded. 17 \\u00d7 19 = 323.\", \"post_return_model_calls\": 0}\nNATIVE_TASK_SAMPLE {\"scenario\": \"compound\", \"index\": 30, \"warmup\": false, \"verified\": true, \"duration_ms\": 118.01292099698912, \"status\": \"completed\", \"model_calls\": 2, \"task_count\": 1, \"reply\": \"Task creation recorded. 17 \\u00d7 19 = 323.\", \"post_return_model_calls\": 0}\n", "stderr": "Unknown model 'openrouter/test/model' \u2014 not in the static registry or litellm catalog; using conservative 128K fallback. Add it to model_registry._MODEL_REGISTRY.\nUnknown model 'openrouter/test/model' \u2014 not in the static registry or litellm catalog; using conservative 128K fallback. Add it to model_registry._MODEL_REGISTRY.\nAdapter 'impetus-one' unavailable (backoff 300s): Invalid Content-Length in MCP response\nUnknown model 'openrouter/test/model' \u2014 not in the static registry or litellm catalog; using conservative 128K fallback. Add it to model_registry._MODEL_REGISTRY.\nUnknown model 'openrouter/test/model' \u2014 not in the static registry or litellm catalog; using conservative 128K fallback. Add it to model_registry._MODEL_REGISTRY.\nlitellm cost calculation failed, using fallback: This model isn't mapped yet. model=openrouter/test/model, custom_llm_provider=openrouter. Add it here - https://github.com/BerriAI/litellm/blob/main/model_prices_and_context_window.json.\nUnknown model 'openrouter/test/model' \u2014 not in the static registry or litellm catalog; using conservative 128K fallback. Add it to model_registry._MODEL_REGISTRY.\nUnknown model 'openrouter/test/model' \u2014 not in the static registry or litellm catalog; using conservative 128K fallback. Add it to model_registry._MODEL_REGISTRY.\nUnknown model 'openrouter/test/model' \u2014 not in the static registry or litellm catalog; using conservative 128K fallback. Add it to model_registry._MODEL_REGISTRY.\nlitellm cost calculation failed, using fallback: This model isn't mapped yet. model=openrouter/test/model, custom_llm_provider=openrouter. Add it here - https://github.com/BerriAI/litellm/blob/main/model_prices_and_context_window.json.\nUnknown model 'openrouter/test/model' \u2014 not in the static registry or litellm catalog; using conservative 128K fallback. Add it to model_registry._MODEL_REGISTRY.\nact-observe observe: run 8411a571-3ac2-4f2d-bb95-1ee9d937d689 would be told at its stop about 1 unobserved change(s): [SYSTEM] You have made 1 state-changing call (create_task) and have not read that source since. A response you did not inspect may have carried new information, and anything you knew about that source before you changed it is now out of date. Read it again before you write your answer.\nUnknown model 'openrouter/test/model' \u2014 not in the static registry or litellm catalog; using conservative 128K fallback. Add it to model_registry._MODEL_REGISTRY.\nUnknown model 'openrouter/test/model' \u2014 not in the static registry or litellm catalog; using conservative 128K fallback. Add it to model_registry._MODEL_REGISTRY.\nUnknown model 'openrouter/test/model' \u2014 not in the static registry or litellm catalog; using conservative 128K fallback. Add it to model_registry._MODEL_REGISTRY.\nUnknown model 'openrouter/test/model' \u2014 not in the static registry or litellm catalog; using conservative 128K fallback. Add it to model_registry._MODEL_REGISTRY.\nlitellm cost calculation failed, using fallback: This model isn't mapped yet. model=openrouter/test/model, custom_llm_provider=openrouter. Add it here - https://github.com/BerriAI/litellm/blob/main/model_prices_and_context_window.json.\nUnknown model 'openrouter/test/model' \u2014 not in the static registry or litellm catalog; using conservative 128K fallback. Add it to model_registry._MODEL_REGISTRY.\nUnknown model 'openrouter/test/model' \u2014 not in the static registry or litellm catalog; using conservative 128K fallback. Add it to model_registry._MODEL_REGISTRY.\nUnknown model 'openrouter/test/model' \u2014 not in the static registry or litellm catalog; using conservative 128K fallback. Add it to model_registry._MODEL_REGISTRY.\nlitellm cost calculation failed, using fallback: This model isn't mapped yet. model=openrouter/test/model, custom_llm_provider=openrouter. Add it here - https://github.com/BerriAI/litellm/blob/main/model_prices_and_context_window.json.\nUnknown model 'openrouter/test/model' \u2014 not in the static registry or litellm catalog; using conservative 128K fallback. Add it to model_registry._MODEL_REGISTRY.\nact-observe observe: run 2ca12c1b-a661-4bd0-bafd-10b5e913e6b7 would be told at its stop about 1 unobserved change(s): [SYSTEM] You have made 1 state-changing call (create_task) and have not read that source since. A response you did not inspect may have carried new information, and anything you knew about that source before you changed it is now out of date. Read it again before you write your answer.\nUnknown model 'openrouter/test/model' \u2014 not in the static registry or litellm catalog; using conservative 128K fallback. Add it to model_registry._MODEL_REGISTRY.\nUnknown model 'openrouter/test/model' \u2014 not in the static registry or litellm catalog; using conservative 128K fallback. Add it to model_registry._MODEL_REGISTRY.\nUnknown model 'openrouter/test/model' \u2014 not in the static registry or litellm catalog; using conservative 128K fallback. Add it to model_registry._MODEL_REGISTRY.\nUnknown model 'openrouter/test/model' \u2014 not in the static registry or litellm catalog; using conservative 128K fallback. Add it to model_registry._MODEL_REGISTRY.\nlitellm cost calculation failed, using fallback: This model isn't mapped yet. model=openrouter/test/model, custom_llm_provider=openrouter. Add it here - https://github.com/BerriAI/litellm/blob/main/model_prices_and_context_window.json.\nUnknown model 'openrouter/test/model' \u2014 not in the static registry or litellm catalog; using conservative 128K fallback. Add it to model_registry._MODEL_REGISTRY.\nUnknown model 'openrouter/test/model' \u2014 not in the static registry or litellm catalog; using conservative 128K fallback. Add it to model_registry._MODEL_REGISTRY.\nUnknown model 'openrouter/test/model' \u2014 not in the static registry or litellm catalog; using conservative 128K fallback. Add it to model_registry._MODEL_REGISTRY.\nlitellm cost calculation failed, using fallback: This model isn't mapped yet. model=openrouter/test/model, custom_llm_provider=openrouter. Add it here - https://github.com/BerriAI/litellm/blob/main/model_prices_and_context_window.json.\nUnknown model 'openrouter/test/model' \u2014 not in the static registry or litellm catalog; using conservative 128K fallback. Add it to model_registry._MODEL_REGISTRY.\nact-observe observe: run eb9554fd-9a96-43e7-b713-147de52faf9b would be told at its stop about 1 unobserved change(s): [SYSTEM] You have made 1 state-changing call (create_task) and have not read that source since. A response you did not inspect may have carried new information, and anything you knew about that source before you changed it is now out of date. Read it again before you write your answer.\nUnknown model 'openrouter/test/model' \u2014 not in the static registry or litellm catalog; using conservative 128K fallback. Add it to model_registry._MODEL_REGISTRY.\nUnknown model 'openrouter/test/model' \u2014 not in the static registry or litellm catalog; using conservative 128K fallback. Add it to model_registry._MODEL_REGISTRY.\nUnknown model 'openrouter/test/model' \u2014 not in the static registry or litellm catalog; using conservative 128K fallback. Add it to model_registry._MODEL_REGISTRY.\nUnknown model 'openrouter/test/model' \u2014 not in the static registry or litellm catalog; using conservative 128K fallback. Add it to model_registry._MODEL_REGISTRY.\nlitellm cost calculation failed, using fallback: This model isn't mapped yet. model=openrouter/test/model, custom_llm_provider=openrouter. Add it here - https://github.com/BerriAI/litellm/blob/main/model_prices_and_context_window.json.\nUnknown model 'openrouter/test/model' \u2014 not in the static registry or litellm catalog; using conservative 128K fallback. Add it to model_registry._MODEL_REGISTRY.\nUnknown model 'openrouter/test/model' \u2014 not in the static registry or litellm catalog; using conservative 128K fallback. Add it to model_registry._MODEL_REGISTRY.\nUnknown model 'openrouter/test/model' \u2014 not in the static registry or litellm catalog; using conservative 128K fallback. Add it to model_registry._MODEL_REGISTRY.\nlitellm cost calculation failed, using fallback: This model isn't mapped yet. model=openrouter/test/model, custom_llm_provider=openrouter. Add it here - https://github.com/BerriAI/litellm/blob/main/model_prices_and_context_window.json.\nUnknown model 'openrouter/test/model' \u2014 not in the static registry or litellm catalog; using conservative 128K fallback. Add it to model_registry._MODEL_REGISTRY.\nact-observe observe: run 7a946946-cfcf-4601-8a7e-99167d29b8fb would be told at its stop about 1 unobserved change(s): [SYSTEM] You have made 1 state-changing call (create_task) and have not read that source since. A response you did not inspect may have carried new information, and anything you knew about that source before you changed it is now out of date. Read it again before you write your answer.\nUnknown model 'openrouter/test/model' \u2014 not in the static registry or litellm catalog; using conservative 128K fallback. Add it to model_registry._MODEL_REGISTRY.\nUnknown model 'openrouter/test/model' \u2014 not in the static registry or litellm catalog; using conservative 128K fallback. Add it to model_registry._MODEL_REGISTRY.\nUnknown model 'openrouter/test/model' \u2014 not in the static registry or litellm catalog; using conservative 128K fallback. Add it to model_registry._MODEL_REGISTRY.\nUnknown model 'openrouter/test/model' \u2014 not in the static registry or litellm catalog; using conservative 128K fallback. Add it to model_registry._MODEL_REGISTRY.\nlitellm cost calculation failed, using fallback: This model isn't mapped yet. model=openrouter/test/model, custom_llm_provider=openrouter. Add it here - https://github.com/BerriAI/litellm/blob/main/model_prices_and_context_window.json.\nUnknown model 'openrouter/test/model' \u2014 not in the static registry or litellm catalog; using conservative 128K fallback. Add it to model_registry._MODEL_REGISTRY.\nUnknown model 'openrouter/test/model' \u2014 not in the static registry or litellm catalog; using conservative 128K fallback. Add it to model_registry._MODEL_REGISTRY.\nUnknown model 'openrouter/test/model' \u2014 not in the static registry or litellm catalog; using conservative 128K fallback. Add it to model_registry._MODEL_REGISTRY.\nlitellm cost calculation failed, using fallback: This model isn't mapped yet. model=openrouter/test/model, custom_llm_provider=openrouter. Add it here - https://github.com/BerriAI/litellm/blob/main/model_prices_and_context_window.json.\nUnknown model 'openrouter/test/model' \u2014 not in the static registry or litellm catalog; using conservative 128K fallback. Add it to model_registry._MODEL_REGISTRY.\nact-observe observe: run 80dc0be9-aa2c-4b3e-aee8-ed8ffbea8c73 would be told at its stop about 1 unobserved change(s): [SYSTEM] You have made 1 state-changing call (create_task) and have not read that source since. A response you did not inspect may have carried new information, and anything you knew about that source before you changed it is now out of date. Read it again before you write your answer.\nUnknown model 'openrouter/test/model' \u2014 not in the static registry or litellm catalog; using conservative 128K fallback. Add it to model_registry._MODEL_REGISTRY.\nUnknown model 'openrouter/test/model' \u2014 not in the static registry or litellm catalog; using conservative 128K fallback. Add it to model_registry._MODEL_REGISTRY.\nUnknown model 'openrouter/test/model' \u2014 not in the static registry or litellm catalog; using conservative 128K fallback. Add it to model_registry._MODEL_REGISTRY.\nUnknown model 'openrouter/test/model' \u2014 not in the static registry or litellm catalog; using conservative 128K fallback. Add it to model_registry._MODEL_REGISTRY.\nlitellm cost calculation failed, using fallback: This model isn't mapped yet. model=openrouter/test/model, custom_llm_provider=openrouter. Add it here - https://github.com/BerriAI/litellm/blob/main/model_prices_and_context_window.json.\nUnknown model 'openrouter/test/model' \u2014 not in the static registry or litellm catalog; using conservative 128K fallback. Add it to model_registry._MODEL_REGISTRY.\nUnknown model 'openrouter/test/model' \u2014 not in the static registry or litellm catalog; using conservative 128K fallback. Add it to model_registry._MODEL_REGISTRY.\nUnknown model 'openrouter/test/model' \u2014 not in the static registry or litellm catalog; using conservative 128K fallback. Add it to model_registry._MODEL_REGISTRY.\nlitellm cost calculation failed, using fallback: This model isn't mapped yet. model=openrouter/test/model, custom_llm_provider=openrouter. Add it here - https://github.com/BerriAI/litellm/blob/main/model_prices_and_context_window.json.\nUnknown model 'openrouter/test/model' \u2014 not in the static registry or litellm catalog; using conservative 128K fallback. Add it to model_registry._MODEL_REGISTRY.\nact-observe observe: run 30220f6d-e16e-4771-8a90-58a6320b552b would be told at its stop about 1 unobserved change(s): [SYSTEM] You have made 1 state-changing call (create_task) and have not read that source since. A response you did not inspect may have carried new information, and anything you knew about that source before you changed it is now out of date. Read it again before you write your answer.\nUnknown model 'openrouter/test/model' \u2014 not in the static registry or litellm catalog; using conservative 128K fallback. Add it to model_registry._MODEL_REGISTRY.\nUnknown model 'openrouter/test/model' \u2014 not in the static registry or litellm catalog; using conservative 128K fallback. Add it to model_registry._MODEL_REGISTRY.\nUnknown model 'openrouter/test/model' \u2014 not in the static registry or litellm catalog; using conservative 128K fallback. Add it to model_registry._MODEL_REGISTRY.\nUnknown model 'openrouter/test/model' \u2014 not in the static registry or litellm catalog; using conservative 128K fallback. Add it to model_registry._MODEL_REGISTRY.\nlitellm cost calculation failed, using fallback: This model isn't mapped yet. model=openrouter/test/model, custom_llm_provider=openrouter. Add it here - https://github.com/BerriAI/litellm/blob/main/model_prices_and_context_window.json.\nUnknown model 'openrouter/test/model' \u2014 not in the static registry or litellm catalog; using conservative 128K fallback. Add it to model_registry._MODEL_REGISTRY.\nUnknown model 'openrouter/test/model' \u2014 not in the static registry or litellm catalog; using conservative 128K fallback. Add it to model_registry._MODEL_REGISTRY.\nUnknown model 'openrouter/test/model' \u2014 not in the static registry or litellm catalog; using conservative 128K fallback. Add it to model_registry._MODEL_REGISTRY.\nlitellm cost calculation failed, using fallback: This model isn't mapped yet. model=openrouter/test/model, custom_llm_provider=openrouter. Add it here - https://github.com/BerriAI/litellm/blob/main/model_prices_and_context_window.json.\nUnknown model 'openrouter/test/model' \u2014 not in the static registry or litellm catalog; using conservative 128K fallback. Add it to model_registry._MODEL_REGISTRY.\nact-observe observe: run edf7f30d-34b7-4ae9-a3b6-eda7e2ef5510 would be told at its stop about 1 unobserved change(s): [SYSTEM] You have made 1 state-changing call (create_task) and have not read that source since. A response you did not inspect may have carried new information, and anything you knew about that source before you changed it is now out of date. Read it again before you write your answer.\nUnknown model 'openrouter/test/model' \u2014 not in the static registry or litellm catalog; using conservative 128K fallback. Add it to model_registry._MODEL_REGISTRY.\nUnknown model 'openrouter/test/model' \u2014 not in the static registry or litellm catalog; using conservative 128K fallback. Add it to model_registry._MODEL_REGISTRY.\nUnknown model 'openrouter/test/model' \u2014 not in the static registry or litellm catalog; using conservative 128K fallback. Add it to model_registry._MODEL_REGISTRY.\nUnknown model 'openrouter/test/model' \u2014 not in the static registry or litellm catalog; using conservative 128K fallback. Add it to model_registry._MODEL_REGISTRY.\nlitellm cost calculation failed, using fallback: This model isn't mapped yet. model=openrouter/test/model, custom_llm_provider=openrouter. Add it here - https://github.com/BerriAI/litellm/blob/main/model_prices_and_context_window.json.\nUnknown model 'openrouter/test/model' \u2014 not in the static registry or litellm catalog; using conservative 128K fallback. Add it to model_registry._MODEL_REGISTRY.\nUnknown model 'openrouter/test/model' \u2014 not in the static registry or litellm catalog; using conservative 128K fallback. Add it to model_registry._MODEL_REGISTRY.\nUnknown model 'openrouter/test/model' \u2014 not in the static registry or litellm catalog; using conservative 128K fallback. Add it to model_registry._MODEL_REGISTRY.\nlitellm cost calculation failed, using fallback: This model isn't mapped yet. model=openrouter/test/model, custom_llm_provider=openrouter. Add it here - https://github.com/BerriAI/litellm/blob/main/model_prices_and_context_window.json.\nUnknown model 'openrouter/test/model' \u2014 not in the static registry or litellm catalog; using conservative 128K fallback. Add it to model_registry._MODEL_REGISTRY.\nact-observe observe: run baa4f25c-924a-48a7-9fdf-34c6ba4045cf would be told at its stop about 1 unobserved change(s): [SYSTEM] You have made 1 state-changing call (create_task) and have not read that source since. A response you did not inspect may have carried new information, and anything you knew about that source before you changed it is now out of date. Read it again before you write your answer.\nUnknown model 'openrouter/test/model' \u2014 not in the static registry or litellm catalog; using conservative 128K fallback. Add it to model_registry._MODEL_REGISTRY.\nUnknown model 'openrouter/test/model' \u2014 not in the static registry or litellm catalog; using conservative 128K fallback. Add it to model_registry._MODEL_REGISTRY.\nUnknown model 'openrouter/test/model' \u2014 not in the static registry or litellm catalog; using conservative 128K fallback. Add it to model_registry._MODEL_REGISTRY.\nUnknown model 'openrouter/test/model' \u2014 not in the static registry or litellm catalog; using conservative 128K fallback. Add it to model_registry._MODEL_REGISTRY.\nlitellm cost calculation failed, using fallback: This model isn't mapped yet. model=openrouter/test/model, custom_llm_provider=openrouter. Add it here - https://github.com/BerriAI/litellm/blob/main/model_prices_and_context_window.json.\nUnknown model 'openrouter/test/model' \u2014 not in the static registry or litellm catalog; using conservative 128K fallback. Add it to model_registry._MODEL_REGISTRY.\nUnknown model 'openrouter/test/model' \u2014 not in the static registry or litellm catalog; using conservative 128K fallback. Add it to model_registry._MODEL_REGISTRY.\nUnknown model 'openrouter/test/model' \u2014 not in the static registry or litellm catalog; using conservative 128K fallback. Add it to model_registry._MODEL_REGISTRY.\nlitellm cost calculation failed, using fallback: This model isn't mapped yet. model=openrouter/test/model, custom_llm_provider=openrouter. Add it here - https://github.com/BerriAI/litellm/blob/main/model_prices_and_context_window.json.\nUnknown model 'openrouter/test/model' \u2014 not in the static registry or litellm catalog; using conservative 128K fallback. Add it to model_registry._MODEL_REGISTRY.\nact-observe observe: run 2bcb3f87-1bbf-4051-beba-c3ea74ab7ab6 would be told at its stop about 1 unobserved change(s): [SYSTEM] You have made 1 state-changing call (create_task) and have not read that source since. A response you did not inspect may have carried new information, and anything you knew about that source before you changed it is now out of date. Read it again before you write your answer.\nUnknown model 'openrouter/test/model' \u2014 not in the static registry or litellm catalog; using conservative 128K fallback. Add it to model_registry._MODEL_REGISTRY.\nUnknown model 'openrouter/test/model' \u2014 not in the static registry or litellm catalog; using conservative 128K fallback. Add it to model_registry._MODEL_REGISTRY.\nUnknown model 'openrouter/test/model' \u2014 not in the static registry or litellm catalog; using conservative 128K fallback. Add it to model_registry._MODEL_REGISTRY.\nUnknown model 'openrouter/test/model' \u2014 not in the static registry or litellm catalog; using conservative 128K fallback. Add it to model_registry._MODEL_REGISTRY.\nlitellm cost calculation failed, using fallback: This model isn't mapped yet. model=openrouter/test/model, custom_llm_provider=openrouter. Add it here - https://github.com/BerriAI/litellm/blob/main/model_prices_and_context_window.json.\nUnknown model 'openrouter/test/model' \u2014 not in the static registry or litellm catalog; using conservative 128K fallback. Add it to model_registry._MODEL_REGISTRY.\nUnknown model 'openrouter/test/model' \u2014 not in the static registry or litellm catalog; using conservative 128K fallback. Add it to model_registry._MODEL_REGISTRY.\nUnknown model 'openrouter/test/model' \u2014 not in the static registry or litellm catalog; using conservative 128K fallback. Add it to model_registry._MODEL_REGISTRY.\nlitellm cost calculation failed, using fallback: This model isn't mapped yet. model=openrouter/test/model, custom_llm_provider=openrouter. Add it here - https://github.com/BerriAI/litellm/blob/main/model_prices_and_context_window.json.\nUnknown model 'openrouter/test/model' \u2014 not in the static registry or litellm catalog; using conservative 128K fallback. Add it to model_registry._MODEL_REGISTRY.\nact-observe observe: run a3c8faa2-2411-4315-b1a2-e84041bf1af8 would be told at its stop about 1 unobserved change(s): [SYSTEM] You have made 1 state-changing call (create_task) and have not read that source since. A response you did not inspect may have carried new information, and anything you knew about that source before you changed it is now out of date. Read it again before you write your answer.\nUnknown model 'openrouter/test/model' \u2014 not in the static registry or litellm catalog; using conservative 128K fallback. Add it to model_registry._MODEL_REGISTRY.\nUnknown model 'openrouter/test/model' \u2014 not in the static registry or litellm catalog; using conservative 128K fallback. Add it to model_registry._MODEL_REGISTRY.\nUnknown model 'openrouter/test/model' \u2014 not in the static registry or litellm catalog; using conservative 128K fallback. Add it to model_registry._MODEL_REGISTRY.\nUnknown model 'openrouter/test/model' \u2014 not in the static registry or litellm catalog; using conservative 128K fallback. Add it to model_registry._MODEL_REGISTRY.\nlitellm cost calculation failed, using fallback: This model isn't mapped yet. model=openrouter/test/model, custom_llm_provider=openrouter. Add it here - https://github.com/BerriAI/litellm/blob/main/model_prices_and_context_window.json.\nUnknown model 'openrouter/test/model' \u2014 not in the static registry or litellm catalog; using conservative 128K fallback. Add it to model_registry._MODEL_REGISTRY.\nUnknown model 'openrouter/test/model' \u2014 not in the static registry or litellm catalog; using conservative 128K fallback. Add it to model_registry._MODEL_REGISTRY.\nUnknown model 'openrouter/test/model' \u2014 not in the static registry or litellm catalog; using conservative 128K fallback. Add it to model_registry._MODEL_REGISTRY.\nlitellm cost calculation failed, using fallback: This model isn't mapped yet. model=openrouter/test/model, custom_llm_provider=openrouter. Add it here - https://github.com/BerriAI/litellm/blob/main/model_prices_and_context_window.json.\nUnknown model 'openrouter/test/model' \u2014 not in the static registry or litellm catalog; using conservative 128K fallback. Add it to model_registry._MODEL_REGISTRY.\nact-observe observe: run 24943d45-bfb2-48e7-b004-a2f27fdc9889 would be told at its stop about 1 unobserved change(s): [SYSTEM] You have made 1 state-changing call (create_task) and have not read that source since. A response you did not inspect may have carried new information, and anything you knew about that source before you changed it is now out of date. Read it again before you write your answer.\nUnknown model 'openrouter/test/model' \u2014 not in the static registry or litellm catalog; using conservative 128K fallback. Add it to model_registry._MODEL_REGISTRY.\nUnknown model 'openrouter/test/model' \u2014 not in the static registry or litellm catalog; using conservative 128K fallback. Add it to model_registry._MODEL_REGISTRY.\nUnknown model 'openrouter/test/model' \u2014 not in the static registry or litellm catalog; using conservative 128K fallback. Add it to model_registry._MODEL_REGISTRY.\nUnknown model 'openrouter/test/model' \u2014 not in the static registry or litellm catalog; using conservative 128K fallback. Add it to model_registry._MODEL_REGISTRY.\nlitellm cost calculation failed, using fallback: This model isn't mapped yet. model=openrouter/test/model, custom_llm_provider=openrouter. Add it here - https://github.com/BerriAI/litellm/blob/main/model_prices_and_context_window.json.\nUnknown model 'openrouter/test/model' \u2014 not in the static registry or litellm catalog; using conservative 128K fallback. Add it to model_registry._MODEL_REGISTRY.\nUnknown model 'openrouter/test/model' \u2014 not in the static registry or litellm catalog; using conservative 128K fallback. Add it to model_registry._MODEL_REGISTRY.\nUnknown model 'openrouter/test/model' \u2014 not in the static registry or litellm catalog; using conservative 128K fallback. Add it to model_registry._MODEL_REGISTRY.\nlitellm cost calculation failed, using fallback: This model isn't mapped yet. model=openrouter/test/model, custom_llm_provider=openrouter. Add it here - https://github.com/BerriAI/litellm/blob/main/model_prices_and_context_window.json.\nUnknown model 'openrouter/test/model' \u2014 not in the static registry or litellm catalog; using conservative 128K fallback. Add it to model_registry._MODEL_REGISTRY.\nact-observe observe: run b8266805-ab3c-4fc8-aa6c-b5c1298b4b45 would be told at its stop about 1 unobserved change(s): [SYSTEM] You have made 1 state-changing call (create_task) and have not read that source since. A response you did not inspect may have carried new information, and anything you knew about that source before you changed it is now out of date. Read it again before you write your answer.\nUnknown model 'openrouter/test/model' \u2014 not in the static registry or litellm catalog; using conservative 128K fallback. Add it to model_registry._MODEL_REGISTRY.\nUnknown model 'openrouter/test/model' \u2014 not in the static registry or litellm catalog; using conservative 128K fallback. Add it to model_registry._MODEL_REGISTRY.\nUnknown model 'openrouter/test/model' \u2014 not in the static registry or litellm catalog; using conservative 128K fallback. Add it to model_registry._MODEL_REGISTRY.\nUnknown model 'openrouter/test/model' \u2014 not in the static registry or litellm catalog; using conservative 128K fallback. Add it to model_registry._MODEL_REGISTRY.\nlitellm cost calculation failed, using fallback: This model isn't mapped yet. model=openrouter/test/model, custom_llm_provider=openrouter. Add it here - https://github.com/BerriAI/litellm/blob/main/model_prices_and_context_window.json.\nUnknown model 'openrouter/test/model' \u2014 not in the static registry or litellm catalog; using conservative 128K fallback. Add it to model_registry._MODEL_REGISTRY.\nUnknown model 'openrouter/test/model' \u2014 not in the static registry or litellm catalog; using conservative 128K fallback. Add it to model_registry._MODEL_REGISTRY.\nUnknown model 'openrouter/test/model' \u2014 not in the static registry or litellm catalog; using conservative 128K fallback. Add it to model_registry._MODEL_REGISTRY.\nlitellm cost calculation failed, using fallback: This model isn't mapped yet. model=openrouter/test/model, custom_llm_provider=openrouter. Add it here - https://github.com/BerriAI/litellm/blob/main/model_prices_and_context_window.json.\nUnknown model 'openrouter/test/model' \u2014 not in the static registry or litellm catalog; using conservative 128K fallback. Add it to model_registry._MODEL_REGISTRY.\nact-observe observe: run ee0f05f9-de67-4ab7-93ae-c378711bc092 would be told at its stop about 1 unobserved change(s): [SYSTEM] You have made 1 state-changing call (create_task) and have not read that source since. A response you did not inspect may have carried new information, and anything you knew about that source before you changed it is now out of date. Read it again before you write your answer.\nUnknown model 'openrouter/test/model' \u2014 not in the static registry or litellm catalog; using conservative 128K fallback. Add it to model_registry._MODEL_REGISTRY.\nUnknown model 'openrouter/test/model' \u2014 not in the static registry or litellm catalog; using conservative 128K fallback. Add it to model_registry._MODEL_REGISTRY.\nUnknown model 'openrouter/test/model' \u2014 not in the static registry or litellm catalog; using conservative 128K fallback. Add it to model_registry._MODEL_REGISTRY.\nUnknown model 'openrouter/test/model' \u2014 not in the static registry or litellm catalog; using conservative 128K fallback. Add it to model_registry._MODEL_REGISTRY.\nlitellm cost calculation failed, using fallback: This model isn't mapped yet. model=openrouter/test/model, custom_llm_provider=openrouter. Add it here - https://github.com/BerriAI/litellm/blob/main/model_prices_and_context_window.json.\nUnknown model 'openrouter/test/model' \u2014 not in the static registry or litellm catalog; using conservative 128K fallback. Add it to model_registry._MODEL_REGISTRY.\nUnknown model 'openrouter/test/model' \u2014 not in the static registry or litellm catalog; using conservative 128K fallback. Add it to model_registry._MODEL_REGISTRY.\nUnknown model 'openrouter/test/model' \u2014 not in the static registry or litellm catalog; using conservative 128K fallback. Add it to model_registry._MODEL_REGISTRY.\nlitellm cost calculation failed, using fallback: This model isn't mapped yet. model=openrouter/test/model, custom_llm_provider=openrouter. Add it here - https://github.com/BerriAI/litellm/blob/main/model_prices_and_context_window.json.\nUnknown model 'openrouter/test/model' \u2014 not in the static registry or litellm catalog; using conservative 128K fallback. Add it to model_registry._MODEL_REGISTRY.\nact-observe observe: run df60a9b0-1751-4a12-82d8-7c32bc7e59d1 would be told at its stop about 1 unobserved change(s): [SYSTEM] You have made 1 state-changing call (create_task) and have not read that source since. A response you did not inspect may have carried new information, and anything you knew about that source before you changed it is now out of date. Read it again before you write your answer.\nUnknown model 'openrouter/test/model' \u2014 not in the static registry or litellm catalog; using conservative 128K fallback. Add it to model_registry._MODEL_REGISTRY.\nUnknown model 'openrouter/test/model' \u2014 not in the static registry or litellm catalog; using conservative 128K fallback. Add it to model_registry._MODEL_REGISTRY.\nUnknown model 'openrouter/test/model' \u2014 not in the static registry or litellm catalog; using conservative 128K fallback. Add it to model_registry._MODEL_REGISTRY.\nUnknown model 'openrouter/test/model' \u2014 not in the static registry or litellm catalog; using conservative 128K fallback. Add it to model_registry._MODEL_REGISTRY.\nlitellm cost calculation failed, using fallback: This model isn't mapped yet. model=openrouter/test/model, custom_llm_provider=openrouter. Add it here - https://github.com/BerriAI/litellm/blob/main/model_prices_and_context_window.json.\nUnknown model 'openrouter/test/model' \u2014 not in the static registry or litellm catalog; using conservative 128K fallback. Add it to model_registry._MODEL_REGISTRY.\nUnknown model 'openrouter/test/model' \u2014 not in the static registry or litellm catalog; using conservative 128K fallback. Add it to model_registry._MODEL_REGISTRY.\nUnknown model 'openrouter/test/model' \u2014 not in the static registry or litellm catalog; using conservative 128K fallback. Add it to model_registry._MODEL_REGISTRY.\nlitellm cost calculation failed, using fallback: This model isn't mapped yet. model=openrouter/test/model, custom_llm_provider=openrouter. Add it here - https://github.com/BerriAI/litellm/blob/main/model_prices_and_context_window.json.\nUnknown model 'openrouter/test/model' \u2014 not in the static registry or litellm catalog; using conservative 128K fallback. Add it to model_registry._MODEL_REGISTRY.\nact-observe observe: run 6372d16d-97cc-4d6a-8bed-3ea20031b0d3 would be told at its stop about 1 unobserved change(s): [SYSTEM] You have made 1 state-changing call (create_task) and have not read that source since. A response you did not inspect may have carried new information, and anything you knew about that source before you changed it is now out of date. Read it again before you write your answer.\nUnknown model 'openrouter/test/model' \u2014 not in the static registry or litellm catalog; using conservative 128K fallback. Add it to model_registry._MODEL_REGISTRY.\nUnknown model 'openrouter/test/model' \u2014 not in the static registry or litellm catalog; using conservative 128K fallback. Add it to model_registry._MODEL_REGISTRY.\nUnknown model 'openrouter/test/model' \u2014 not in the static registry or litellm catalog; using conservative 128K fallback. Add it to model_registry._MODEL_REGISTRY.\nUnknown model 'openrouter/test/model' \u2014 not in the static registry or litellm catalog; using conservative 128K fallback. Add it to model_registry._MODEL_REGISTRY.\nlitellm cost calculation failed, using fallback: This model isn't mapped yet. model=openrouter/test/model, custom_llm_provider=openrouter. Add it here - https://github.com/BerriAI/litellm/blob/main/model_prices_and_context_window.json.\nUnknown model 'openrouter/test/model' \u2014 not in the static registry or litellm catalog; using conservative 128K fallback. Add it to model_registry._MODEL_REGISTRY.\nUnknown model 'openrouter/test/model' \u2014 not in the static registry or litellm catalog; using conservative 128K fallback. Add it to model_registry._MODEL_REGISTRY.\nUnknown model 'openrouter/test/model' \u2014 not in the static registry or litellm catalog; using conservative 128K fallback. Add it to model_registry._MODEL_REGISTRY.\nlitellm cost calculation failed, using fallback: This model isn't mapped yet. model=openrouter/test/model, custom_llm_provider=openrouter. Add it here - https://github.com/BerriAI/litellm/blob/main/model_prices_and_context_window.json.\nUnknown model 'openrouter/test/model' \u2014 not in the static registry or litellm catalog; using conservative 128K fallback. Add it to model_registry._MODEL_REGISTRY.\nact-observe observe: run b27f92c0-edb4-4767-837d-4691055116fa would be told at its stop about 1 unobserved change(s): [SYSTEM] You have made 1 state-changing call (create_task) and have not read that source since. A response you did not inspect may have carried new information, and anything you knew about that source before you changed it is now out of date. Read it again before you write your answer.\nUnknown model 'openrouter/test/model' \u2014 not in the static registry or litellm catalog; using conservative 128K fallback. Add it to model_registry._MODEL_REGISTRY.\nUnknown model 'openrouter/test/model' \u2014 not in the static registry or litellm catalog; using conservative 128K fallback. Add it to model_registry._MODEL_REGISTRY.\nUnknown model 'openrouter/test/model' \u2014 not in the static registry or litellm catalog; using conservative 128K fallback. Add it to model_registry._MODEL_REGISTRY.\nUnknown model 'openrouter/test/model' \u2014 not in the static registry or litellm catalog; using conservative 128K fallback. Add it to model_registry._MODEL_REGISTRY.\nlitellm cost calculation failed, using fallback: This model isn't mapped yet. model=openrouter/test/model, custom_llm_provider=openrouter. Add it here - https://github.com/BerriAI/litellm/blob/main/model_prices_and_context_window.json.\nUnknown model 'openrouter/test/model' \u2014 not in the static registry or litellm catalog; using conservative 128K fallback. Add it to model_registry._MODEL_REGISTRY.\nUnknown model 'openrouter/test/model' \u2014 not in the static registry or litellm catalog; using conservative 128K fallback. Add it to model_registry._MODEL_REGISTRY.\nUnknown model 'openrouter/test/model' \u2014 not in the static registry or litellm catalog; using conservative 128K fallback. Add it to model_registry._MODEL_REGISTRY.\nlitellm cost calculation failed, using fallback: This model isn't mapped yet. model=openrouter/test/model, custom_llm_provider=openrouter. Add it here - https://github.com/BerriAI/litellm/blob/main/model_prices_and_context_window.json.\nUnknown model 'openrouter/test/model' \u2014 not in the static registry or litellm catalog; using conservative 128K fallback. Add it to model_registry._MODEL_REGISTRY.\nact-observe observe: run 5197a92d-a9eb-4e15-937c-217d29469a6c would be told at its stop about 1 unobserved change(s): [SYSTEM] You have made 1 state-changing call (create_task) and have not read that source since. A response you did not inspect may have carried new information, and anything you knew about that source before you changed it is now out of date. Read it again before you write your answer.\nUnknown model 'openrouter/test/model' \u2014 not in the static registry or litellm catalog; using conservative 128K fallback. Add it to model_registry._MODEL_REGISTRY.\nUnknown model 'openrouter/test/model' \u2014 not in the static registry or litellm catalog; using conservative 128K fallback. Add it to model_registry._MODEL_REGISTRY.\nUnknown model 'openrouter/test/model' \u2014 not in the static registry or litellm catalog; using conservative 128K fallback. Add it to model_registry._MODEL_REGISTRY.\nUnknown model 'openrouter/test/model' \u2014 not in the static registry or litellm catalog; using conservative 128K fallback. Add it to model_registry._MODEL_REGISTRY.\nlitellm cost calculation failed, using fallback: This model isn't mapped yet. model=openrouter/test/model, custom_llm_provider=openrouter. Add it here - https://github.com/BerriAI/litellm/blob/main/model_prices_and_context_window.json.\nUnknown model 'openrouter/test/model' \u2014 not in the static registry or litellm catalog; using conservative 128K fallback. Add it to model_registry._MODEL_REGISTRY.\nUnknown model 'openrouter/test/model' \u2014 not in the static registry or litellm catalog; using conservative 128K fallback. Add it to model_registry._MODEL_REGISTRY.\nUnknown model 'openrouter/test/model' \u2014 not in the static registry or litellm catalog; using conservative 128K fallback. Add it to model_registry._MODEL_REGISTRY.\nlitellm cost calculation failed, using fallback: This model isn't mapped yet. model=openrouter/test/model, custom_llm_provider=openrouter. Add it here - https://github.com/BerriAI/litellm/blob/main/model_prices_and_context_window.json.\nUnknown model 'openrouter/test/model' \u2014 not in the static registry or litellm catalog; using conservative 128K fallback. Add it to model_registry._MODEL_REGISTRY.\nact-observe observe: run 7081672e-437a-4600-891d-d55429162ca5 would be told at its stop about 1 unobserved change(s): [SYSTEM] You have made 1 state-changing call (create_task) and have not read that source since. A response you did not inspect may have carried new information, and anything you knew about that source before you changed it is now out of date. Read it again before you write your answer.\nUnknown model 'openrouter/test/model' \u2014 not in the static registry or litellm catalog; using conservative 128K fallback. Add it to model_registry._MODEL_REGISTRY.\nUnknown model 'openrouter/test/model' \u2014 not in the static registry or litellm catalog; using conservative 128K fallback. Add it to model_registry._MODEL_REGISTRY.\nUnknown model 'openrouter/test/model' \u2014 not in the static registry or litellm catalog; using conservative 128K fallback. Add it to model_registry._MODEL_REGISTRY.\nUnknown model 'openrouter/test/model' \u2014 not in the static registry or litellm catalog; using conservative 128K fallback. Add it to model_registry._MODEL_REGISTRY.\nlitellm cost calculation failed, using fallback: This model isn't mapped yet. model=openrouter/test/model, custom_llm_provider=openrouter. Add it here - https://github.com/BerriAI/litellm/blob/main/model_prices_and_context_window.json.\nUnknown model 'openrouter/test/model' \u2014 not in the static registry or litellm catalog; using conservative 128K fallback. Add it to model_registry._MODEL_REGISTRY.\nUnknown model 'openrouter/test/model' \u2014 not in the static registry or litellm catalog; using conservative 128K fallback. Add it to model_registry._MODEL_REGISTRY.\nUnknown model 'openrouter/test/model' \u2014 not in the static registry or litellm catalog; using conservative 128K fallback. Add it to model_registry._MODEL_REGISTRY.\nlitellm cost calculation failed, using fallback: This model isn't mapped yet. model=openrouter/test/model, custom_llm_provider=openrouter. Add it here - https://github.com/BerriAI/litellm/blob/main/model_prices_and_context_window.json.\nUnknown model 'openrouter/test/model' \u2014 not in the static registry or litellm catalog; using conservative 128K fallback. Add it to model_registry._MODEL_REGISTRY.\nact-observe observe: run 2405dd35-d94b-4fe6-96df-6fef9246ce20 would be told at its stop about 1 unobserved change(s): [SYSTEM] You have made 1 state-changing call (create_task) and have not read that source since. A response you did not inspect may have carried new information, and anything you knew about that source before you changed it is now out of date. Read it again before you write your answer.\nUnknown model 'openrouter/test/model' \u2014 not in the static registry or litellm catalog; using conservative 128K fallback. Add it to model_registry._MODEL_REGISTRY.\nUnknown model 'openrouter/test/model' \u2014 not in the static registry or litellm catalog; using conservative 128K fallback. Add it to model_registry._MODEL_REGISTRY.\nUnknown model 'openrouter/test/model' \u2014 not in the static registry or litellm catalog; using conservative 128K fallback. Add it to model_registry._MODEL_REGISTRY.\nUnknown model 'openrouter/test/model' \u2014 not in the static registry or litellm catalog; using conservative 128K fallback. Add it to model_registry._MODEL_REGISTRY.\nlitellm cost calculation failed, using fallback: This model isn't mapped yet. model=openrouter/test/model, custom_llm_provider=openrouter. Add it here - https://github.com/BerriAI/litellm/blob/main/model_prices_and_context_window.json.\nUnknown model 'openrouter/test/model' \u2014 not in the static registry or litellm catalog; using conservative 128K fallback. Add it to model_registry._MODEL_REGISTRY.\nUnknown model 'openrouter/test/model' \u2014 not in the static registry or litellm catalog; using conservative 128K fallback. Add it to model_registry._MODEL_REGISTRY.\nUnknown model 'openrouter/test/model' \u2014 not in the static registry or litellm catalog; using conservative 128K fallback. Add it to model_registry._MODEL_REGISTRY.\nlitellm cost calculation failed, using fallback: This model isn't mapped yet. model=openrouter/test/model, custom_llm_provider=openrouter. Add it here - https://github.com/BerriAI/litellm/blob/main/model_prices_and_context_window.json.\nUnknown model 'openrouter/test/model' \u2014 not in the static registry or litellm catalog; using conservative 128K fallback. Add it to model_registry._MODEL_REGISTRY.\nact-observe observe: run bce445e8-ebad-4025-916e-877189556dac would be told at its stop about 1 unobserved change(s): [SYSTEM] You have made 1 state-changing call (create_task) and have not read that source since. A response you did not inspect may have carried new information, and anything you knew about that source before you changed it is now out of date. Read it again before you write your answer.\nUnknown model 'openrouter/test/model' \u2014 not in the static registry or litellm catalog; using conservative 128K fallback. Add it to model_registry._MODEL_REGISTRY.\nUnknown model 'openrouter/test/model' \u2014 not in the static registry or litellm catalog; using conservative 128K fallback. Add it to model_registry._MODEL_REGISTRY.\nUnknown model 'openrouter/test/model' \u2014 not in the static registry or litellm catalog; using conservative 128K fallback. Add it to model_registry._MODEL_REGISTRY.\nUnknown model 'openrouter/test/model' \u2014 not in the static registry or litellm catalog; using conservative 128K fallback. Add it to model_registry._MODEL_REGISTRY.\nlitellm cost calculation failed, using fallback: This model isn't mapped yet. model=openrouter/test/model, custom_llm_provider=openrouter. Add it here - https://github.com/BerriAI/litellm/blob/main/model_prices_and_context_window.json.\nUnknown model 'openrouter/test/model' \u2014 not in the static registry or litellm catalog; using conservative 128K fallback. Add it to model_registry._MODEL_REGISTRY.\nUnknown model 'openrouter/test/model' \u2014 not in the static registry or litellm catalog; using conservative 128K fallback. Add it to model_registry._MODEL_REGISTRY.\nUnknown model 'openrouter/test/model' \u2014 not in the static registry or litellm catalog; using conservative 128K fallback. Add it to model_registry._MODEL_REGISTRY.\nlitellm cost calculation failed, using fallback: This model isn't mapped yet. model=openrouter/test/model, custom_llm_provider=openrouter. Add it here - https://github.com/BerriAI/litellm/blob/main/model_prices_and_context_window.json.\nUnknown model 'openrouter/test/model' \u2014 not in the static registry or litellm catalog; using conservative 128K fallback. Add it to model_registry._MODEL_REGISTRY.\nact-observe observe: run fa74bea4-1259-4746-a6a5-c91d6db87448 would be told at its stop about 1 unobserved change(s): [SYSTEM] You have made 1 state-changing call (create_task) and have not read that source since. A response you did not inspect may have carried new information, and anything you knew about that source before you changed it is now out of date. Read it again before you write your answer.\nUnknown model 'openrouter/test/model' \u2014 not in the static registry or litellm catalog; using conservative 128K fallback. Add it to model_registry._MODEL_REGISTRY.\nUnknown model 'openrouter/test/model' \u2014 not in the static registry or litellm catalog; using conservative 128K fallback. Add it to model_registry._MODEL_REGISTRY.\nUnknown model 'openrouter/test/model' \u2014 not in the static registry or litellm catalog; using conservative 128K fallback. Add it to model_registry._MODEL_REGISTRY.\nUnknown model 'openrouter/test/model' \u2014 not in the static registry or litellm catalog; using conservative 128K fallback. Add it to model_registry._MODEL_REGISTRY.\nlitellm cost calculation failed, using fallback: This model isn't mapped yet. model=openrouter/test/model, custom_llm_provider=openrouter. Add it here - https://github.com/BerriAI/litellm/blob/main/model_prices_and_context_window.json.\nUnknown model 'openrouter/test/model' \u2014 not in the static registry or litellm catalog; using conservative 128K fallback. Add it to model_registry._MODEL_REGISTRY.\nUnknown model 'openrouter/test/model' \u2014 not in the static registry or litellm catalog; using conservative 128K fallback. Add it to model_registry._MODEL_REGISTRY.\nUnknown model 'openrouter/test/model' \u2014 not in the static registry or litellm catalog; using conservative 128K fallback. Add it to model_registry._MODEL_REGISTRY.\nlitellm cost calculation failed, using fallback: This model isn't mapped yet. model=openrouter/test/model, custom_llm_provider=openrouter. Add it here - https://github.com/BerriAI/litellm/blob/main/model_prices_and_context_window.json.\nUnknown model 'openrouter/test/model' \u2014 not in the static registry or litellm catalog; using conservative 128K fallback. Add it to model_registry._MODEL_REGISTRY.\nact-observe observe: run cefb3e67-aa0c-4c56-994e-455ee5c9f841 would be told at its stop about 1 unobserved change(s): [SYSTEM] You have made 1 state-changing call (create_task) and have not read that source since. A response you did not inspect may have carried new information, and anything you knew about that source before you changed it is now out of date. Read it again before you write your answer.\nUnknown model 'openrouter/test/model' \u2014 not in the static registry or litellm catalog; using conservative 128K fallback. Add it to model_registry._MODEL_REGISTRY.\nUnknown model 'openrouter/test/model' \u2014 not in the static registry or litellm catalog; using conservative 128K fallback. Add it to model_registry._MODEL_REGISTRY.\nUnknown model 'openrouter/test/model' \u2014 not in the static registry or litellm catalog; using conservative 128K fallback. Add it to model_registry._MODEL_REGISTRY.\nUnknown model 'openrouter/test/model' \u2014 not in the static registry or litellm catalog; using conservative 128K fallback. Add it to model_registry._MODEL_REGISTRY.\nlitellm cost calculation failed, using fallback: This model isn't mapped yet. model=openrouter/test/model, custom_llm_provider=openrouter. Add it here - https://github.com/BerriAI/litellm/blob/main/model_prices_and_context_window.json.\nUnknown model 'openrouter/test/model' \u2014 not in the static registry or litellm catalog; using conservative 128K fallback. Add it to model_registry._MODEL_REGISTRY.\nUnknown model 'openrouter/test/model' \u2014 not in the static registry or litellm catalog; using conservative 128K fallback. Add it to model_registry._MODEL_REGISTRY.\nUnknown model 'openrouter/test/model' \u2014 not in the static registry or litellm catalog; using conservative 128K fallback. Add it to model_registry._MODEL_REGISTRY.\nlitellm cost calculation failed, using fallback: This model isn't mapped yet. model=openrouter/test/model, custom_llm_provider=openrouter. Add it here - https://github.com/BerriAI/litellm/blob/main/model_prices_and_context_window.json.\nUnknown model 'openrouter/test/model' \u2014 not in the static registry or litellm catalog; using conservative 128K fallback. Add it to model_registry._MODEL_REGISTRY.\nact-observe observe: run 17714cef-5eaa-4d7b-b777-ec5363ddd781 would be told at its stop about 1 unobserved change(s): [SYSTEM] You have made 1 state-changing call (create_task) and have not read that source since. A response you did not inspect may have carried new information, and anything you knew about that source before you changed it is now out of date. Read it again before you write your answer.\nUnknown model 'openrouter/test/model' \u2014 not in the static registry or litellm catalog; using conservative 128K fallback. Add it to model_registry._MODEL_REGISTRY.\nUnknown model 'openrouter/test/model' \u2014 not in the static registry or litellm catalog; using conservative 128K fallback. Add it to model_registry._MODEL_REGISTRY.\nUnknown model 'openrouter/test/model' \u2014 not in the static registry or litellm catalog; using conservative 128K fallback. Add it to model_registry._MODEL_REGISTRY.\nUnknown model 'openrouter/test/model' \u2014 not in the static registry or litellm catalog; using conservative 128K fallback. Add it to model_registry._MODEL_REGISTRY.\nlitellm cost calculation failed, using fallback: This model isn't mapped yet. model=openrouter/test/model, custom_llm_provider=openrouter. Add it here - https://github.com/BerriAI/litellm/blob/main/model_prices_and_context_window.json.\nUnknown model 'openrouter/test/model' \u2014 not in the static registry or litellm catalog; using conservative 128K fallback. Add it to model_registry._MODEL_REGISTRY.\nUnknown model 'openrouter/test/model' \u2014 not in the static registry or litellm catalog; using conservative 128K fallback. Add it to model_registry._MODEL_REGISTRY.\nUnknown model 'openrouter/test/model' \u2014 not in the static registry or litellm catalog; using conservative 128K fallback. Add it to model_registry._MODEL_REGISTRY.\nlitellm cost calculation failed, using fallback: This model isn't mapped yet. model=openrouter/test/model, custom_llm_provider=openrouter. Add it here - https://github.com/BerriAI/litellm/blob/main/model_prices_and_context_window.json.\nUnknown model 'openrouter/test/model' \u2014 not in the static registry or litellm catalog; using conservative 128K fallback. Add it to model_registry._MODEL_REGISTRY.\nact-observe observe: run 26e510ff-4285-4529-906f-050ee44bc837 would be told at its stop about 1 unobserved change(s): [SYSTEM] You have made 1 state-changing call (create_task) and have not read that source since. A response you did not inspect may have carried new information, and anything you knew about that source before you changed it is now out of date. Read it again before you write your answer.\nUnknown model 'openrouter/test/model' \u2014 not in the static registry or litellm catalog; using conservative 128K fallback. Add it to model_registry._MODEL_REGISTRY.\nUnknown model 'openrouter/test/model' \u2014 not in the static registry or litellm catalog; using conservative 128K fallback. Add it to model_registry._MODEL_REGISTRY.\nUnknown model 'openrouter/test/model' \u2014 not in the static registry or litellm catalog; using conservative 128K fallback. Add it to model_registry._MODEL_REGISTRY.\nUnknown model 'openrouter/test/model' \u2014 not in the static registry or litellm catalog; using conservative 128K fallback. Add it to model_registry._MODEL_REGISTRY.\nlitellm cost calculation failed, using fallback: This model isn't mapped yet. model=openrouter/test/model, custom_llm_provider=openrouter. Add it here - https://github.com/BerriAI/litellm/blob/main/model_prices_and_context_window.json.\nUnknown model 'openrouter/test/model' \u2014 not in the static registry or litellm catalog; using conservative 128K fallback. Add it to model_registry._MODEL_REGISTRY.\nUnknown model 'openrouter/test/model' \u2014 not in the static registry or litellm catalog; using conservative 128K fallback. Add it to model_registry._MODEL_REGISTRY.\nUnknown model 'openrouter/test/model' \u2014 not in the static registry or litellm catalog; using conservative 128K fallback. Add it to model_registry._MODEL_REGISTRY.\nlitellm cost calculation failed, using fallback: This model isn't mapped yet. model=openrouter/test/model, custom_llm_provider=openrouter. Add it here - https://github.com/BerriAI/litellm/blob/main/model_prices_and_context_window.json.\nUnknown model 'openrouter/test/model' \u2014 not in the static registry or litellm catalog; using conservative 128K fallback. Add it to model_registry._MODEL_REGISTRY.\nact-observe observe: run c541e5f9-59de-47c0-9603-ee4dd96e6688 would be told at its stop about 1 unobserved change(s): [SYSTEM] You have made 1 state-changing call (create_task) and have not read that source since. A response you did not inspect may have carried new information, and anything you knew about that source before you changed it is now out of date. Read it again before you write your answer.\nUnknown model 'openrouter/test/model' \u2014 not in the static registry or litellm catalog; using conservative 128K fallback. Add it to model_registry._MODEL_REGISTRY.\nUnknown model 'openrouter/test/model' \u2014 not in the static registry or litellm catalog; using conservative 128K fallback. Add it to model_registry._MODEL_REGISTRY.\nUnknown model 'openrouter/test/model' \u2014 not in the static registry or litellm catalog; using conservative 128K fallback. Add it to model_registry._MODEL_REGISTRY.\nUnknown model 'openrouter/test/model' \u2014 not in the static registry or litellm catalog; using conservative 128K fallback. Add it to model_registry._MODEL_REGISTRY.\nlitellm cost calculation failed, using fallback: This model isn't mapped yet. model=openrouter/test/model, custom_llm_provider=openrouter. Add it here - https://github.com/BerriAI/litellm/blob/main/model_prices_and_context_window.json.\nUnknown model 'openrouter/test/model' \u2014 not in the static registry or litellm catalog; using conservative 128K fallback. Add it to model_registry._MODEL_REGISTRY.\nUnknown model 'openrouter/test/model' \u2014 not in the static registry or litellm catalog; using conservative 128K fallback. Add it to model_registry._MODEL_REGISTRY.\nUnknown model 'openrouter/test/model' \u2014 not in the static registry or litellm catalog; using conservative 128K fallback. Add it to model_registry._MODEL_REGISTRY.\nlitellm cost calculation failed, using fallback: This model isn't mapped yet. model=openrouter/test/model, custom_llm_provider=openrouter. Add it here - https://github.com/BerriAI/litellm/blob/main/model_prices_and_context_window.json.\nUnknown model 'openrouter/test/model' \u2014 not in the static registry or litellm catalog; using conservative 128K fallback. Add it to model_registry._MODEL_REGISTRY.\nact-observe observe: run 326aa8a8-bbda-4fab-a3d6-aed1f34803c9 would be told at its stop about 1 unobserved change(s): [SYSTEM] You have made 1 state-changing call (create_task) and have not read that source since. A response you did not inspect may have carried new information, and anything you knew about that source before you changed it is now out of date. Read it again before you write your answer.\nUnknown model 'openrouter/test/model' \u2014 not in the static registry or litellm catalog; using conservative 128K fallback. Add it to model_registry._MODEL_REGISTRY.\nUnknown model 'openrouter/test/model' \u2014 not in the static registry or litellm catalog; using conservative 128K fallback. Add it to model_registry._MODEL_REGISTRY.\nUnknown model 'openrouter/test/model' \u2014 not in the static registry or litellm catalog; using conservative 128K fallback. Add it to model_registry._MODEL_REGISTRY.\nUnknown model 'openrouter/test/model' \u2014 not in the static registry or litellm catalog; using conservative 128K fallback. Add it to model_registry._MODEL_REGISTRY.\nlitellm cost calculation failed, using fallback: This model isn't mapped yet. model=openrouter/test/model, custom_llm_provider=openrouter. Add it here - https://github.com/BerriAI/litellm/blob/main/model_prices_and_context_window.json.\nUnknown model 'openrouter/test/model' \u2014 not in the static registry or litellm catalog; using conservative 128K fallback. Add it to model_registry._MODEL_REGISTRY.\nUnknown model 'openrouter/test/model' \u2014 not in the static registry or litellm catalog; using conservative 128K fallback. Add it to model_registry._MODEL_REGISTRY.\nUnknown model 'openrouter/test/model' \u2014 not in the static registry or litellm catalog; using conservative 128K fallback. Add it to model_registry._MODEL_REGISTRY.\nlitellm cost calculation failed, using fallback: This model isn't mapped yet. model=openrouter/test/model, custom_llm_provider=openrouter. Add it here - https://github.com/BerriAI/litellm/blob/main/model_prices_and_context_window.json.\nUnknown model 'openrouter/test/model' \u2014 not in the static registry or litellm catalog; using conservative 128K fallback. Add it to model_registry._MODEL_REGISTRY.\nact-observe observe: run e8768934-100b-4cf2-8012-c58863f07c03 would be told at its stop about 1 unobserved change(s): [SYSTEM] You have made 1 state-changing call (create_task) and have not read that source since. A response you did not inspect may have carried new information, and anything you knew about that source before you changed it is now out of date. Read it again before you write your answer.\nUnknown model 'openrouter/test/model' \u2014 not in the static registry or litellm catalog; using conservative 128K fallback. Add it to model_registry._MODEL_REGISTRY.\nUnknown model 'openrouter/test/model' \u2014 not in the static registry or litellm catalog; using conservative 128K fallback. Add it to model_registry._MODEL_REGISTRY.\nUnknown model 'openrouter/test/model' \u2014 not in the static registry or litellm catalog; using conservative 128K fallback. Add it to model_registry._MODEL_REGISTRY.\nUnknown model 'openrouter/test/model' \u2014 not in the static registry or litellm catalog; using conservative 128K fallback. Add it to model_registry._MODEL_REGISTRY.\nlitellm cost calculation failed, using fallback: This model isn't mapped yet. model=openrouter/test/model, custom_llm_provider=openrouter. Add it here - https://github.com/BerriAI/litellm/blob/main/model_prices_and_context_window.json.\nUnknown model 'openrouter/test/model' \u2014 not in the static registry or litellm catalog; using conservative 128K fallback. Add it to model_registry._MODEL_REGISTRY.\nUnknown model 'openrouter/test/model' \u2014 not in the static registry or litellm catalog; using conservative 128K fallback. Add it to model_registry._MODEL_REGISTRY.\nUnknown model 'openrouter/test/model' \u2014 not in the static registry or litellm catalog; using conservative 128K fallback. Add it to model_registry._MODEL_REGISTRY.\nlitellm cost calculation failed, using fallback: This model isn't mapped yet. model=openrouter/test/model, custom_llm_provider=openrouter. Add it here - https://github.com/BerriAI/litellm/blob/main/model_prices_and_context_window.json.\nUnknown model 'openrouter/test/model' \u2014 not in the static registry or litellm catalog; using conservative 128K fallback. Add it to model_registry._MODEL_REGISTRY.\nact-observe observe: run eac82199-5418-43ea-9316-c422f277a212 would be told at its stop about 1 unobserved change(s): [SYSTEM] You have made 1 state-changing call (create_task) and have not read that source since. A response you did not inspect may have carried new information, and anything you knew about that source before you changed it is now out of date. Read it again before you write your answer.\nUnknown model 'openrouter/test/model' \u2014 not in the static registry or litellm catalog; using conservative 128K fallback. Add it to model_registry._MODEL_REGISTRY.\nUnknown model 'openrouter/test/model' \u2014 not in the static registry or litellm catalog; using conservative 128K fallback. Add it to model_registry._MODEL_REGISTRY.\nUnknown model 'openrouter/test/model' \u2014 not in the static registry or litellm catalog; using conservative 128K fallback. Add it to model_registry._MODEL_REGISTRY.\nUnknown model 'openrouter/test/model' \u2014 not in the static registry or litellm catalog; using conservative 128K fallback. Add it to model_registry._MODEL_REGISTRY.\nlitellm cost calculation failed, using fallback: This model isn't mapped yet. model=openrouter/test/model, custom_llm_provider=openrouter. Add it here - https://github.com/BerriAI/litellm/blob/main/model_prices_and_context_window.json.\nUnknown model 'openrouter/test/model' \u2014 not in the static registry or litellm catalog; using conservative 128K fallback. Add it to model_registry._MODEL_REGISTRY.\nUnknown model 'openrouter/test/model' \u2014 not in the static registry or litellm catalog; using conservative 128K fallback. Add it to model_registry._MODEL_REGISTRY.\nUnknown model 'openrouter/test/model' \u2014 not in the static registry or litellm catalog; using conservative 128K fallback. Add it to model_registry._MODEL_REGISTRY.\nlitellm cost calculation failed, using fallback: This model isn't mapped yet. model=openrouter/test/model, custom_llm_provider=openrouter. Add it here - https://github.com/BerriAI/litellm/blob/main/model_prices_and_context_window.json.\nUnknown model 'openrouter/test/model' \u2014 not in the static registry or litellm catalog; using conservative 128K fallback. Add it to model_registry._MODEL_REGISTRY.\nact-observe observe: run d5bd6b4d-5f2e-471d-a552-02b8966bba2c would be told at its stop about 1 unobserved change(s): [SYSTEM] You have made 1 state-changing call (create_task) and have not read that source since. A response you did not inspect may have carried new information, and anything you knew about that source before you changed it is now out of date. Read it again before you write your answer.\nUnknown model 'openrouter/test/model' \u2014 not in the static registry or litellm catalog; using conservative 128K fallback. Add it to model_registry._MODEL_REGISTRY.\nUnknown model 'openrouter/test/model' \u2014 not in the static registry or litellm catalog; using conservative 128K fallback. Add it to model_registry._MODEL_REGISTRY.\nUnknown model 'openrouter/test/model' \u2014 not in the static registry or litellm catalog; using conservative 128K fallback. Add it to model_registry._MODEL_REGISTRY.\nUnknown model 'openrouter/test/model' \u2014 not in the static registry or litellm catalog; using conservative 128K fallback. Add it to model_registry._MODEL_REGISTRY.\nlitellm cost calculation failed, using fallback: This model isn't mapped yet. model=openrouter/test/model, custom_llm_provider=openrouter. Add it here - https://github.com/BerriAI/litellm/blob/main/model_prices_and_context_window.json.\nUnknown model 'openrouter/test/model' \u2014 not in the static registry or litellm catalog; using conservative 128K fallback. Add it to model_registry._MODEL_REGISTRY.\nUnknown model 'openrouter/test/model' \u2014 not in the static registry or litellm catalog; using conservative 128K fallback. Add it to model_registry._MODEL_REGISTRY.\nUnknown model 'openrouter/test/model' \u2014 not in the static registry or litellm catalog; using conservative 128K fallback. Add it to model_registry._MODEL_REGISTRY.\nlitellm cost calculation failed, using fallback: This model isn't mapped yet. model=openrouter/test/model, custom_llm_provider=openrouter. Add it here - https://github.com/BerriAI/litellm/blob/main/model_prices_and_context_window.json.\nUnknown model 'openrouter/test/model' \u2014 not in the static registry or litellm catalog; using conservative 128K fallback. Add it to model_registry._MODEL_REGISTRY.\nact-observe observe: run 815a960c-b1f3-4ad6-b8f5-83c92fe26242 would be told at its stop about 1 unobserved change(s): [SYSTEM] You have made 1 state-changing call (create_task) and have not read that source since. A response you did not inspect may have carried new information, and anything you knew about that source before you changed it is now out of date. Read it again before you write your answer.\nUnknown model 'openrouter/test/model' \u2014 not in the static registry or litellm catalog; using conservative 128K fallback. Add it to model_registry._MODEL_REGISTRY.\nUnknown model 'openrouter/test/model' \u2014 not in the static registry or litellm catalog; using conservative 128K fallback. Add it to model_registry._MODEL_REGISTRY.\nUnknown model 'openrouter/test/model' \u2014 not in the static registry or litellm catalog; using conservative 128K fallback. Add it to model_registry._MODEL_REGISTRY.\nUnknown model 'openrouter/test/model' \u2014 not in the static registry or litellm catalog; using conservative 128K fallback. Add it to model_registry._MODEL_REGISTRY.\nlitellm cost calculation failed, using fallback: This model isn't mapped yet. model=openrouter/test/model, custom_llm_provider=openrouter. Add it here - https://github.com/BerriAI/litellm/blob/main/model_prices_and_context_window.json.\nUnknown model 'openrouter/test/model' \u2014 not in the static registry or litellm catalog; using conservative 128K fallback. Add it to model_registry._MODEL_REGISTRY.\nUnknown model 'openrouter/test/model' \u2014 not in the static registry or litellm catalog; using conservative 128K fallback. Add it to model_registry._MODEL_REGISTRY.\nUnknown model 'openrouter/test/model' \u2014 not in the static registry or litellm catalog; using conservative 128K fallback. Add it to model_registry._MODEL_REGISTRY.\nlitellm cost calculation failed, using fallback: This model isn't mapped yet. model=openrouter/test/model, custom_llm_provider=openrouter. Add it here - https://github.com/BerriAI/litellm/blob/main/model_prices_and_context_window.json.\nUnknown model 'openrouter/test/model' \u2014 not in the static registry or litellm catalog; using conservative 128K fallback. Add it to model_registry._MODEL_REGISTRY.\nact-observe observe: run eadad1e6-03a8-4da3-a615-83bb14a5387e would be told at its stop about 1 unobserved change(s): [SYSTEM] You have made 1 state-changing call (create_task) and have not read that source since. A response you did not inspect may have carried new information, and anything you knew about that source before you changed it is now out of date. Read it again before you write your answer.\nUnknown model 'openrouter/test/model' \u2014 not in the static registry or litellm catalog; using conservative 128K fallback. Add it to model_registry._MODEL_REGISTRY.\nUnknown model 'openrouter/test/model' \u2014 not in the static registry or litellm catalog; using conservative 128K fallback. Add it to model_registry._MODEL_REGISTRY.\nUnknown model 'openrouter/test/model' \u2014 not in the static registry or litellm catalog; using conservative 128K fallback. Add it to model_registry._MODEL_REGISTRY.\nUnknown model 'openrouter/test/model' \u2014 not in the static registry or litellm catalog; using conservative 128K fallback. Add it to model_registry._MODEL_REGISTRY.\nlitellm cost calculation failed, using fallback: This model isn't mapped yet. model=openrouter/test/model, custom_llm_provider=openrouter. Add it here - https://github.com/BerriAI/litellm/blob/main/model_prices_and_context_window.json.\nUnknown model 'openrouter/test/model' \u2014 not in the static registry or litellm catalog; using conservative 128K fallback. Add it to model_registry._MODEL_REGISTRY.\nUnknown model 'openrouter/test/model' \u2014 not in the static registry or litellm catalog; using conservative 128K fallback. Add it to model_registry._MODEL_REGISTRY.\nUnknown model 'openrouter/test/model' \u2014 not in the static registry or litellm catalog; using conservative 128K fallback. Add it to model_registry._MODEL_REGISTRY.\nlitellm cost calculation failed, using fallback: This model isn't mapped yet. model=openrouter/test/model, custom_llm_provider=openrouter. Add it here - https://github.com/BerriAI/litellm/blob/main/model_prices_and_context_window.json.\nUnknown model 'openrouter/test/model' \u2014 not in the static registry or litellm catalog; using conservative 128K fallback. Add it to model_registry._MODEL_REGISTRY.\nact-observe observe: run 6fa18e9d-096e-43fb-9ff9-5b79e09157e9 would be told at its stop about 1 unobserved change(s): [SYSTEM] You have made 1 state-changing call (create_task) and have not read that source since. A response you did not inspect may have carried new information, and anything you knew about that source before you changed it is now out of date. Read it again before you write your answer.\nUnknown model 'openrouter/test/model' \u2014 not in the static registry or litellm catalog; using conservative 128K fallback. Add it to model_registry._MODEL_REGISTRY.\nUnknown model 'openrouter/test/model' \u2014 not in the static registry or litellm catalog; using conservative 128K fallback. Add it to model_registry._MODEL_REGISTRY.\nUnknown model 'openrouter/test/model' \u2014 not in the static registry or litellm catalog; using conservative 128K fallback. Add it to model_registry._MODEL_REGISTRY.\nUnknown model 'openrouter/test/model' \u2014 not in the static registry or litellm catalog; using conservative 128K fallback. Add it to model_registry._MODEL_REGISTRY.\nlitellm cost calculation failed, using fallback: This model isn't mapped yet. model=openrouter/test/model, custom_llm_provider=openrouter. Add it here - https://github.com/BerriAI/litellm/blob/main/model_prices_and_context_window.json.\nUnknown model 'openrouter/test/model' \u2014 not in the static registry or litellm catalog; using conservative 128K fallback. Add it to model_registry._MODEL_REGISTRY.\nUnknown model 'openrouter/test/model' \u2014 not in the static registry or litellm catalog; using conservative 128K fallback. Add it to model_registry._MODEL_REGISTRY.\nUnknown model 'openrouter/test/model' \u2014 not in the static registry or litellm catalog; using conservative 128K fallback. Add it to model_registry._MODEL_REGISTRY.\nlitellm cost calculation failed, using fallback: This model isn't mapped yet. model=openrouter/test/model, custom_llm_provider=openrouter. Add it here - https://github.com/BerriAI/litellm/blob/main/model_prices_and_context_window.json.\nUnknown model 'openrouter/test/model' \u2014 not in the static registry or litellm catalog; using conservative 128K fallback. Add it to model_registry._MODEL_REGISTRY.\nact-observe observe: run 7481193a-af91-4420-9a23-f35e54b30ae7 would be told at its stop about 1 unobserved change(s): [SYSTEM] You have made 1 state-changing call (create_task) and have not read that source since. A response you did not inspect may have carried new information, and anything you knew about that source before you changed it is now out of date. Read it again before you write your answer.\nUnknown model 'openrouter/test/model' \u2014 not in the static registry or litellm catalog; using conservative 128K fallback. Add it to model_registry._MODEL_REGISTRY.\nUnknown model 'openrouter/test/model' \u2014 not in the static registry or litellm catalog; using conservative 128K fallback. Add it to model_registry._MODEL_REGISTRY.\nUnknown model 'openrouter/test/model' \u2014 not in the static registry or litellm catalog; using conservative 128K fallback. Add it to model_registry._MODEL_REGISTRY.\nUnknown model 'openrouter/test/model' \u2014 not in the static registry or litellm catalog; using conservative 128K fallback. Add it to model_registry._MODEL_REGISTRY.\nlitellm cost calculation failed, using fallback: This model isn't mapped yet. model=openrouter/test/model, custom_llm_provider=openrouter. Add it here - https://github.com/BerriAI/litellm/blob/main/model_prices_and_context_window.json.\nUnknown model 'openrouter/test/model' \u2014 not in the static registry or litellm catalog; using conservative 128K fallback. Add it to model_registry._MODEL_REGISTRY.\nUnknown model 'openrouter/test/model' \u2014 not in the static registry or litellm catalog; using conservative 128K fallback. Add it to model_registry._MODEL_REGISTRY.\nUnknown model 'openrouter/test/model' \u2014 not in the static registry or litellm catalog; using conservative 128K fallback. Add it to model_registry._MODEL_REGISTRY.\nlitellm cost calculation failed, using fallback: This model isn't mapped yet. model=openrouter/test/model, custom_llm_provider=openrouter. Add it here - https://github.com/BerriAI/litellm/blob/main/model_prices_and_context_window.json.\nUnknown model 'openrouter/test/model' \u2014 not in the static registry or litellm catalog; using conservative 128K fallback. Add it to model_registry._MODEL_REGISTRY.\nact-observe observe: run 7a83c0b7-6901-40ba-a579-9ebaea39a948 would be told at its stop about 1 unobserved change(s): [SYSTEM] You have made 1 state-changing call (create_task) and have not read that source since. A response you did not inspect may have carried new information, and anything you knew about that source before you changed it is now out of date. Read it again before you write your answer.\nUnknown model 'openrouter/test/model' \u2014 not in the static registry or litellm catalog; using conservative 128K fallback. Add it to model_registry._MODEL_REGISTRY.\nUnknown model 'openrouter/test/model' \u2014 not in the static registry or litellm catalog; using conservative 128K fallback. Add it to model_registry._MODEL_REGISTRY.\nUnknown model 'openrouter/test/model' \u2014 not in the static registry or litellm catalog; using conservative 128K fallback. Add it to model_registry._MODEL_REGISTRY.\nUnknown model 'openrouter/test/model' \u2014 not in the static registry or litellm catalog; using conservative 128K fallback. Add it to model_registry._MODEL_REGISTRY.\nlitellm cost calculation failed, using fallback: This model isn't mapped yet. model=openrouter/test/model, custom_llm_provider=openrouter. Add it here - https://github.com/BerriAI/litellm/blob/main/model_prices_and_context_window.json.\nUnknown model 'openrouter/test/model' \u2014 not in the static registry or litellm catalog; using conservative 128K fallback. Add it to model_registry._MODEL_REGISTRY.\nUnknown model 'openrouter/test/model' \u2014 not in the static registry or litellm catalog; using conservative 128K fallback. Add it to model_registry._MODEL_REGISTRY.\nUnknown model 'openrouter/test/model' \u2014 not in the static registry or litellm catalog; using conservative 128K fallback. Add it to model_registry._MODEL_REGISTRY.\nlitellm cost calculation failed, using fallback: This model isn't mapped yet. model=openrouter/test/model, custom_llm_provider=openrouter. Add it here - https://github.com/BerriAI/litellm/blob/main/model_prices_and_context_window.json.\nUnknown model 'openrouter/test/model' \u2014 not in the static registry or litellm catalog; using conservative 128K fallback. Add it to model_registry._MODEL_REGISTRY.\nact-observe observe: run c460e54e-2be0-4e91-81ea-d5e73a923c20 would be told at its stop about 1 unobserved change(s): [SYSTEM] You have made 1 state-changing call (create_task) and have not read that source since. A response you did not inspect may have carried new information, and anything you knew about that source before you changed it is now out of date. Read it again before you write your answer.\nUnknown model 'openrouter/test/model' \u2014 not in the static registry or litellm catalog; using conservative 128K fallback. Add it to model_registry._MODEL_REGISTRY.\nUnknown model 'openrouter/test/model' \u2014 not in the static registry or litellm catalog; using conservative 128K fallback. Add it to model_registry._MODEL_REGISTRY.\nUnknown model 'openrouter/test/model' \u2014 not in the static registry or litellm catalog; using conservative 128K fallback. Add it to model_registry._MODEL_REGISTRY.\nUnknown model 'openrouter/test/model' \u2014 not in the static registry or litellm catalog; using conservative 128K fallback. Add it to model_registry._MODEL_REGISTRY.\nlitellm cost calculation failed, using fallback: This model isn't mapped yet. model=openrouter/test/model, custom_llm_provider=openrouter. Add it here - https://github.com/BerriAI/litellm/blob/main/model_prices_and_context_window.json.\nUnknown model 'openrouter/test/model' \u2014 not in the static registry or litellm catalog; using conservative 128K fallback. Add it to model_registry._MODEL_REGISTRY.\nUnknown model 'openrouter/test/model' \u2014 not in the static registry or litellm catalog; using conservative 128K fallback. Add it to model_registry._MODEL_REGISTRY.\nUnknown model 'openrouter/test/model' \u2014 not in the static registry or litellm catalog; using conservative 128K fallback. Add it to model_registry._MODEL_REGISTRY.\nlitellm cost calculation failed, using fallback: This model isn't mapped yet. model=openrouter/test/model, custom_llm_provider=openrouter. Add it here - https://github.com/BerriAI/litellm/blob/main/model_prices_and_context_window.json.\nUnknown model 'openrouter/test/model' \u2014 not in the static registry or litellm catalog; using conservative 128K fallback. Add it to model_registry._MODEL_REGISTRY.\nact-observe observe: run de4c6791-e9c3-47e4-bcc5-9f0ba439fe47 would be told at its stop about 1 unobserved change(s): [SYSTEM] You have made 1 state-changing call (create_task) and have not read that source since. A response you did not inspect may have carried new information, and anything you knew about that source before you changed it is now out of date. Read it again before you write your answer.\nUnknown model 'openrouter/test/model' \u2014 not in the static registry or litellm catalog; using conservative 128K fallback. Add it to model_registry._MODEL_REGISTRY.\nUnknown model 'openrouter/test/model' \u2014 not in the static registry or litellm catalog; using conservative 128K fallback. Add it to model_registry._MODEL_REGISTRY.\nUnknown model 'openrouter/test/model' \u2014 not in the static registry or litellm catalog; using conservative 128K fallback. Add it to model_registry._MODEL_REGISTRY.\nUnknown model 'openrouter/test/model' \u2014 not in the static registry or litellm catalog; using conservative 128K fallback. Add it to model_registry._MODEL_REGISTRY.\nlitellm cost calculation failed, using fallback: This model isn't mapped yet. model=openrouter/test/model, custom_llm_provider=openrouter. Add it here - https://github.com/BerriAI/litellm/blob/main/model_prices_and_context_window.json.\nUnknown model 'openrouter/test/model' \u2014 not in the static registry or litellm catalog; using conservative 128K fallback. Add it to model_registry._MODEL_REGISTRY.\nUnknown model 'openrouter/test/model' \u2014 not in the static registry or litellm catalog; using conservative 128K fallback. Add it to model_registry._MODEL_REGISTRY.\nUnknown model 'openrouter/test/model' \u2014 not in the static registry or litellm catalog; using conservative 128K fallback. Add it to model_registry._MODEL_REGISTRY.\nlitellm cost calculation failed, using fallback: This model isn't mapped yet. model=openrouter/test/model, custom_llm_provider=openrouter. Add it here - https://github.com/BerriAI/litellm/blob/main/model_prices_and_context_window.json.\nUnknown model 'openrouter/test/model' \u2014 not in the static registry or litellm catalog; using conservative 128K fallback. Add it to model_registry._MODEL_REGISTRY.\nact-observe observe: run a88cfbcf-1841-4374-a67e-ae4ed16c986b would be told at its stop about 1 unobserved change(s): [SYSTEM] You have made 1 state-changing call (create_task) and have not read that source since. A response you did not inspect may have carried new information, and anything you knew about that source before you changed it is now out of date. Read it again before you write your answer.\nUnknown model 'openrouter/test/model' \u2014 not in the static registry or litellm catalog; using conservative 128K fallback. Add it to model_registry._MODEL_REGISTRY.\nUnknown model 'openrouter/test/model' \u2014 not in the static registry or litellm catalog; using conservative 128K fallback. Add it to model_registry._MODEL_REGISTRY.\nUnknown model 'openrouter/test/model' \u2014 not in the static registry or litellm catalog; using conservative 128K fallback. Add it to model_registry._MODEL_REGISTRY.\nUnknown model 'openrouter/test/model' \u2014 not in the static registry or litellm catalog; using conservative 128K fallback. Add it to model_registry._MODEL_REGISTRY.\nlitellm cost calculation failed, using fallback: This model isn't mapped yet. model=openrouter/test/model, custom_llm_provider=openrouter. Add it here - https://github.com/BerriAI/litellm/blob/main/model_prices_and_context_window.json.\nUnknown model 'openrouter/test/model' \u2014 not in the static registry or litellm catalog; using conservative 128K fallback. Add it to model_registry._MODEL_REGISTRY.\nUnknown model 'openrouter/test/model' \u2014 not in the static registry or litellm catalog; using conservative 128K fallback. Add it to model_registry._MODEL_REGISTRY.\nUnknown model 'openrouter/test/model' \u2014 not in the static registry or litellm catalog; using conservative 128K fallback. Add it to model_registry._MODEL_REGISTRY.\nlitellm cost calculation failed, using fallback: This model isn't mapped yet. model=openrouter/test/model, custom_llm_provider=openrouter. Add it here - https://github.com/BerriAI/litellm/blob/main/model_prices_and_context_window.json.\nUnknown model 'openrouter/test/model' \u2014 not in the static registry or litellm catalog; using conservative 128K fallback. Add it to model_registry._MODEL_REGISTRY.\nact-observe observe: run 16022d19-490a-43b8-99f8-2c13e5ca4282 would be told at its stop about 1 unobserved change(s): [SYSTEM] You have made 1 state-changing call (create_task) and have not read that source since. A response you did not inspect may have carried new information, and anything you knew about that source before you changed it is now out of date. Read it again before you write your answer.\nUnknown model 'openrouter/test/model' \u2014 not in the static registry or litellm catalog; using conservative 128K fallback. Add it to model_registry._MODEL_REGISTRY.\nUnknown model 'openrouter/test/model' \u2014 not in the static registry or litellm catalog; using conservative 128K fallback. Add it to model_registry._MODEL_REGISTRY.\nUnknown model 'openrouter/test/model' \u2014 not in the static registry or litellm catalog; using conservative 128K fallback. Add it to model_registry._MODEL_REGISTRY.\nUnknown model 'openrouter/test/model' \u2014 not in the static registry or litellm catalog; using conservative 128K fallback. Add it to model_registry._MODEL_REGISTRY.\nlitellm cost calculation failed, using fallback: This model isn't mapped yet. model=openrouter/test/model, custom_llm_provider=openrouter. Add it here - https://github.com/BerriAI/litellm/blob/main/model_prices_and_context_window.json.\nUnknown model 'openrouter/test/model' \u2014 not in the static registry or litellm catalog; using conservative 128K fallback. Add it to model_registry._MODEL_REGISTRY.\nUnknown model 'openrouter/test/model' \u2014 not in the static registry or litellm catalog; using conservative 128K fallback. Add it to model_registry._MODEL_REGISTRY.\nUnknown model 'openrouter/test/model' \u2014 not in the static registry or litellm catalog; using conservative 128K fallback. Add it to model_registry._MODEL_REGISTRY.\nlitellm cost calculation failed, using fallback: This model isn't mapped yet. model=openrouter/test/model, custom_llm_provider=openrouter. Add it here - https://github.com/BerriAI/litellm/blob/main/model_prices_and_context_window.json.\nUnknown model 'openrouter/test/model' \u2014 not in the static registry or litellm catalog; using conservative 128K fallback. Add it to model_registry._MODEL_REGISTRY.\nact-observe observe: run 621b749c-5713-444c-947e-ca2f9d8d1be1 would be told at its stop about 1 unobserved change(s): [SYSTEM] You have made 1 state-changing call (create_task) and have not read that source since. A response you did not inspect may have carried new information, and anything you knew about that source before you changed it is now out of date. Read it again before you write your answer.\nUnknown model 'openrouter/test/model' \u2014 not in the static registry or litellm catalog; using conservative 128K fallback. Add it to model_registry._MODEL_REGISTRY.\nUnknown model 'openrouter/test/model' \u2014 not in the static registry or litellm catalog; using conservative 128K fallback. Add it to model_registry._MODEL_REGISTRY.\nUnknown model 'openrouter/test/model' \u2014 not in the static registry or litellm catalog; using conservative 128K fallback. Add it to model_registry._MODEL_REGISTRY.\nUnknown model 'openrouter/test/model' \u2014 not in the static registry or litellm catalog; using conservative 128K fallback. Add it to model_registry._MODEL_REGISTRY.\nlitellm cost calculation failed, using fallback: This model isn't mapped yet. model=openrouter/test/model, custom_llm_provider=openrouter. Add it here - https://github.com/BerriAI/litellm/blob/main/model_prices_and_context_window.json.\nUnknown model 'openrouter/test/model' \u2014 not in the static registry or litellm catalog; using conservative 128K fallback. Add it to model_registry._MODEL_REGISTRY.\nUnknown model 'openrouter/test/model' \u2014 not in the static registry or litellm catalog; using conservative 128K fallback. Add it to model_registry._MODEL_REGISTRY.\nUnknown model 'openrouter/test/model' \u2014 not in the static registry or litellm catalog; using conservative 128K fallback. Add it to model_registry._MODEL_REGISTRY.\nlitellm cost calculation failed, using fallback: This model isn't mapped yet. model=openrouter/test/model, custom_llm_provider=openrouter. Add it here - https://github.com/BerriAI/litellm/blob/main/model_prices_and_context_window.json.\nUnknown model 'openrouter/test/model' \u2014 not in the static registry or litellm catalog; using conservative 128K fallback. Add it to model_registry._MODEL_REGISTRY.\nact-observe observe: run d56e52c4-d06a-489b-9f84-7679a73c0ceb would be told at its stop about 1 unobserved change(s): [SYSTEM] You have made 1 state-changing call (create_task) and have not read that source since. A response you did not inspect may have carried new information, and anything you knew about that source before you changed it is now out of date. Read it again before you write your answer.\nUnknown model 'openrouter/test/model' \u2014 not in the static registry or litellm catalog; using conservative 128K fallback. Add it to model_registry._MODEL_REGISTRY.\nUnknown model 'openrouter/test/model' \u2014 not in the static registry or litellm catalog; using conservative 128K fallback. Add it to model_registry._MODEL_REGISTRY.\nUnknown model 'openrouter/test/model' \u2014 not in the static registry or litellm catalog; using conservative 128K fallback. Add it to model_registry._MODEL_REGISTRY.\nUnknown model 'openrouter/test/model' \u2014 not in the static registry or litellm catalog; using conservative 128K fallback. Add it to model_registry._MODEL_REGISTRY.\nlitellm cost calculation failed, using fallback: This model isn't mapped yet. model=openrouter/test/model, custom_llm_provider=openrouter. Add it here - https://github.com/BerriAI/litellm/blob/main/model_prices_and_context_window.json.\nUnknown model 'openrouter/test/model' \u2014 not in the static registry or litellm catalog; using conservative 128K fallback. Add it to model_registry._MODEL_REGISTRY.\nUnknown model 'openrouter/test/model' \u2014 not in the static registry or litellm catalog; using conservative 128K fallback. Add it to model_registry._MODEL_REGISTRY.\nUnknown model 'openrouter/test/model' \u2014 not in the static registry or litellm catalog; using conservative 128K fallback. Add it to model_registry._MODEL_REGISTRY.\nlitellm cost calculation failed, using fallback: This model isn't mapped yet. model=openrouter/test/model, custom_llm_provider=openrouter. Add it here - https://github.com/BerriAI/litellm/blob/main/model_prices_and_context_window.json.\nUnknown model 'openrouter/test/model' \u2014 not in the static registry or litellm catalog; using conservative 128K fallback. Add it to model_registry._MODEL_REGISTRY.\nact-observe observe: run a07bda53-f99c-45b5-b297-825f8b22a4e7 would be told at its stop about 1 unobserved change(s): [SYSTEM] You have made 1 state-changing call (create_task) and have not read that source since. A response you did not inspect may have carried new information, and anything you knew about that source before you changed it is now out of date. Read it again before you write your answer.\nUnknown model 'openrouter/test/model' \u2014 not in the static registry or litellm catalog; using conservative 128K fallback. Add it to model_registry._MODEL_REGISTRY.\nUnknown model 'openrouter/test/model' \u2014 not in the static registry or litellm catalog; using conservative 128K fallback. Add it to model_registry._MODEL_REGISTRY.\nUnknown model 'openrouter/test/model' \u2014 not in the static registry or litellm catalog; using conservative 128K fallback. Add it to model_registry._MODEL_REGISTRY.\nUnknown model 'openrouter/test/model' \u2014 not in the static registry or litellm catalog; using conservative 128K fallback. Add it to model_registry._MODEL_REGISTRY.\nlitellm cost calculation failed, using fallback: This model isn't mapped yet. model=openrouter/test/model, custom_llm_provider=openrouter. Add it here - https://github.com/BerriAI/litellm/blob/main/model_prices_and_context_window.json.\nUnknown model 'openrouter/test/model' \u2014 not in the static registry or litellm catalog; using conservative 128K fallback. Add it to model_registry._MODEL_REGISTRY.\nUnknown model 'openrouter/test/model' \u2014 not in the static registry or litellm catalog; using conservative 128K fallback. Add it to model_registry._MODEL_REGISTRY.\nUnknown model 'openrouter/test/model' \u2014 not in the static registry or litellm catalog; using conservative 128K fallback. Add it to model_registry._MODEL_REGISTRY.\nlitellm cost calculation failed, using fallback: This model isn't mapped yet. model=openrouter/test/model, custom_llm_provider=openrouter. Add it here - https://github.com/BerriAI/litellm/blob/main/model_prices_and_context_window.json.\nUnknown model 'openrouter/test/model' \u2014 not in the static registry or litellm catalog; using conservative 128K fallback. Add it to model_registry._MODEL_REGISTRY.\nact-observe observe: run 2ce345a6-1c18-4425-a502-9b1de9f9a2f9 would be told at its stop about 1 unobserved change(s): [SYSTEM] You have made 1 state-changing call (create_task) and have not read that source since. A response you did not inspect may have carried new information, and anything you knew about that source before you changed it is now out of date. Read it again before you write your answer.\nUnknown model 'openrouter/test/model' \u2014 not in the static registry or litellm catalog; using conservative 128K fallback. Add it to model_registry._MODEL_REGISTRY.\nUnknown model 'openrouter/test/model' \u2014 not in the static registry or litellm catalog; using conservative 128K fallback. Add it to model_registry._MODEL_REGISTRY.\nUnknown model 'openrouter/test/model' \u2014 not in the static registry or litellm catalog; using conservative 128K fallback. Add it to model_registry._MODEL_REGISTRY.\nUnknown model 'openrouter/test/model' \u2014 not in the static registry or litellm catalog; using conservative 128K fallback. Add it to model_registry._MODEL_REGISTRY.\nlitellm cost calculation failed, using fallback: This model isn't mapped yet. model=openrouter/test/model, custom_llm_provider=openrouter. Add it here - https://github.com/BerriAI/litellm/blob/main/model_prices_and_context_window.json.\nUnknown model 'openrouter/test/model' \u2014 not in the static registry or litellm catalog; using conservative 128K fallback. Add it to model_registry._MODEL_REGISTRY.\nUnknown model 'openrouter/test/model' \u2014 not in the static registry or litellm catalog; using conservative 128K fallback. Add it to model_registry._MODEL_REGISTRY.\nUnknown model 'openrouter/test/model' \u2014 not in the static registry or litellm catalog; using conservative 128K fallback. Add it to model_registry._MODEL_REGISTRY.\nlitellm cost calculation failed, using fallback: This model isn't mapped yet. model=openrouter/test/model, custom_llm_provider=openrouter. Add it here - https://github.com/BerriAI/litellm/blob/main/model_prices_and_context_window.json.\nUnknown model 'openrouter/test/model' \u2014 not in the static registry or litellm catalog; using conservative 128K fallback. Add it to model_registry._MODEL_REGISTRY.\nact-observe observe: run 2516d527-5115-4ba5-9cce-b10695663a22 would be told at its stop about 1 unobserved change(s): [SYSTEM] You have made 1 state-changing call (create_task) and have not read that source since. A response you did not inspect may have carried new information, and anything you knew about that source before you changed it is now out of date. Read it again before you write your answer.\nUnknown model 'openrouter/test/model' \u2014 not in the static registry or litellm catalog; using conservative 128K fallback. Add it to model_registry._MODEL_REGISTRY.\nUnknown model 'openrouter/test/model' \u2014 not in the static registry or litellm catalog; using conservative 128K fallback. Add it to model_registry._MODEL_REGISTRY.\nUnknown model 'openrouter/test/model' \u2014 not in the static registry or litellm catalog; using conservative 128K fallback. Add it to model_registry._MODEL_REGISTRY.\nUnknown model 'openrouter/test/model' \u2014 not in the static registry or litellm catalog; using conservative 128K fallback. Add it to model_registry._MODEL_REGISTRY.\nlitellm cost calculation failed, using fallback: This model isn't mapped yet. model=openrouter/test/model, custom_llm_provider=openrouter. Add it here - https://github.com/BerriAI/litellm/blob/main/model_prices_and_context_window.json.\nUnknown model 'openrouter/test/model' \u2014 not in the static registry or litellm catalog; using conservative 128K fallback. Add it to model_registry._MODEL_REGISTRY.\nUnknown model 'openrouter/test/model' \u2014 not in the static registry or litellm catalog; using conservative 128K fallback. Add it to model_registry._MODEL_REGISTRY.\nUnknown model 'openrouter/test/model' \u2014 not in the static registry or litellm catalog; using conservative 128K fallback. Add it to model_registry._MODEL_REGISTRY.\nlitellm cost calculation failed, using fallback: This model isn't mapped yet. model=openrouter/test/model, custom_llm_provider=openrouter. Add it here - https://github.com/BerriAI/litellm/blob/main/model_prices_and_context_window.json.\nUnknown model 'openrouter/test/model' \u2014 not in the static registry or litellm catalog; using conservative 128K fallback. Add it to model_registry._MODEL_REGISTRY.\nact-observe observe: run 1799ab80-d1f7-4629-89e8-6b9828353543 would be told at its stop about 1 unobserved change(s): [SYSTEM] You have made 1 state-changing call (create_task) and have not read that source since. A response you did not inspect may have carried new information, and anything you knew about that source before you changed it is now out of date. Read it again before you write your answer.\nUnknown model 'openrouter/test/model' \u2014 not in the static registry or litellm catalog; using conservative 128K fallback. Add it to model_registry._MODEL_REGISTRY.\nUnknown model 'openrouter/test/model' \u2014 not in the static registry or litellm catalog; using conservative 128K fallback. Add it to model_registry._MODEL_REGISTRY.\nUnknown model 'openrouter/test/model' \u2014 not in the static registry or litellm catalog; using conservative 128K fallback. Add it to model_registry._MODEL_REGISTRY.\nUnknown model 'openrouter/test/model' \u2014 not in the static registry or litellm catalog; using conservative 128K fallback. Add it to model_registry._MODEL_REGISTRY.\nlitellm cost calculation failed, using fallback: This model isn't mapped yet. model=openrouter/test/model, custom_llm_provider=openrouter. Add it here - https://github.com/BerriAI/litellm/blob/main/model_prices_and_context_window.json.\nUnknown model 'openrouter/test/model' \u2014 not in the static registry or litellm catalog; using conservative 128K fallback. Add it to model_registry._MODEL_REGISTRY.\nUnknown model 'openrouter/test/model' \u2014 not in the static registry or litellm catalog; using conservative 128K fallback. Add it to model_registry._MODEL_REGISTRY.\nUnknown model 'openrouter/test/model' \u2014 not in the static registry or litellm catalog; using conservative 128K fallback. Add it to model_registry._MODEL_REGISTRY.\nlitellm cost calculation failed, using fallback: This model isn't mapped yet. model=openrouter/test/model, custom_llm_provider=openrouter. Add it here - https://github.com/BerriAI/litellm/blob/main/model_prices_and_context_window.json.\nUnknown model 'openrouter/test/model' \u2014 not in the static registry or litellm catalog; using conservative 128K fallback. Add it to model_registry._MODEL_REGISTRY.\nact-observe observe: run 64d7f232-c91c-424f-8e94-41b7a5b44497 would be told at its stop about 1 unobserved change(s): [SYSTEM] You have made 1 state-changing call (create_task) and have not read that source since. A response you did not inspect may have carried new information, and anything you knew about that source before you changed it is now out of date. Read it again before you write your answer.\nUnknown model 'openrouter/test/model' \u2014 not in the static registry or litellm catalog; using conservative 128K fallback. Add it to model_registry._MODEL_REGISTRY.\nUnknown model 'openrouter/test/model' \u2014 not in the static registry or litellm catalog; using conservative 128K fallback. Add it to model_registry._MODEL_REGISTRY.\nUnknown model 'openrouter/test/model' \u2014 not in the static registry or litellm catalog; using conservative 128K fallback. Add it to model_registry._MODEL_REGISTRY.\nUnknown model 'openrouter/test/model' \u2014 not in the static registry or litellm catalog; using conservative 128K fallback. Add it to model_registry._MODEL_REGISTRY.\nlitellm cost calculation failed, using fallback: This model isn't mapped yet. model=openrouter/test/model, custom_llm_provider=openrouter. Add it here - https://github.com/BerriAI/litellm/blob/main/model_prices_and_context_window.json.\nUnknown model 'openrouter/test/model' \u2014 not in the static registry or litellm catalog; using conservative 128K fallback. Add it to model_registry._MODEL_REGISTRY.\nUnknown model 'openrouter/test/model' \u2014 not in the static registry or litellm catalog; using conservative 128K fallback. Add it to model_registry._MODEL_REGISTRY.\nUnknown model 'openrouter/test/model' \u2014 not in the static registry or litellm catalog; using conservative 128K fallback. Add it to model_registry._MODEL_REGISTRY.\nlitellm cost calculation failed, using fallback: This model isn't mapped yet. model=openrouter/test/model, custom_llm_provider=openrouter. Add it here - https://github.com/BerriAI/litellm/blob/main/model_prices_and_context_window.json.\nUnknown model 'openrouter/test/model' \u2014 not in the static registry or litellm catalog; using conservative 128K fallback. Add it to model_registry._MODEL_REGISTRY.\nact-observe observe: run 75419bf5-0577-45a5-91c4-f7f7df6a2796 would be told at its stop about 1 unobserved change(s): [SYSTEM] You have made 1 state-changing call (create_task) and have not read that source since. A response you did not inspect may have carried new information, and anything you knew about that source before you changed it is now out of date. Read it again before you write your answer.\nUnknown model 'openrouter/test/model' \u2014 not in the static registry or litellm catalog; using conservative 128K fallback. Add it to model_registry._MODEL_REGISTRY.\nUnknown model 'openrouter/test/model' \u2014 not in the static registry or litellm catalog; using conservative 128K fallback. Add it to model_registry._MODEL_REGISTRY.\nUnknown model 'openrouter/test/model' \u2014 not in the static registry or litellm catalog; using conservative 128K fallback. Add it to model_registry._MODEL_REGISTRY.\nUnknown model 'openrouter/test/model' \u2014 not in the static registry or litellm catalog; using conservative 128K fallback. Add it to model_registry._MODEL_REGISTRY.\nlitellm cost calculation failed, using fallback: This model isn't mapped yet. model=openrouter/test/model, custom_llm_provider=openrouter. Add it here - https://github.com/BerriAI/litellm/blob/main/model_prices_and_context_window.json.\nUnknown model 'openrouter/test/model' \u2014 not in the static registry or litellm catalog; using conservative 128K fallback. Add it to model_registry._MODEL_REGISTRY.\nUnknown model 'openrouter/test/model' \u2014 not in the static registry or litellm catalog; using conservative 128K fallback. Add it to model_registry._MODEL_REGISTRY.\nUnknown model 'openrouter/test/model' \u2014 not in the static registry or litellm catalog; using conservative 128K fallback. Add it to model_registry._MODEL_REGISTRY.\nlitellm cost calculation failed, using fallback: This model isn't mapped yet. model=openrouter/test/model, custom_llm_provider=openrouter. Add it here - https://github.com/BerriAI/litellm/blob/main/model_prices_and_context_window.json.\nUnknown model 'openrouter/test/model' \u2014 not in the static registry or litellm catalog; using conservative 128K fallback. Add it to model_registry._MODEL_REGISTRY.\nact-observe observe: run f3603389-76a7-4fb4-870a-562874ed7f3c would be told at its stop about 1 unobserved change(s): [SYSTEM] You have made 1 state-changing call (create_task) and have not read that source since. A response you did not inspect may have carried new information, and anything you knew about that source before you changed it is now out of date. Read it again before you write your answer.\nUnknown model 'openrouter/test/model' \u2014 not in the static registry or litellm catalog; using conservative 128K fallback. Add it to model_registry._MODEL_REGISTRY.\nUnknown model 'openrouter/test/model' \u2014 not in the static registry or litellm catalog; using conservative 128K fallback. Add it to model_registry._MODEL_REGISTRY.\nUnknown model 'openrouter/test/model' \u2014 not in the static registry or litellm catalog; using conservative 128K fallback. Add it to model_registry._MODEL_REGISTRY.\nUnknown model 'openrouter/test/model' \u2014 not in the static registry or litellm catalog; using conservative 128K fallback. Add it to model_registry._MODEL_REGISTRY.\nlitellm cost calculation failed, using fallback: This model isn't mapped yet. model=openrouter/test/model, custom_llm_provider=openrouter. Add it here - https://github.com/BerriAI/litellm/blob/main/model_prices_and_context_window.json.\nUnknown model 'openrouter/test/model' \u2014 not in the static registry or litellm catalog; using conservative 128K fallback. Add it to model_registry._MODEL_REGISTRY.\nUnknown model 'openrouter/test/model' \u2014 not in the static registry or litellm catalog; using conservative 128K fallback. Add it to model_registry._MODEL_REGISTRY.\nUnknown model 'openrouter/test/model' \u2014 not in the static registry or litellm catalog; using conservative 128K fallback. Add it to model_registry._MODEL_REGISTRY.\nlitellm cost calculation failed, using fallback: This model isn't mapped yet. model=openrouter/test/model, custom_llm_provider=openrouter. Add it here - https://github.com/BerriAI/litellm/blob/main/model_prices_and_context_window.json.\nUnknown model 'openrouter/test/model' \u2014 not in the static registry or litellm catalog; using conservative 128K fallback. Add it to model_registry._MODEL_REGISTRY.\nact-observe observe: run b9b24408-06f2-4284-bb9f-edf02f6f11e8 would be told at its stop about 1 unobserved change(s): [SYSTEM] You have made 1 state-changing call (create_task) and have not read that source since. A response you did not inspect may have carried new information, and anything you knew about that source before you changed it is now out of date. Read it again before you write your answer.\nUnknown model 'openrouter/test/model' \u2014 not in the static registry or litellm catalog; using conservative 128K fallback. Add it to model_registry._MODEL_REGISTRY.\nUnknown model 'openrouter/test/model' \u2014 not in the static registry or litellm catalog; using conservative 128K fallback. Add it to model_registry._MODEL_REGISTRY.\nUnknown model 'openrouter/test/model' \u2014 not in the static registry or litellm catalog; using conservative 128K fallback. Add it to model_registry._MODEL_REGISTRY.\nUnknown model 'openrouter/test/model' \u2014 not in the static registry or litellm catalog; using conservative 128K fallback. Add it to model_registry._MODEL_REGISTRY.\nlitellm cost calculation failed, using fallback: This model isn't mapped yet. model=openrouter/test/model, custom_llm_provider=openrouter. Add it here - https://github.com/BerriAI/litellm/blob/main/model_prices_and_context_window.json.\nUnknown model 'openrouter/test/model' \u2014 not in the static registry or litellm catalog; using conservative 128K fallback. Add it to model_registry._MODEL_REGISTRY.\nUnknown model 'openrouter/test/model' \u2014 not in the static registry or litellm catalog; using conservative 128K fallback. Add it to model_registry._MODEL_REGISTRY.\nUnknown model 'openrouter/test/model' \u2014 not in the static registry or litellm catalog; using conservative 128K fallback. Add it to model_registry._MODEL_REGISTRY.\nlitellm cost calculation failed, using fallback: This model isn't mapped yet. model=openrouter/test/model, custom_llm_provider=openrouter. Add it here - https://github.com/BerriAI/litellm/blob/main/model_prices_and_context_window.json.\nUnknown model 'openrouter/test/model' \u2014 not in the static registry or litellm catalog; using conservative 128K fallback. Add it to model_registry._MODEL_REGISTRY.\nact-observe observe: run ecd6b549-6a3b-40d2-ad01-99f444178f2d would be told at its stop about 1 unobserved change(s): [SYSTEM] You have made 1 state-changing call (create_task) and have not read that source since. A response you did not inspect may have carried new information, and anything you knew about that source before you changed it is now out of date. Read it again before you write your answer.\nUnknown model 'openrouter/test/model' \u2014 not in the static registry or litellm catalog; using conservative 128K fallback. Add it to model_registry._MODEL_REGISTRY.\nUnknown model 'openrouter/test/model' \u2014 not in the static registry or litellm catalog; using conservative 128K fallback. Add it to model_registry._MODEL_REGISTRY.\nUnknown model 'openrouter/test/model' \u2014 not in the static registry or litellm catalog; using conservative 128K fallback. Add it to model_registry._MODEL_REGISTRY.\nUnknown model 'openrouter/test/model' \u2014 not in the static registry or litellm catalog; using conservative 128K fallback. Add it to model_registry._MODEL_REGISTRY.\nlitellm cost calculation failed, using fallback: This model isn't mapped yet. model=openrouter/test/model, custom_llm_provider=openrouter. Add it here - https://github.com/BerriAI/litellm/blob/main/model_prices_and_context_window.json.\nUnknown model 'openrouter/test/model' \u2014 not in the static registry or litellm catalog; using conservative 128K fallback. Add it to model_registry._MODEL_REGISTRY.\nUnknown model 'openrouter/test/model' \u2014 not in the static registry or litellm catalog; using conservative 128K fallback. Add it to model_registry._MODEL_REGISTRY.\nUnknown model 'openrouter/test/model' \u2014 not in the static registry or litellm catalog; using conservative 128K fallback. Add it to model_registry._MODEL_REGISTRY.\nlitellm cost calculation failed, using fallback: This model isn't mapped yet. model=openrouter/test/model, custom_llm_provider=openrouter. Add it here - https://github.com/BerriAI/litellm/blob/main/model_prices_and_context_window.json.\nUnknown model 'openrouter/test/model' \u2014 not in the static registry or litellm catalog; using conservative 128K fallback. Add it to model_registry._MODEL_REGISTRY.\nact-observe observe: run 19aa70c1-7854-4b1c-a838-990d3f06c6d2 would be told at its stop about 1 unobserved change(s): [SYSTEM] You have made 1 state-changing call (create_task) and have not read that source since. A response you did not inspect may have carried new information, and anything you knew about that source before you changed it is now out of date. Read it again before you write your answer.\nUnknown model 'openrouter/test/model' \u2014 not in the static registry or litellm catalog; using conservative 128K fallback. Add it to model_registry._MODEL_REGISTRY.\nUnknown model 'openrouter/test/model' \u2014 not in the static registry or litellm catalog; using conservative 128K fallback. Add it to model_registry._MODEL_REGISTRY.\nUnknown model 'openrouter/test/model' \u2014 not in the static registry or litellm catalog; using conservative 128K fallback. Add it to model_registry._MODEL_REGISTRY.\nUnknown model 'openrouter/test/model' \u2014 not in the static registry or litellm catalog; using conservative 128K fallback. Add it to model_registry._MODEL_REGISTRY.\nlitellm cost calculation failed, using fallback: This model isn't mapped yet. model=openrouter/test/model, custom_llm_provider=openrouter. Add it here - https://github.com/BerriAI/litellm/blob/main/model_prices_and_context_window.json.\nUnknown model 'openrouter/test/model' \u2014 not in the static registry or litellm catalog; using conservative 128K fallback. Add it to model_registry._MODEL_REGISTRY.\nUnknown model 'openrouter/test/model' \u2014 not in the static registry or litellm catalog; using conservative 128K fallback. Add it to model_registry._MODEL_REGISTRY.\nUnknown model 'openrouter/test/model' \u2014 not in the static registry or litellm catalog; using conservative 128K fallback. Add it to model_registry._MODEL_REGISTRY.\nlitellm cost calculation failed, using fallback: This model isn't mapped yet. model=openrouter/test/model, custom_llm_provider=openrouter. Add it here - https://github.com/BerriAI/litellm/blob/main/model_prices_and_context_window.json.\nUnknown model 'openrouter/test/model' \u2014 not in the static registry or litellm catalog; using conservative 128K fallback. Add it to model_registry._MODEL_REGISTRY.\nact-observe observe: run cb9b209b-8093-4cac-9fc7-adf9c456bcc7 would be told at its stop about 1 unobserved change(s): [SYSTEM] You have made 1 state-changing call (create_task) and have not read that source since. A response you did not inspect may have carried new information, and anything you knew about that source before you changed it is now out of date. Read it again before you write your answer.\nUnknown model 'openrouter/test/model' \u2014 not in the static registry or litellm catalog; using conservative 128K fallback. Add it to model_registry._MODEL_REGISTRY.\nUnknown model 'openrouter/test/model' \u2014 not in the static registry or litellm catalog; using conservative 128K fallback. Add it to model_registry._MODEL_REGISTRY.\nUnknown model 'openrouter/test/model' \u2014 not in the static registry or litellm catalog; using conservative 128K fallback. Add it to model_registry._MODEL_REGISTRY.\nUnknown model 'openrouter/test/model' \u2014 not in the static registry or litellm catalog; using conservative 128K fallback. Add it to model_registry._MODEL_REGISTRY.\nlitellm cost calculation failed, using fallback: This model isn't mapped yet. model=openrouter/test/model, custom_llm_provider=openrouter. Add it here - https://github.com/BerriAI/litellm/blob/main/model_prices_and_context_window.json.\nUnknown model 'openrouter/test/model' \u2014 not in the static registry or litellm catalog; using conservative 128K fallback. Add it to model_registry._MODEL_REGISTRY.\nUnknown model 'openrouter/test/model' \u2014 not in the static registry or litellm catalog; using conservative 128K fallback. Add it to model_registry._MODEL_REGISTRY.\nUnknown model 'openrouter/test/model' \u2014 not in the static registry or litellm catalog; using conservative 128K fallback. Add it to model_registry._MODEL_REGISTRY.\nlitellm cost calculation failed, using fallback: This model isn't mapped yet. model=openrouter/test/model, custom_llm_provider=openrouter. Add it here - https://github.com/BerriAI/litellm/blob/main/model_prices_and_context_window.json.\nUnknown model 'openrouter/test/model' \u2014 not in the static registry or litellm catalog; using conservative 128K fallback. Add it to model_registry._MODEL_REGISTRY.\nact-observe observe: run b940e43c-e6bc-4436-80d1-d7a44efdf0cc would be told at its stop about 1 unobserved change(s): [SYSTEM] You have made 1 state-changing call (create_task) and have not read that source since. A response you did not inspect may have carried new information, and anything you knew about that source before you changed it is now out of date. Read it again before you write your answer.\nUnknown model 'openrouter/test/model' \u2014 not in the static registry or litellm catalog; using conservative 128K fallback. Add it to model_registry._MODEL_REGISTRY.\nUnknown model 'openrouter/test/model' \u2014 not in the static registry or litellm catalog; using conservative 128K fallback. Add it to model_registry._MODEL_REGISTRY.\nUnknown model 'openrouter/test/model' \u2014 not in the static registry or litellm catalog; using conservative 128K fallback. Add it to model_registry._MODEL_REGISTRY.\nUnknown model 'openrouter/test/model' \u2014 not in the static registry or litellm catalog; using conservative 128K fallback. Add it to model_registry._MODEL_REGISTRY.\nlitellm cost calculation failed, using fallback: This model isn't mapped yet. model=openrouter/test/model, custom_llm_provider=openrouter. Add it here - https://github.com/BerriAI/litellm/blob/main/model_prices_and_context_window.json.\nUnknown model 'openrouter/test/model' \u2014 not in the static registry or litellm catalog; using conservative 128K fallback. Add it to model_registry._MODEL_REGISTRY.\nUnknown model 'openrouter/test/model' \u2014 not in the static registry or litellm catalog; using conservative 128K fallback. Add it to model_registry._MODEL_REGISTRY.\nUnknown model 'openrouter/test/model' \u2014 not in the static registry or litellm catalog; using conservative 128K fallback. Add it to model_registry._MODEL_REGISTRY.\nlitellm cost calculation failed, using fallback: This model isn't mapped yet. model=openrouter/test/model, custom_llm_provider=openrouter. Add it here - https://github.com/BerriAI/litellm/blob/main/model_prices_and_context_window.json.\nUnknown model 'openrouter/test/model' \u2014 not in the static registry or litellm catalog; using conservative 128K fallback. Add it to model_registry._MODEL_REGISTRY.\nact-observe observe: run c4b97343-9636-4ee7-b79a-f7e17ef8c631 would be told at its stop about 1 unobserved change(s): [SYSTEM] You have made 1 state-changing call (create_task) and have not read that source since. A response you did not inspect may have carried new information, and anything you knew about that source before you changed it is now out of date. Read it again before you write your answer.\nUnknown model 'openrouter/test/model' \u2014 not in the static registry or litellm catalog; using conservative 128K fallback. Add it to model_registry._MODEL_REGISTRY.\nUnknown model 'openrouter/test/model' \u2014 not in the static registry or litellm catalog; using conservative 128K fallback. Add it to model_registry._MODEL_REGISTRY.\nUnknown model 'openrouter/test/model' \u2014 not in the static registry or litellm catalog; using conservative 128K fallback. Add it to model_registry._MODEL_REGISTRY.\nUnknown model 'openrouter/test/model' \u2014 not in the static registry or litellm catalog; using conservative 128K fallback. Add it to model_registry._MODEL_REGISTRY.\nlitellm cost calculation failed, using fallback: This model isn't mapped yet. model=openrouter/test/model, custom_llm_provider=openrouter. Add it here - https://github.com/BerriAI/litellm/blob/main/model_prices_and_context_window.json.\nUnknown model 'openrouter/test/model' \u2014 not in the static registry or litellm catalog; using conservative 128K fallback. Add it to model_registry._MODEL_REGISTRY.\nUnknown model 'openrouter/test/model' \u2014 not in the static registry or litellm catalog; using conservative 128K fallback. Add it to model_registry._MODEL_REGISTRY.\nUnknown model 'openrouter/test/model' \u2014 not in the static registry or litellm catalog; using conservative 128K fallback. Add it to model_registry._MODEL_REGISTRY.\nlitellm cost calculation failed, using fallback: This model isn't mapped yet. model=openrouter/test/model, custom_llm_provider=openrouter. Add it here - https://github.com/BerriAI/litellm/blob/main/model_prices_and_context_window.json.\nUnknown model 'openrouter/test/model' \u2014 not in the static registry or litellm catalog; using conservative 128K fallback. Add it to model_registry._MODEL_REGISTRY.\nact-observe observe: run 77d372b1-93f0-465a-987a-ecb87c69ccf2 would be told at its stop about 1 unobserved change(s): [SYSTEM] You have made 1 state-changing call (create_task) and have not read that source since. A response you did not inspect may have carried new information, and anything you knew about that source before you changed it is now out of date. Read it again before you write your answer.\nUnknown model 'openrouter/test/model' \u2014 not in the static registry or litellm catalog; using conservative 128K fallback. Add it to model_registry._MODEL_REGISTRY.\nUnknown model 'openrouter/test/model' \u2014 not in the static registry or litellm catalog; using conservative 128K fallback. Add it to model_registry._MODEL_REGISTRY.\nUnknown model 'openrouter/test/model' \u2014 not in the static registry or litellm catalog; using conservative 128K fallback. Add it to model_registry._MODEL_REGISTRY.\nUnknown model 'openrouter/test/model' \u2014 not in the static registry or litellm catalog; using conservative 128K fallback. Add it to model_registry._MODEL_REGISTRY.\nlitellm cost calculation failed, using fallback: This model isn't mapped yet. model=openrouter/test/model, custom_llm_provider=openrouter. Add it here - https://github.com/BerriAI/litellm/blob/main/model_prices_and_context_window.json.\nUnknown model 'openrouter/test/model' \u2014 not in the static registry or litellm catalog; using conservative 128K fallback. Add it to model_registry._MODEL_REGISTRY.\nUnknown model 'openrouter/test/model' \u2014 not in the static registry or litellm catalog; using conservative 128K fallback. Add it to model_registry._MODEL_REGISTRY.\nUnknown model 'openrouter/test/model' \u2014 not in the static registry or litellm catalog; using conservative 128K fallback. Add it to model_registry._MODEL_REGISTRY.\nlitellm cost calculation failed, using fallback: This model isn't mapped yet. model=openrouter/test/model, custom_llm_provider=openrouter. Add it here - https://github.com/BerriAI/litellm/blob/main/model_prices_and_context_window.json.\nUnknown model 'openrouter/test/model' \u2014 not in the static registry or litellm catalog; using conservative 128K fallback. Add it to model_registry._MODEL_REGISTRY.\nact-observe observe: run f0aa6d4d-709a-4ea8-8af5-f0310fe77506 would be told at its stop about 1 unobserved change(s): [SYSTEM] You have made 1 state-changing call (create_task) and have not read that source since. A response you did not inspect may have carried new information, and anything you knew about that source before you changed it is now out of date. Read it again before you write your answer.\nUnknown model 'openrouter/test/model' \u2014 not in the static registry or litellm catalog; using conservative 128K fallback. Add it to model_registry._MODEL_REGISTRY.\nUnknown model 'openrouter/test/model' \u2014 not in the static registry or litellm catalog; using conservative 128K fallback. Add it to model_registry._MODEL_REGISTRY.\nUnknown model 'openrouter/test/model' \u2014 not in the static registry or litellm catalog; using conservative 128K fallback. Add it to model_registry._MODEL_REGISTRY.\nUnknown model 'openrouter/test/model' \u2014 not in the static registry or litellm catalog; using conservative 128K fallback. Add it to model_registry._MODEL_REGISTRY.\nlitellm cost calculation failed, using fallback: This model isn't mapped yet. model=openrouter/test/model, custom_llm_provider=openrouter. Add it here - https://github.com/BerriAI/litellm/blob/main/model_prices_and_context_window.json.\nUnknown model 'openrouter/test/model' \u2014 not in the static registry or litellm catalog; using conservative 128K fallback. Add it to model_registry._MODEL_REGISTRY.\nUnknown model 'openrouter/test/model' \u2014 not in the static registry or litellm catalog; using conservative 128K fallback. Add it to model_registry._MODEL_REGISTRY.\nUnknown model 'openrouter/test/model' \u2014 not in the static registry or litellm catalog; using conservative 128K fallback. Add it to model_registry._MODEL_REGISTRY.\nlitellm cost calculation failed, using fallback: This model isn't mapped yet. model=openrouter/test/model, custom_llm_provider=openrouter. Add it here - https://github.com/BerriAI/litellm/blob/main/model_prices_and_context_window.json.\nUnknown model 'openrouter/test/model' \u2014 not in the static registry or litellm catalog; using conservative 128K fallback. Add it to model_registry._MODEL_REGISTRY.\nact-observe observe: run cc434004-535f-4345-a1b7-38aa8a183c71 would be told at its stop about 1 unobserved change(s): [SYSTEM] You have made 1 state-changing call (create_task) and have not read that source since. A response you did not inspect may have carried new information, and anything you knew about that source before you changed it is now out of date. Read it again before you write your answer.\nUnknown model 'openrouter/test/model' \u2014 not in the static registry or litellm catalog; using conservative 128K fallback. Add it to model_registry._MODEL_REGISTRY.\nUnknown model 'openrouter/test/model' \u2014 not in the static registry or litellm catalog; using conservative 128K fallback. Add it to model_registry._MODEL_REGISTRY.\nUnknown model 'openrouter/test/model' \u2014 not in the static registry or litellm catalog; using conservative 128K fallback. Add it to model_registry._MODEL_REGISTRY.\nUnknown model 'openrouter/test/model' \u2014 not in the static registry or litellm catalog; using conservative 128K fallback. Add it to model_registry._MODEL_REGISTRY.\nlitellm cost calculation failed, using fallback: This model isn't mapped yet. model=openrouter/test/model, custom_llm_provider=openrouter. Add it here - https://github.com/BerriAI/litellm/blob/main/model_prices_and_context_window.json.\nUnknown model 'openrouter/test/model' \u2014 not in the static registry or litellm catalog; using conservative 128K fallback. Add it to model_registry._MODEL_REGISTRY.\nUnknown model 'openrouter/test/model' \u2014 not in the static registry or litellm catalog; using conservative 128K fallback. Add it to model_registry._MODEL_REGISTRY.\nUnknown model 'openrouter/test/model' \u2014 not in the static registry or litellm catalog; using conservative 128K fallback. Add it to model_registry._MODEL_REGISTRY.\nlitellm cost calculation failed, using fallback: This model isn't mapped yet. model=openrouter/test/model, custom_llm_provider=openrouter. Add it here - https://github.com/BerriAI/litellm/blob/main/model_prices_and_context_window.json.\nUnknown model 'openrouter/test/model' \u2014 not in the static registry or litellm catalog; using conservative 128K fallback. Add it to model_registry._MODEL_REGISTRY.\nact-observe observe: run 7fd26180-96d8-4dda-9f9a-b1505b892274 would be told at its stop about 1 unobserved change(s): [SYSTEM] You have made 1 state-changing call (create_task) and have not read that source since. A response you did not inspect may have carried new information, and anything you knew about that source before you changed it is now out of date. Read it again before you write your answer.\nUnknown model 'openrouter/test/model' \u2014 not in the static registry or litellm catalog; using conservative 128K fallback. Add it to model_registry._MODEL_REGISTRY.\nUnknown model 'openrouter/test/model' \u2014 not in the static registry or litellm catalog; using conservative 128K fallback. Add it to model_registry._MODEL_REGISTRY.\nUnknown model 'openrouter/test/model' \u2014 not in the static registry or litellm catalog; using conservative 128K fallback. Add it to model_registry._MODEL_REGISTRY.\nUnknown model 'openrouter/test/model' \u2014 not in the static registry or litellm catalog; using conservative 128K fallback. Add it to model_registry._MODEL_REGISTRY.\nlitellm cost calculation failed, using fallback: This model isn't mapped yet. model=openrouter/test/model, custom_llm_provider=openrouter. Add it here - https://github.com/BerriAI/litellm/blob/main/model_prices_and_context_window.json.\nUnknown model 'openrouter/test/model' \u2014 not in the static registry or litellm catalog; using conservative 128K fallback. Add it to model_registry._MODEL_REGISTRY.\nUnknown model 'openrouter/test/model' \u2014 not in the static registry or litellm catalog; using conservative 128K fallback. Add it to model_registry._MODEL_REGISTRY.\nUnknown model 'openrouter/test/model' \u2014 not in the static registry or litellm catalog; using conservative 128K fallback. Add it to model_registry._MODEL_REGISTRY.\nlitellm cost calculation failed, using fallback: This model isn't mapped yet. model=openrouter/test/model, custom_llm_provider=openrouter. Add it here - https://github.com/BerriAI/litellm/blob/main/model_prices_and_context_window.json.\nUnknown model 'openrouter/test/model' \u2014 not in the static registry or litellm catalog; using conservative 128K fallback. Add it to model_registry._MODEL_REGISTRY.\nact-observe observe: run 88c6a4ae-a57a-4d6e-9d39-7ae2679fcd71 would be told at its stop about 1 unobserved change(s): [SYSTEM] You have made 1 state-changing call (create_task) and have not read that source since. A response you did not inspect may have carried new information, and anything you knew about that source before you changed it is now out of date. Read it again before you write your answer.\nUnknown model 'openrouter/test/model' \u2014 not in the static registry or litellm catalog; using conservative 128K fallback. Add it to model_registry._MODEL_REGISTRY.\nUnknown model 'openrouter/test/model' \u2014 not in the static registry or litellm catalog; using conservative 128K fallback. Add it to model_registry._MODEL_REGISTRY.\nUnknown model 'openrouter/test/model' \u2014 not in the static registry or litellm catalog; using conservative 128K fallback. Add it to model_registry._MODEL_REGISTRY.\nUnknown model 'openrouter/test/model' \u2014 not in the static registry or litellm catalog; using conservative 128K fallback. Add it to model_registry._MODEL_REGISTRY.\nlitellm cost calculation failed, using fallback: This model isn't mapped yet. model=openrouter/test/model, custom_llm_provider=openrouter. Add it here - https://github.com/BerriAI/litellm/blob/main/model_prices_and_context_window.json.\nUnknown model 'openrouter/test/model' \u2014 not in the static registry or litellm catalog; using conservative 128K fallback. Add it to model_registry._MODEL_REGISTRY.\nUnknown model 'openrouter/test/model' \u2014 not in the static registry or litellm catalog; using conservative 128K fallback. Add it to model_registry._MODEL_REGISTRY.\nUnknown model 'openrouter/test/model' \u2014 not in the static registry or litellm catalog; using conservative 128K fallback. Add it to model_registry._MODEL_REGISTRY.\nlitellm cost calculation failed, using fallback: This model isn't mapped yet. model=openrouter/test/model, custom_llm_provider=openrouter. Add it here - https://github.com/BerriAI/litellm/blob/main/model_prices_and_context_window.json.\nUnknown model 'openrouter/test/model' \u2014 not in the static registry or litellm catalog; using conservative 128K fallback. Add it to model_registry._MODEL_REGISTRY.\nact-observe observe: run a9f55e39-529f-4b46-ba4d-ddd8f2fae107 would be told at its stop about 1 unobserved change(s): [SYSTEM] You have made 1 state-changing call (create_task) and have not read that source since. A response you did not inspect may have carried new information, and anything you knew about that source before you changed it is now out of date. Read it again before you write your answer.\nUnknown model 'openrouter/test/model' \u2014 not in the static registry or litellm catalog; using conservative 128K fallback. Add it to model_registry._MODEL_REGISTRY.\nUnknown model 'openrouter/test/model' \u2014 not in the static registry or litellm catalog; using conservative 128K fallback. Add it to model_registry._MODEL_REGISTRY.\nUnknown model 'openrouter/test/model' \u2014 not in the static registry or litellm catalog; using conservative 128K fallback. Add it to model_registry._MODEL_REGISTRY.\nUnknown model 'openrouter/test/model' \u2014 not in the static registry or litellm catalog; using conservative 128K fallback. Add it to model_registry._MODEL_REGISTRY.\nlitellm cost calculation failed, using fallback: This model isn't mapped yet. model=openrouter/test/model, custom_llm_provider=openrouter. Add it here - https://github.com/BerriAI/litellm/blob/main/model_prices_and_context_window.json.\nUnknown model 'openrouter/test/model' \u2014 not in the static registry or litellm catalog; using conservative 128K fallback. Add it to model_registry._MODEL_REGISTRY.\nUnknown model 'openrouter/test/model' \u2014 not in the static registry or litellm catalog; using conservative 128K fallback. Add it to model_registry._MODEL_REGISTRY.\nUnknown model 'openrouter/test/model' \u2014 not in the static registry or litellm catalog; using conservative 128K fallback. Add it to model_registry._MODEL_REGISTRY.\nlitellm cost calculation failed, using fallback: This model isn't mapped yet. model=openrouter/test/model, custom_llm_provider=openrouter. Add it here - https://github.com/BerriAI/litellm/blob/main/model_prices_and_context_window.json.\nUnknown model 'openrouter/test/model' \u2014 not in the static registry or litellm catalog; using conservative 128K fallback. Add it to model_registry._MODEL_REGISTRY.\nact-observe observe: run 0d41cebe-5126-4e8c-a9f4-776746d0ce68 would be told at its stop about 1 unobserved change(s): [SYSTEM] You have made 1 state-changing call (create_task) and have not read that source since. A response you did not inspect may have carried new information, and anything you knew about that source before you changed it is now out of date. Read it again before you write your answer.\nUnknown model 'openrouter/test/model' \u2014 not in the static registry or litellm catalog; using conservative 128K fallback. Add it to model_registry._MODEL_REGISTRY.\nUnknown model 'openrouter/test/model' \u2014 not in the static registry or litellm catalog; using conservative 128K fallback. Add it to model_registry._MODEL_REGISTRY.\nUnknown model 'openrouter/test/model' \u2014 not in the static registry or litellm catalog; using conservative 128K fallback. Add it to model_registry._MODEL_REGISTRY.\nUnknown model 'openrouter/test/model' \u2014 not in the static registry or litellm catalog; using conservative 128K fallback. Add it to model_registry._MODEL_REGISTRY.\nlitellm cost calculation failed, using fallback: This model isn't mapped yet. model=openrouter/test/model, custom_llm_provider=openrouter. Add it here - https://github.com/BerriAI/litellm/blob/main/model_prices_and_context_window.json.\nUnknown model 'openrouter/test/model' \u2014 not in the static registry or litellm catalog; using conservative 128K fallback. Add it to model_registry._MODEL_REGISTRY.\nUnknown model 'openrouter/test/model' \u2014 not in the static registry or litellm catalog; using conservative 128K fallback. Add it to model_registry._MODEL_REGISTRY.\nUnknown model 'openrouter/test/model' \u2014 not in the static registry or litellm catalog; using conservative 128K fallback. Add it to model_registry._MODEL_REGISTRY.\nlitellm cost calculation failed, using fallback: This model isn't mapped yet. model=openrouter/test/model, custom_llm_provider=openrouter. Add it here - https://github.com/BerriAI/litellm/blob/main/model_prices_and_context_window.json.\nUnknown model 'openrouter/test/model' \u2014 not in the static registry or litellm catalog; using conservative 128K fallback. Add it to model_registry._MODEL_REGISTRY.\nact-observe observe: run 549e1833-d780-427c-a503-de60d13a29fd would be told at its stop about 1 unobserved change(s): [SYSTEM] You have made 1 state-changing call (create_task) and have not read that source since. A response you did not inspect may have carried new information, and anything you knew about that source before you changed it is now out of date. Read it again before you write your answer.\nUnknown model 'openrouter/test/model' \u2014 not in the static registry or litellm catalog; using conservative 128K fallback. Add it to model_registry._MODEL_REGISTRY.\nUnknown model 'openrouter/test/model' \u2014 not in the static registry or litellm catalog; using conservative 128K fallback. Add it to model_registry._MODEL_REGISTRY.\nUnknown model 'openrouter/test/model' \u2014 not in the static registry or litellm catalog; using conservative 128K fallback. Add it to model_registry._MODEL_REGISTRY.\nUnknown model 'openrouter/test/model' \u2014 not in the static registry or litellm catalog; using conservative 128K fallback. Add it to model_registry._MODEL_REGISTRY.\nlitellm cost calculation failed, using fallback: This model isn't mapped yet. model=openrouter/test/model, custom_llm_provider=openrouter. Add it here - https://github.com/BerriAI/litellm/blob/main/model_prices_and_context_window.json.\nUnknown model 'openrouter/test/model' \u2014 not in the static registry or litellm catalog; using conservative 128K fallback. Add it to model_registry._MODEL_REGISTRY.\nUnknown model 'openrouter/test/model' \u2014 not in the static registry or litellm catalog; using conservative 128K fallback. Add it to model_registry._MODEL_REGISTRY.\nUnknown model 'openrouter/test/model' \u2014 not in the static registry or litellm catalog; using conservative 128K fallback. Add it to model_registry._MODEL_REGISTRY.\nlitellm cost calculation failed, using fallback: This model isn't mapped yet. model=openrouter/test/model, custom_llm_provider=openrouter. Add it here - https://github.com/BerriAI/litellm/blob/main/model_prices_and_context_window.json.\nUnknown model 'openrouter/test/model' \u2014 not in the static registry or litellm catalog; using conservative 128K fallback. Add it to model_registry._MODEL_REGISTRY.\nact-observe observe: run aed1cf89-66e4-462d-95bf-2c6f065c55f1 would be told at its stop about 1 unobserved change(s): [SYSTEM] You have made 1 state-changing call (create_task) and have not read that source since. A response you did not inspect may have carried new information, and anything you knew about that source before you changed it is now out of date. Read it again before you write your answer.\n", "exit_code": 0}
NATIVE_TASK_OUTPUT {"revision": "current", "stdout": "NATIVE_TASK_SAMPLE {\"scenario\": \"standalone\", \"index\": 0, \"warmup\": true, \"verified\": true, \"duration_ms\": 260.78251100261696, \"status\": \"completed\", \"model_calls\": 2, \"task_count\": 1, \"reply\": \"Task creation recorded.\", \"post_return_model_calls\": 0}\nNATIVE_TASK_SAMPLE {\"scenario\": \"standalone\", \"index\": 1, \"warmup\": false, \"verified\": true, \"duration_ms\": 35.114949991111644, \"status\": \"completed\", \"model_calls\": 2, \"task_count\": 1, \"reply\": \"Task creation recorded.\", \"post_return_model_calls\": 0}\nNATIVE_TASK_SAMPLE {\"scenario\": \"standalone\", \"index\": 2, \"warmup\": false, \"verified\": true, \"duration_ms\": 47.64348000753671, \"status\": \"completed\", \"model_calls\": 2, \"task_count\": 1, \"reply\": \"Task creation recorded.\", \"post_return_model_calls\": 0}\nNATIVE_TASK_SAMPLE {\"scenario\": \"standalone\", \"index\": 3, \"warmup\": false, \"verified\": true, \"duration_ms\": 38.71666100167204, \"status\": \"completed\", \"model_calls\": 2, \"task_count\": 1, \"reply\": \"Task creation recorded.\", \"post_return_model_calls\": 0}\nNATIVE_TASK_SAMPLE {\"scenario\": \"standalone\", \"index\": 4, \"warmup\": false, \"verified\": true, \"duration_ms\": 37.97476399631705, \"status\": \"completed\", \"model_calls\": 2, \"task_count\": 1, \"reply\": \"Task creation recorded.\", \"post_return_model_calls\": 0}\nNATIVE_TASK_SAMPLE {\"scenario\": \"standalone\", \"index\": 5, \"warmup\": false, \"verified\": true, \"duration_ms\": 43.470609991345555, \"status\": \"completed\", \"model_calls\": 2, \"task_count\": 1, \"reply\": \"Task creation recorded.\", \"post_return_model_calls\": 0}\nNATIVE_TASK_SAMPLE {\"scenario\": \"standalone\", \"index\": 6, \"warmup\": false, \"verified\": true, \"duration_ms\": 36.09341099218, \"status\": \"completed\", \"model_calls\": 2, \"task_count\": 1, \"reply\": \"Task creation recorded.\", \"post_return_model_calls\": 0}\nNATIVE_TASK_SAMPLE {\"scenario\": \"standalone\", \"index\": 7, \"warmup\": false, \"verified\": true, \"duration_ms\": 33.832934001111425, \"status\": \"completed\", \"model_calls\": 2, \"task_count\": 1, \"reply\": \"Task creation recorded.\", \"post_return_model_calls\": 0}\nNATIVE_TASK_SAMPLE {\"scenario\": \"standalone\", \"index\": 8, \"warmup\": false, \"verified\": true, \"duration_ms\": 27.3185939877294, \"status\": \"completed\", \"model_calls\": 2, \"task_count\": 1, \"reply\": \"Task creation recorded.\", \"post_return_model_calls\": 0}\nNATIVE_TASK_SAMPLE {\"scenario\": \"standalone\", \"index\": 9, \"warmup\": false, \"verified\": true, \"duration_ms\": 25.64263599924743, \"status\": \"completed\", \"model_calls\": 2, \"task_count\": 1, \"reply\": \"Task creation recorded.\", \"post_return_model_calls\": 0}\nNATIVE_TASK_SAMPLE {\"scenario\": \"standalone\", \"index\": 10, \"warmup\": false, \"verified\": true, \"duration_ms\": 37.184737011557445, \"status\": \"completed\", \"model_calls\": 2, \"task_count\": 1, \"reply\": \"Task creation recorded.\", \"post_return_model_calls\": 0}\nNATIVE_TASK_SAMPLE {\"scenario\": \"standalone\", \"index\": 11, \"warmup\": false, \"verified\": true, \"duration_ms\": 36.064083004021086, \"status\": \"completed\", \"model_calls\": 2, \"task_count\": 1, \"reply\": \"Task creation recorded.\", \"post_return_model_calls\": 0}\nNATIVE_TASK_SAMPLE {\"scenario\": \"standalone\", \"index\": 12, \"warmup\": false, \"verified\": true, \"duration_ms\": 38.83637400576845, \"status\": \"completed\", \"model_calls\": 2, \"task_count\": 1, \"reply\": \"Task creation recorded.\", \"post_return_model_calls\": 0}\nNATIVE_TASK_SAMPLE {\"scenario\": \"standalone\", \"index\": 13, \"warmup\": false, \"verified\": true, \"duration_ms\": 29.882642993470654, \"status\": \"completed\", \"model_calls\": 2, \"task_count\": 1, \"reply\": \"Task creation recorded.\", \"post_return_model_calls\": 0}\nNATIVE_TASK_SAMPLE {\"scenario\": \"standalone\", \"index\": 14, \"warmup\": false, \"verified\": true, \"duration_ms\": 37.42184401198756, \"status\": \"completed\", \"model_calls\": 2, \"task_count\": 1, \"reply\": \"Task creation recorded.\", \"post_return_model_calls\": 0}\nNATIVE_TASK_SAMPLE {\"scenario\": \"standalone\", \"index\": 15, \"warmup\": false, \"verified\": true, \"duration_ms\": 27.540291994228028, \"status\": \"completed\", \"model_calls\": 2, \"task_count\": 1, \"reply\": \"Task creation recorded.\", \"post_return_model_calls\": 0}\nNATIVE_TASK_SAMPLE {\"scenario\": \"standalone\", \"index\": 16, \"warmup\": false, \"verified\": true, \"duration_ms\": 33.29030200256966, \"status\": \"completed\", \"model_calls\": 2, \"task_count\": 1, \"reply\": \"Task creation recorded.\", \"post_return_model_calls\": 0}\nNATIVE_TASK_SAMPLE {\"scenario\": \"standalone\", \"index\": 17, \"warmup\": false, \"verified\": true, \"duration_ms\": 21.110128989676014, \"status\": \"completed\", \"model_calls\": 2, \"task_count\": 1, \"reply\": \"Task creation recorded.\", \"post_return_model_calls\": 0}\nNATIVE_TASK_SAMPLE {\"scenario\": \"standalone\", \"index\": 18, \"warmup\": false, \"verified\": true, \"duration_ms\": 26.334292997489683, \"status\": \"completed\", \"model_calls\": 2, \"task_count\": 1, \"reply\": \"Task creation recorded.\", \"post_return_model_calls\": 0}\nNATIVE_TASK_SAMPLE {\"scenario\": \"standalone\", \"index\": 19, \"warmup\": false, \"verified\": true, \"duration_ms\": 31.283924996387213, \"status\": \"completed\", \"model_calls\": 2, \"task_count\": 1, \"reply\": \"Task creation recorded.\", \"post_return_model_calls\": 0}\nNATIVE_TASK_SAMPLE {\"scenario\": \"standalone\", \"index\": 20, \"warmup\": false, \"verified\": true, \"duration_ms\": 29.475276998709887, \"status\": \"completed\", \"model_calls\": 2, \"task_count\": 1, \"reply\": \"Task creation recorded.\", \"post_return_model_calls\": 0}\nNATIVE_TASK_SAMPLE {\"scenario\": \"standalone\", \"index\": 21, \"warmup\": false, \"verified\": true, \"duration_ms\": 24.338698989595287, \"status\": \"completed\", \"model_calls\": 2, \"task_count\": 1, \"reply\": \"Task creation recorded.\", \"post_return_model_calls\": 0}\nNATIVE_TASK_SAMPLE {\"scenario\": \"standalone\", \"index\": 22, \"warmup\": false, \"verified\": true, \"duration_ms\": 36.67764201236423, \"status\": \"completed\", \"model_calls\": 2, \"task_count\": 1, \"reply\": \"Task creation recorded.\", \"post_return_model_calls\": 0}\nNATIVE_TASK_SAMPLE {\"scenario\": \"standalone\", \"index\": 23, \"warmup\": false, \"verified\": true, \"duration_ms\": 31.383238005219027, \"status\": \"completed\", \"model_calls\": 2, \"task_count\": 1, \"reply\": \"Task creation recorded.\", \"post_return_model_calls\": 0}\nNATIVE_TASK_SAMPLE {\"scenario\": \"standalone\", \"index\": 24, \"warmup\": false, \"verified\": true, \"duration_ms\": 41.71775600116234, \"status\": \"completed\", \"model_calls\": 2, \"task_count\": 1, \"reply\": \"Task creation recorded.\", \"post_return_model_calls\": 0}\nNATIVE_TASK_SAMPLE {\"scenario\": \"standalone\", \"index\": 25, \"warmup\": false, \"verified\": true, \"duration_ms\": 32.86306498921476, \"status\": \"completed\", \"model_calls\": 2, \"task_count\": 1, \"reply\": \"Task creation recorded.\", \"post_return_model_calls\": 0}\nNATIVE_TASK_SAMPLE {\"scenario\": \"standalone\", \"index\": 26, \"warmup\": false, \"verified\": true, \"duration_ms\": 36.39626300719101, \"status\": \"completed\", \"model_calls\": 2, \"task_count\": 1, \"reply\": \"Task creation recorded.\", \"post_return_model_calls\": 0}\nNATIVE_TASK_SAMPLE {\"scenario\": \"standalone\", \"index\": 27, \"warmup\": false, \"verified\": true, \"duration_ms\": 38.22692700487096, \"status\": \"completed\", \"model_calls\": 2, \"task_count\": 1, \"reply\": \"Task creation recorded.\", \"post_return_model_calls\": 0}\nNATIVE_TASK_SAMPLE {\"scenario\": \"standalone\", \"index\": 28, \"warmup\": false, \"verified\": true, \"duration_ms\": 34.759826012304984, \"status\": \"completed\", \"model_calls\": 2, \"task_count\": 1, \"reply\": \"Task creation recorded.\", \"post_return_model_calls\": 0}\nNATIVE_TASK_SAMPLE {\"scenario\": \"standalone\", \"index\": 29, \"warmup\": false, \"verified\": true, \"duration_ms\": 44.970133996685036, \"status\": \"completed\", \"model_calls\": 2, \"task_count\": 1, \"reply\": \"Task creation recorded.\", \"post_return_model_calls\": 0}\nNATIVE_TASK_SAMPLE {\"scenario\": \"standalone\", \"index\": 30, \"warmup\": false, \"verified\": true, \"duration_ms\": 40.34884201246314, \"status\": \"completed\", \"model_calls\": 2, \"task_count\": 1, \"reply\": \"Task creation recorded.\", \"post_return_model_calls\": 0}\nNATIVE_TASK_SAMPLE {\"scenario\": \"compound\", \"index\": 0, \"warmup\": true, \"verified\": true, \"duration_ms\": 44.40724699816201, \"status\": \"completed\", \"model_calls\": 2, \"task_count\": 1, \"reply\": \"Task creation recorded. 17 \\u00d7 19 = 323.\", \"post_return_model_calls\": 0}\nNATIVE_TASK_SAMPLE {\"scenario\": \"compound\", \"index\": 1, \"warmup\": false, \"verified\": true, \"duration_ms\": 43.82475900638383, \"status\": \"completed\", \"model_calls\": 2, \"task_count\": 1, \"reply\": \"Task creation recorded. 17 \\u00d7 19 = 323.\", \"post_return_model_calls\": 0}\nNATIVE_TASK_SAMPLE {\"scenario\": \"compound\", \"index\": 2, \"warmup\": false, \"verified\": true, \"duration_ms\": 44.81029199087061, \"status\": \"completed\", \"model_calls\": 2, \"task_count\": 1, \"reply\": \"Task creation recorded. 17 \\u00d7 19 = 323.\", \"post_return_model_calls\": 0}\nNATIVE_TASK_SAMPLE {\"scenario\": \"compound\", \"index\": 3, \"warmup\": false, \"verified\": true, \"duration_ms\": 45.1437360025011, \"status\": \"completed\", \"model_calls\": 2, \"task_count\": 1, \"reply\": \"Task creation recorded. 17 \\u00d7 19 = 323.\", \"post_return_model_calls\": 0}\nNATIVE_TASK_SAMPLE {\"scenario\": \"compound\", \"index\": 4, \"warmup\": false, \"verified\": true, \"duration_ms\": 43.19031799968798, \"status\": \"completed\", \"model_calls\": 2, \"task_count\": 1, \"reply\": \"Task creation recorded. 17 \\u00d7 19 = 323.\", \"post_return_model_calls\": 0}\nNATIVE_TASK_SAMPLE {\"scenario\": \"compound\", \"index\": 5, \"warmup\": false, \"verified\": true, \"duration_ms\": 40.720654011238366, \"status\": \"completed\", \"model_calls\": 2, \"task_count\": 1, \"reply\": \"Task creation recorded. 17 \\u00d7 19 = 323.\", \"post_return_model_calls\": 0}\nNATIVE_TASK_SAMPLE {\"scenario\": \"compound\", \"index\": 6, \"warmup\": false, \"verified\": true, \"duration_ms\": 32.00982199632563, \"status\": \"completed\", \"model_calls\": 2, \"task_count\": 1, \"reply\": \"Task creation recorded. 17 \\u00d7 19 = 323.\", \"post_return_model_calls\": 0}\nNATIVE_TASK_SAMPLE {\"scenario\": \"compound\", \"index\": 7, \"warmup\": false, \"verified\": true, \"duration_ms\": 30.964737001340836, \"status\": \"completed\", \"model_calls\": 2, \"task_count\": 1, \"reply\": \"Task creation recorded. 17 \\u00d7 19 = 323.\", \"post_return_model_calls\": 0}\nNATIVE_TASK_SAMPLE {\"scenario\": \"compound\", \"index\": 8, \"warmup\": false, \"verified\": true, \"duration_ms\": 31.63826500531286, \"status\": \"completed\", \"model_calls\": 2, \"task_count\": 1, \"reply\": \"Task creation recorded. 17 \\u00d7 19 = 323.\", \"post_return_model_calls\": 0}\nNATIVE_TASK_SAMPLE {\"scenario\": \"compound\", \"index\": 9, \"warmup\": false, \"verified\": true, \"duration_ms\": 26.004608007497154, \"status\": \"completed\", \"model_calls\": 2, \"task_count\": 1, \"reply\": \"Task creation recorded. 17 \\u00d7 19 = 323.\", \"post_return_model_calls\": 0}\nNATIVE_TASK_SAMPLE {\"scenario\": \"compound\", \"index\": 10, \"warmup\": false, \"verified\": true, \"duration_ms\": 31.298308007535525, \"status\": \"completed\", \"model_calls\": 2, \"task_count\": 1, \"reply\": \"Task creation recorded. 17 \\u00d7 19 = 323.\", \"post_return_model_calls\": 0}\nNATIVE_TASK_SAMPLE {\"scenario\": \"compound\", \"index\": 11, \"warmup\": false, \"verified\": true, \"duration_ms\": 39.30759600189049, \"status\": \"completed\", \"model_calls\": 2, \"task_count\": 1, \"reply\": \"Task creation recorded. 17 \\u00d7 19 = 323.\", \"post_return_model_calls\": 0}\nNATIVE_TASK_SAMPLE {\"scenario\": \"compound\", \"index\": 12, \"warmup\": false, \"verified\": true, \"duration_ms\": 35.52276401023846, \"status\": \"completed\", \"model_calls\": 2, \"task_count\": 1, \"reply\": \"Task creation recorded. 17 \\u00d7 19 = 323.\", \"post_return_model_calls\": 0}\nNATIVE_TASK_SAMPLE {\"scenario\": \"compound\", \"index\": 13, \"warmup\": false, \"verified\": true, \"duration_ms\": 35.65630099910777, \"status\": \"completed\", \"model_calls\": 2, \"task_count\": 1, \"reply\": \"Task creation recorded. 17 \\u00d7 19 = 323.\", \"post_return_model_calls\": 0}\nNATIVE_TASK_SAMPLE {\"scenario\": \"compound\", \"index\": 14, \"warmup\": false, \"verified\": true, \"duration_ms\": 48.703653999837115, \"status\": \"completed\", \"model_calls\": 2, \"task_count\": 1, \"reply\": \"Task creation recorded. 17 \\u00d7 19 = 323.\", \"post_return_model_calls\": 0}\nNATIVE_TASK_SAMPLE {\"scenario\": \"compound\", \"index\": 15, \"warmup\": false, \"verified\": true, \"duration_ms\": 30.21256699867081, \"status\": \"completed\", \"model_calls\": 2, \"task_count\": 1, \"reply\": \"Task creation recorded. 17 \\u00d7 19 = 323.\", \"post_return_model_calls\": 0}\nNATIVE_TASK_SAMPLE {\"scenario\": \"compound\", \"index\": 16, \"warmup\": false, \"verified\": true, \"duration_ms\": 32.43621099682059, \"status\": \"completed\", \"model_calls\": 2, \"task_count\": 1, \"reply\": \"Task creation recorded. 17 \\u00d7 19 = 323.\", \"post_return_model_calls\": 0}\nNATIVE_TASK_SAMPLE {\"scenario\": \"compound\", \"index\": 17, \"warmup\": false, \"verified\": true, \"duration_ms\": 31.728553993161768, \"status\": \"completed\", \"model_calls\": 2, \"task_count\": 1, \"reply\": \"Task creation recorded. 17 \\u00d7 19 = 323.\", \"post_return_model_calls\": 0}\nNATIVE_TASK_SAMPLE {\"scenario\": \"compound\", \"index\": 18, \"warmup\": false, \"verified\": true, \"duration_ms\": 35.14458300196566, \"status\": \"completed\", \"model_calls\": 2, \"task_count\": 1, \"reply\": \"Task creation recorded. 17 \\u00d7 19 = 323.\", \"post_return_model_calls\": 0}\nNATIVE_TASK_SAMPLE {\"scenario\": \"compound\", \"index\": 19, \"warmup\": false, \"verified\": true, \"duration_ms\": 32.66651800367981, \"status\": \"completed\", \"model_calls\": 2, \"task_count\": 1, \"reply\": \"Task creation recorded. 17 \\u00d7 19 = 323.\", \"post_return_model_calls\": 0}\nNATIVE_TASK_SAMPLE {\"scenario\": \"compound\", \"index\": 20, \"warmup\": false, \"verified\": true, \"duration_ms\": 37.77584800263867, \"status\": \"completed\", \"model_calls\": 2, \"task_count\": 1, \"reply\": \"Task creation recorded. 17 \\u00d7 19 = 323.\", \"post_return_model_calls\": 0}\nNATIVE_TASK_SAMPLE {\"scenario\": \"compound\", \"index\": 21, \"warmup\": false, \"verified\": true, \"duration_ms\": 33.228845000849105, \"status\": \"completed\", \"model_calls\": 2, \"task_count\": 1, \"reply\": \"Task creation recorded. 17 \\u00d7 19 = 323.\", \"post_return_model_calls\": 0}\nNATIVE_TASK_SAMPLE {\"scenario\": \"compound\", \"index\": 22, \"warmup\": false, \"verified\": true, \"duration_ms\": 40.483659991878085, \"status\": \"completed\", \"model_calls\": 2, \"task_count\": 1, \"reply\": \"Task creation recorded. 17 \\u00d7 19 = 323.\", \"post_return_model_calls\": 0}\nNATIVE_TASK_SAMPLE {\"scenario\": \"compound\", \"index\": 23, \"warmup\": false, \"verified\": true, \"duration_ms\": 44.96158899564762, \"status\": \"completed\", \"model_calls\": 2, \"task_count\": 1, \"reply\": \"Task creation recorded. 17 \\u00d7 19 = 323.\", \"post_return_model_calls\": 0}\nNATIVE_TASK_SAMPLE {\"scenario\": \"compound\", \"index\": 24, \"warmup\": false, \"verified\": true, \"duration_ms\": 47.419269001693465, \"status\": \"completed\", \"model_calls\": 2, \"task_count\": 1, \"reply\": \"Task creation recorded. 17 \\u00d7 19 = 323.\", \"post_return_model_calls\": 0}\nNATIVE_TASK_SAMPLE {\"scenario\": \"compound\", \"index\": 25, \"warmup\": false, \"verified\": true, \"duration_ms\": 50.823297002352774, \"status\": \"completed\", \"model_calls\": 2, \"task_count\": 1, \"reply\": \"Task creation recorded. 17 \\u00d7 19 = 323.\", \"post_return_model_calls\": 0}\nNATIVE_TASK_SAMPLE {\"scenario\": \"compound\", \"index\": 26, \"warmup\": false, \"verified\": true, \"duration_ms\": 35.3810819942737, \"status\": \"completed\", \"model_calls\": 2, \"task_count\": 1, \"reply\": \"Task creation recorded. 17 \\u00d7 19 = 323.\", \"post_return_model_calls\": 0}\nNATIVE_TASK_SAMPLE {\"scenario\": \"compound\", \"index\": 27, \"warmup\": false, \"verified\": true, \"duration_ms\": 37.16244899260346, \"status\": \"completed\", \"model_calls\": 2, \"task_count\": 1, \"reply\": \"Task creation recorded. 17 \\u00d7 19 = 323.\", \"post_return_model_calls\": 0}\nNATIVE_TASK_SAMPLE {\"scenario\": \"compound\", \"index\": 28, \"warmup\": false, \"verified\": true, \"duration_ms\": 43.45579299842939, \"status\": \"completed\", \"model_calls\": 2, \"task_count\": 1, \"reply\": \"Task creation recorded. 17 \\u00d7 19 = 323.\", \"post_return_model_calls\": 0}\nNATIVE_TASK_SAMPLE {\"scenario\": \"compound\", \"index\": 29, \"warmup\": false, \"verified\": true, \"duration_ms\": 35.70686199236661, \"status\": \"completed\", \"model_calls\": 2, \"task_count\": 1, \"reply\": \"Task creation recorded. 17 \\u00d7 19 = 323.\", \"post_return_model_calls\": 0}\nNATIVE_TASK_SAMPLE {\"scenario\": \"compound\", \"index\": 30, \"warmup\": false, \"verified\": true, \"duration_ms\": 31.623481001588516, \"status\": \"completed\", \"model_calls\": 2, \"task_count\": 1, \"reply\": \"Task creation recorded. 17 \\u00d7 19 = 323.\", \"post_return_model_calls\": 0}\n", "stderr": "Unknown model 'openrouter/test/model' \u2014 not in the static registry or litellm catalog; using conservative 128K fallback. Add it to model_registry._MODEL_REGISTRY.\nUnknown model 'openrouter/test/model' \u2014 not in the static registry or litellm catalog; using conservative 128K fallback. Add it to model_registry._MODEL_REGISTRY.\nAdapter 'impetus-one' unavailable (backoff 300s): Invalid Content-Length in MCP response\nUnknown model 'openrouter/test/model' \u2014 not in the static registry or litellm catalog; using conservative 128K fallback. Add it to model_registry._MODEL_REGISTRY.\nUnknown model 'openrouter/test/model' \u2014 not in the static registry or litellm catalog; using conservative 128K fallback. Add it to model_registry._MODEL_REGISTRY.\nlitellm cost calculation failed, using fallback: This model isn't mapped yet. model=openrouter/test/model, custom_llm_provider=openrouter. Add it here - https://github.com/BerriAI/litellm/blob/main/model_prices_and_context_window.json.\nUnknown model 'openrouter/test/model' \u2014 not in the static registry or litellm catalog; using conservative 128K fallback. Add it to model_registry._MODEL_REGISTRY.\nUnknown model 'openrouter/test/model' \u2014 not in the static registry or litellm catalog; using conservative 128K fallback. Add it to model_registry._MODEL_REGISTRY.\nUnknown model 'openrouter/test/model' \u2014 not in the static registry or litellm catalog; using conservative 128K fallback. Add it to model_registry._MODEL_REGISTRY.\nlitellm cost calculation failed, using fallback: This model isn't mapped yet. model=openrouter/test/model, custom_llm_provider=openrouter. Add it here - https://github.com/BerriAI/litellm/blob/main/model_prices_and_context_window.json.\nUnknown model 'openrouter/test/model' \u2014 not in the static registry or litellm catalog; using conservative 128K fallback. Add it to model_registry._MODEL_REGISTRY.\nact-observe observe: run 7d6f837a-e1f7-4ac6-b5f2-6324ce5eac5b would be told at its stop about 1 unobserved change(s): [SYSTEM] You have made 1 state-changing call (create_task) and have not read that source since. A response you did not inspect may have carried new information, and anything you knew about that source before you changed it is now out of date. Read it again before you write your answer.\nUnknown model 'openrouter/test/model' \u2014 not in the static registry or litellm catalog; using conservative 128K fallback. Add it to model_registry._MODEL_REGISTRY.\nUnknown model 'openrouter/test/model' \u2014 not in the static registry or litellm catalog; using conservative 128K fallback. Add it to model_registry._MODEL_REGISTRY.\nUnknown model 'openrouter/test/model' \u2014 not in the static registry or litellm catalog; using conservative 128K fallback. Add it to model_registry._MODEL_REGISTRY.\nUnknown model 'openrouter/test/model' \u2014 not in the static registry or litellm catalog; using conservative 128K fallback. Add it to model_registry._MODEL_REGISTRY.\nlitellm cost calculation failed, using fallback: This model isn't mapped yet. model=openrouter/test/model, custom_llm_provider=openrouter. Add it here - https://github.com/BerriAI/litellm/blob/main/model_prices_and_context_window.json.\nUnknown model 'openrouter/test/model' \u2014 not in the static registry or litellm catalog; using conservative 128K fallback. Add it to model_registry._MODEL_REGISTRY.\nUnknown model 'openrouter/test/model' \u2014 not in the static registry or litellm catalog; using conservative 128K fallback. Add it to model_registry._MODEL_REGISTRY.\nUnknown model 'openrouter/test/model' \u2014 not in the static registry or litellm catalog; using conservative 128K fallback. Add it to model_registry._MODEL_REGISTRY.\nlitellm cost calculation failed, using fallback: This model isn't mapped yet. model=openrouter/test/model, custom_llm_provider=openrouter. Add it here - https://github.com/BerriAI/litellm/blob/main/model_prices_and_context_window.json.\nUnknown model 'openrouter/test/model' \u2014 not in the static registry or litellm catalog; using conservative 128K fallback. Add it to model_registry._MODEL_REGISTRY.\nact-observe observe: run 78caa603-9df1-4688-a9ec-8ac724eba320 would be told at its stop about 1 unobserved change(s): [SYSTEM] You have made 1 state-changing call (create_task) and have not read that source since. A response you did not inspect may have carried new information, and anything you knew about that source before you changed it is now out of date. Read it again before you write your answer.\nUnknown model 'openrouter/test/model' \u2014 not in the static registry or litellm catalog; using conservative 128K fallback. Add it to model_registry._MODEL_REGISTRY.\nUnknown model 'openrouter/test/model' \u2014 not in the static registry or litellm catalog; using conservative 128K fallback. Add it to model_registry._MODEL_REGISTRY.\nUnknown model 'openrouter/test/model' \u2014 not in the static registry or litellm catalog; using conservative 128K fallback. Add it to model_registry._MODEL_REGISTRY.\nUnknown model 'openrouter/test/model' \u2014 not in the static registry or litellm catalog; using conservative 128K fallback. Add it to model_registry._MODEL_REGISTRY.\nlitellm cost calculation failed, using fallback: This model isn't mapped yet. model=openrouter/test/model, custom_llm_provider=openrouter. Add it here - https://github.com/BerriAI/litellm/blob/main/model_prices_and_context_window.json.\nUnknown model 'openrouter/test/model' \u2014 not in the static registry or litellm catalog; using conservative 128K fallback. Add it to model_registry._MODEL_REGISTRY.\nUnknown model 'openrouter/test/model' \u2014 not in the static registry or litellm catalog; using conservative 128K fallback. Add it to model_registry._MODEL_REGISTRY.\nUnknown model 'openrouter/test/model' \u2014 not in the static registry or litellm catalog; using conservative 128K fallback. Add it to model_registry._MODEL_REGISTRY.\nlitellm cost calculation failed, using fallback: This model isn't mapped yet. model=openrouter/test/model, custom_llm_provider=openrouter. Add it here - https://github.com/BerriAI/litellm/blob/main/model_prices_and_context_window.json.\nUnknown model 'openrouter/test/model' \u2014 not in the static registry or litellm catalog; using conservative 128K fallback. Add it to model_registry._MODEL_REGISTRY.\nact-observe observe: run 1e4288a0-b81c-478c-bb62-7ca59312f8de would be told at its stop about 1 unobserved change(s): [SYSTEM] You have made 1 state-changing call (create_task) and have not read that source since. A response you did not inspect may have carried new information, and anything you knew about that source before you changed it is now out of date. Read it again before you write your answer.\nUnknown model 'openrouter/test/model' \u2014 not in the static registry or litellm catalog; using conservative 128K fallback. Add it to model_registry._MODEL_REGISTRY.\nUnknown model 'openrouter/test/model' \u2014 not in the static registry or litellm catalog; using conservative 128K fallback. Add it to model_registry._MODEL_REGISTRY.\nUnknown model 'openrouter/test/model' \u2014 not in the static registry or litellm catalog; using conservative 128K fallback. Add it to model_registry._MODEL_REGISTRY.\nUnknown model 'openrouter/test/model' \u2014 not in the static registry or litellm catalog; using conservative 128K fallback. Add it to model_registry._MODEL_REGISTRY.\nlitellm cost calculation failed, using fallback: This model isn't mapped yet. model=openrouter/test/model, custom_llm_provider=openrouter. Add it here - https://github.com/BerriAI/litellm/blob/main/model_prices_and_context_window.json.\nUnknown model 'openrouter/test/model' \u2014 not in the static registry or litellm catalog; using conservative 128K fallback. Add it to model_registry._MODEL_REGISTRY.\nUnknown model 'openrouter/test/model' \u2014 not in the static registry or litellm catalog; using conservative 128K fallback. Add it to model_registry._MODEL_REGISTRY.\nUnknown model 'openrouter/test/model' \u2014 not in the static registry or litellm catalog; using conservative 128K fallback. Add it to model_registry._MODEL_REGISTRY.\nlitellm cost calculation failed, using fallback: This model isn't mapped yet. model=openrouter/test/model, custom_llm_provider=openrouter. Add it here - https://github.com/BerriAI/litellm/blob/main/model_prices_and_context_window.json.\nUnknown model 'openrouter/test/model' \u2014 not in the static registry or litellm catalog; using conservative 128K fallback. Add it to model_registry._MODEL_REGISTRY.\nact-observe observe: run 565f9acc-e466-4b48-aaa5-8e695d5e6ffd would be told at its stop about 1 unobserved change(s): [SYSTEM] You have made 1 state-changing call (create_task) and have not read that source since. A response you did not inspect may have carried new information, and anything you knew about that source before you changed it is now out of date. Read it again before you write your answer.\nUnknown model 'openrouter/test/model' \u2014 not in the static registry or litellm catalog; using conservative 128K fallback. Add it to model_registry._MODEL_REGISTRY.\nUnknown model 'openrouter/test/model' \u2014 not in the static registry or litellm catalog; using conservative 128K fallback. Add it to model_registry._MODEL_REGISTRY.\nUnknown model 'openrouter/test/model' \u2014 not in the static registry or litellm catalog; using conservative 128K fallback. Add it to model_registry._MODEL_REGISTRY.\nUnknown model 'openrouter/test/model' \u2014 not in the static registry or litellm catalog; using conservative 128K fallback. Add it to model_registry._MODEL_REGISTRY.\nlitellm cost calculation failed, using fallback: This model isn't mapped yet. model=openrouter/test/model, custom_llm_provider=openrouter. Add it here - https://github.com/BerriAI/litellm/blob/main/model_prices_and_context_window.json.\nUnknown model 'openrouter/test/model' \u2014 not in the static registry or litellm catalog; using conservative 128K fallback. Add it to model_registry._MODEL_REGISTRY.\nUnknown model 'openrouter/test/model' \u2014 not in the static registry or litellm catalog; using conservative 128K fallback. Add it to model_registry._MODEL_REGISTRY.\nUnknown model 'openrouter/test/model' \u2014 not in the static registry or litellm catalog; using conservative 128K fallback. Add it to model_registry._MODEL_REGISTRY.\nlitellm cost calculation failed, using fallback: This model isn't mapped yet. model=openrouter/test/model, custom_llm_provider=openrouter. Add it here - https://github.com/BerriAI/litellm/blob/main/model_prices_and_context_window.json.\nUnknown model 'openrouter/test/model' \u2014 not in the static registry or litellm catalog; using conservative 128K fallback. Add it to model_registry._MODEL_REGISTRY.\nact-observe observe: run e5111a48-14fc-470a-a35c-07d7b204153a would be told at its stop about 1 unobserved change(s): [SYSTEM] You have made 1 state-changing call (create_task) and have not read that source since. A response you did not inspect may have carried new information, and anything you knew about that source before you changed it is now out of date. Read it again before you write your answer.\nUnknown model 'openrouter/test/model' \u2014 not in the static registry or litellm catalog; using conservative 128K fallback. Add it to model_registry._MODEL_REGISTRY.\nUnknown model 'openrouter/test/model' \u2014 not in the static registry or litellm catalog; using conservative 128K fallback. Add it to model_registry._MODEL_REGISTRY.\nUnknown model 'openrouter/test/model' \u2014 not in the static registry or litellm catalog; using conservative 128K fallback. Add it to model_registry._MODEL_REGISTRY.\nUnknown model 'openrouter/test/model' \u2014 not in the static registry or litellm catalog; using conservative 128K fallback. Add it to model_registry._MODEL_REGISTRY.\nlitellm cost calculation failed, using fallback: This model isn't mapped yet. model=openrouter/test/model, custom_llm_provider=openrouter. Add it here - https://github.com/BerriAI/litellm/blob/main/model_prices_and_context_window.json.\nUnknown model 'openrouter/test/model' \u2014 not in the static registry or litellm catalog; using conservative 128K fallback. Add it to model_registry._MODEL_REGISTRY.\nUnknown model 'openrouter/test/model' \u2014 not in the static registry or litellm catalog; using conservative 128K fallback. Add it to model_registry._MODEL_REGISTRY.\nUnknown model 'openrouter/test/model' \u2014 not in the static registry or litellm catalog; using conservative 128K fallback. Add it to model_registry._MODEL_REGISTRY.\nlitellm cost calculation failed, using fallback: This model isn't mapped yet. model=openrouter/test/model, custom_llm_provider=openrouter. Add it here - https://github.com/BerriAI/litellm/blob/main/model_prices_and_context_window.json.\nUnknown model 'openrouter/test/model' \u2014 not in the static registry or litellm catalog; using conservative 128K fallback. Add it to model_registry._MODEL_REGISTRY.\nact-observe observe: run 1aa9286a-4956-4ee9-b283-9ff75d55903d would be told at its stop about 1 unobserved change(s): [SYSTEM] You have made 1 state-changing call (create_task) and have not read that source since. A response you did not inspect may have carried new information, and anything you knew about that source before you changed it is now out of date. Read it again before you write your answer.\nUnknown model 'openrouter/test/model' \u2014 not in the static registry or litellm catalog; using conservative 128K fallback. Add it to model_registry._MODEL_REGISTRY.\nUnknown model 'openrouter/test/model' \u2014 not in the static registry or litellm catalog; using conservative 128K fallback. Add it to model_registry._MODEL_REGISTRY.\nUnknown model 'openrouter/test/model' \u2014 not in the static registry or litellm catalog; using conservative 128K fallback. Add it to model_registry._MODEL_REGISTRY.\nUnknown model 'openrouter/test/model' \u2014 not in the static registry or litellm catalog; using conservative 128K fallback. Add it to model_registry._MODEL_REGISTRY.\nlitellm cost calculation failed, using fallback: This model isn't mapped yet. model=openrouter/test/model, custom_llm_provider=openrouter. Add it here - https://github.com/BerriAI/litellm/blob/main/model_prices_and_context_window.json.\nUnknown model 'openrouter/test/model' \u2014 not in the static registry or litellm catalog; using conservative 128K fallback. Add it to model_registry._MODEL_REGISTRY.\nUnknown model 'openrouter/test/model' \u2014 not in the static registry or litellm catalog; using conservative 128K fallback. Add it to model_registry._MODEL_REGISTRY.\nUnknown model 'openrouter/test/model' \u2014 not in the static registry or litellm catalog; using conservative 128K fallback. Add it to model_registry._MODEL_REGISTRY.\nlitellm cost calculation failed, using fallback: This model isn't mapped yet. model=openrouter/test/model, custom_llm_provider=openrouter. Add it here - https://github.com/BerriAI/litellm/blob/main/model_prices_and_context_window.json.\nUnknown model 'openrouter/test/model' \u2014 not in the static registry or litellm catalog; using conservative 128K fallback. Add it to model_registry._MODEL_REGISTRY.\nact-observe observe: run 3cbb5419-9148-4f97-8de5-f3c1f565efcc would be told at its stop about 1 unobserved change(s): [SYSTEM] You have made 1 state-changing call (create_task) and have not read that source since. A response you did not inspect may have carried new information, and anything you knew about that source before you changed it is now out of date. Read it again before you write your answer.\nUnknown model 'openrouter/test/model' \u2014 not in the static registry or litellm catalog; using conservative 128K fallback. Add it to model_registry._MODEL_REGISTRY.\nUnknown model 'openrouter/test/model' \u2014 not in the static registry or litellm catalog; using conservative 128K fallback. Add it to model_registry._MODEL_REGISTRY.\nUnknown model 'openrouter/test/model' \u2014 not in the static registry or litellm catalog; using conservative 128K fallback. Add it to model_registry._MODEL_REGISTRY.\nUnknown model 'openrouter/test/model' \u2014 not in the static registry or litellm catalog; using conservative 128K fallback. Add it to model_registry._MODEL_REGISTRY.\nlitellm cost calculation failed, using fallback: This model isn't mapped yet. model=openrouter/test/model, custom_llm_provider=openrouter. Add it here - https://github.com/BerriAI/litellm/blob/main/model_prices_and_context_window.json.\nUnknown model 'openrouter/test/model' \u2014 not in the static registry or litellm catalog; using conservative 128K fallback. Add it to model_registry._MODEL_REGISTRY.\nUnknown model 'openrouter/test/model' \u2014 not in the static registry or litellm catalog; using conservative 128K fallback. Add it to model_registry._MODEL_REGISTRY.\nUnknown model 'openrouter/test/model' \u2014 not in the static registry or litellm catalog; using conservative 128K fallback. Add it to model_registry._MODEL_REGISTRY.\nlitellm cost calculation failed, using fallback: This model isn't mapped yet. model=openrouter/test/model, custom_llm_provider=openrouter. Add it here - https://github.com/BerriAI/litellm/blob/main/model_prices_and_context_window.json.\nUnknown model 'openrouter/test/model' \u2014 not in the static registry or litellm catalog; using conservative 128K fallback. Add it to model_registry._MODEL_REGISTRY.\nact-observe observe: run 6e80b1bc-2b0b-4a69-a071-325932e2b170 would be told at its stop about 1 unobserved change(s): [SYSTEM] You have made 1 state-changing call (create_task) and have not read that source since. A response you did not inspect may have carried new information, and anything you knew about that source before you changed it is now out of date. Read it again before you write your answer.\nUnknown model 'openrouter/test/model' \u2014 not in the static registry or litellm catalog; using conservative 128K fallback. Add it to model_registry._MODEL_REGISTRY.\nUnknown model 'openrouter/test/model' \u2014 not in the static registry or litellm catalog; using conservative 128K fallback. Add it to model_registry._MODEL_REGISTRY.\nUnknown model 'openrouter/test/model' \u2014 not in the static registry or litellm catalog; using conservative 128K fallback. Add it to model_registry._MODEL_REGISTRY.\nUnknown model 'openrouter/test/model' \u2014 not in the static registry or litellm catalog; using conservative 128K fallback. Add it to model_registry._MODEL_REGISTRY.\nlitellm cost calculation failed, using fallback: This model isn't mapped yet. model=openrouter/test/model, custom_llm_provider=openrouter. Add it here - https://github.com/BerriAI/litellm/blob/main/model_prices_and_context_window.json.\nUnknown model 'openrouter/test/model' \u2014 not in the static registry or litellm catalog; using conservative 128K fallback. Add it to model_registry._MODEL_REGISTRY.\nUnknown model 'openrouter/test/model' \u2014 not in the static registry or litellm catalog; using conservative 128K fallback. Add it to model_registry._MODEL_REGISTRY.\nUnknown model 'openrouter/test/model' \u2014 not in the static registry or litellm catalog; using conservative 128K fallback. Add it to model_registry._MODEL_REGISTRY.\nlitellm cost calculation failed, using fallback: This model isn't mapped yet. model=openrouter/test/model, custom_llm_provider=openrouter. Add it here - https://github.com/BerriAI/litellm/blob/main/model_prices_and_context_window.json.\nUnknown model 'openrouter/test/model' \u2014 not in the static registry or litellm catalog; using conservative 128K fallback. Add it to model_registry._MODEL_REGISTRY.\nact-observe observe: run 0b5a678b-5110-4d7e-ba0e-631c3ac9cae6 would be told at its stop about 1 unobserved change(s): [SYSTEM] You have made 1 state-changing call (create_task) and have not read that source since. A response you did not inspect may have carried new information, and anything you knew about that source before you changed it is now out of date. Read it again before you write your answer.\nUnknown model 'openrouter/test/model' \u2014 not in the static registry or litellm catalog; using conservative 128K fallback. Add it to model_registry._MODEL_REGISTRY.\nUnknown model 'openrouter/test/model' \u2014 not in the static registry or litellm catalog; using conservative 128K fallback. Add it to model_registry._MODEL_REGISTRY.\nUnknown model 'openrouter/test/model' \u2014 not in the static registry or litellm catalog; using conservative 128K fallback. Add it to model_registry._MODEL_REGISTRY.\nUnknown model 'openrouter/test/model' \u2014 not in the static registry or litellm catalog; using conservative 128K fallback. Add it to model_registry._MODEL_REGISTRY.\nlitellm cost calculation failed, using fallback: This model isn't mapped yet. model=openrouter/test/model, custom_llm_provider=openrouter. Add it here - https://github.com/BerriAI/litellm/blob/main/model_prices_and_context_window.json.\nUnknown model 'openrouter/test/model' \u2014 not in the static registry or litellm catalog; using conservative 128K fallback. Add it to model_registry._MODEL_REGISTRY.\nUnknown model 'openrouter/test/model' \u2014 not in the static registry or litellm catalog; using conservative 128K fallback. Add it to model_registry._MODEL_REGISTRY.\nUnknown model 'openrouter/test/model' \u2014 not in the static registry or litellm catalog; using conservative 128K fallback. Add it to model_registry._MODEL_REGISTRY.\nlitellm cost calculation failed, using fallback: This model isn't mapped yet. model=openrouter/test/model, custom_llm_provider=openrouter. Add it here - https://github.com/BerriAI/litellm/blob/main/model_prices_and_context_window.json.\nUnknown model 'openrouter/test/model' \u2014 not in the static registry or litellm catalog; using conservative 128K fallback. Add it to model_registry._MODEL_REGISTRY.\nact-observe observe: run 6ce7596c-d428-431e-8a81-0ecda2d8839d would be told at its stop about 1 unobserved change(s): [SYSTEM] You have made 1 state-changing call (create_task) and have not read that source since. A response you did not inspect may have carried new information, and anything you knew about that source before you changed it is now out of date. Read it again before you write your answer.\nUnknown model 'openrouter/test/model' \u2014 not in the static registry or litellm catalog; using conservative 128K fallback. Add it to model_registry._MODEL_REGISTRY.\nUnknown model 'openrouter/test/model' \u2014 not in the static registry or litellm catalog; using conservative 128K fallback. Add it to model_registry._MODEL_REGISTRY.\nUnknown model 'openrouter/test/model' \u2014 not in the static registry or litellm catalog; using conservative 128K fallback. Add it to model_registry._MODEL_REGISTRY.\nUnknown model 'openrouter/test/model' \u2014 not in the static registry or litellm catalog; using conservative 128K fallback. Add it to model_registry._MODEL_REGISTRY.\nlitellm cost calculation failed, using fallback: This model isn't mapped yet. model=openrouter/test/model, custom_llm_provider=openrouter. Add it here - https://github.com/BerriAI/litellm/blob/main/model_prices_and_context_window.json.\nUnknown model 'openrouter/test/model' \u2014 not in the static registry or litellm catalog; using conservative 128K fallback. Add it to model_registry._MODEL_REGISTRY.\nUnknown model 'openrouter/test/model' \u2014 not in the static registry or litellm catalog; using conservative 128K fallback. Add it to model_registry._MODEL_REGISTRY.\nUnknown model 'openrouter/test/model' \u2014 not in the static registry or litellm catalog; using conservative 128K fallback. Add it to model_registry._MODEL_REGISTRY.\nlitellm cost calculation failed, using fallback: This model isn't mapped yet. model=openrouter/test/model, custom_llm_provider=openrouter. Add it here - https://github.com/BerriAI/litellm/blob/main/model_prices_and_context_window.json.\nUnknown model 'openrouter/test/model' \u2014 not in the static registry or litellm catalog; using conservative 128K fallback. Add it to model_registry._MODEL_REGISTRY.\nact-observe observe: run dec32922-17c4-4ac7-84eb-9369900f2394 would be told at its stop about 1 unobserved change(s): [SYSTEM] You have made 1 state-changing call (create_task) and have not read that source since. A response you did not inspect may have carried new information, and anything you knew about that source before you changed it is now out of date. Read it again before you write your answer.\nUnknown model 'openrouter/test/model' \u2014 not in the static registry or litellm catalog; using conservative 128K fallback. Add it to model_registry._MODEL_REGISTRY.\nUnknown model 'openrouter/test/model' \u2014 not in the static registry or litellm catalog; using conservative 128K fallback. Add it to model_registry._MODEL_REGISTRY.\nUnknown model 'openrouter/test/model' \u2014 not in the static registry or litellm catalog; using conservative 128K fallback. Add it to model_registry._MODEL_REGISTRY.\nUnknown model 'openrouter/test/model' \u2014 not in the static registry or litellm catalog; using conservative 128K fallback. Add it to model_registry._MODEL_REGISTRY.\nlitellm cost calculation failed, using fallback: This model isn't mapped yet. model=openrouter/test/model, custom_llm_provider=openrouter. Add it here - https://github.com/BerriAI/litellm/blob/main/model_prices_and_context_window.json.\nUnknown model 'openrouter/test/model' \u2014 not in the static registry or litellm catalog; using conservative 128K fallback. Add it to model_registry._MODEL_REGISTRY.\nUnknown model 'openrouter/test/model' \u2014 not in the static registry or litellm catalog; using conservative 128K fallback. Add it to model_registry._MODEL_REGISTRY.\nUnknown model 'openrouter/test/model' \u2014 not in the static registry or litellm catalog; using conservative 128K fallback. Add it to model_registry._MODEL_REGISTRY.\nlitellm cost calculation failed, using fallback: This model isn't mapped yet. model=openrouter/test/model, custom_llm_provider=openrouter. Add it here - https://github.com/BerriAI/litellm/blob/main/model_prices_and_context_window.json.\nUnknown model 'openrouter/test/model' \u2014 not in the static registry or litellm catalog; using conservative 128K fallback. Add it to model_registry._MODEL_REGISTRY.\nact-observe observe: run c889e642-d8de-45a5-b866-3d9095bd0635 would be told at its stop about 1 unobserved change(s): [SYSTEM] You have made 1 state-changing call (create_task) and have not read that source since. A response you did not inspect may have carried new information, and anything you knew about that source before you changed it is now out of date. Read it again before you write your answer.\nUnknown model 'openrouter/test/model' \u2014 not in the static registry or litellm catalog; using conservative 128K fallback. Add it to model_registry._MODEL_REGISTRY.\nUnknown model 'openrouter/test/model' \u2014 not in the static registry or litellm catalog; using conservative 128K fallback. Add it to model_registry._MODEL_REGISTRY.\nUnknown model 'openrouter/test/model' \u2014 not in the static registry or litellm catalog; using conservative 128K fallback. Add it to model_registry._MODEL_REGISTRY.\nUnknown model 'openrouter/test/model' \u2014 not in the static registry or litellm catalog; using conservative 128K fallback. Add it to model_registry._MODEL_REGISTRY.\nlitellm cost calculation failed, using fallback: This model isn't mapped yet. model=openrouter/test/model, custom_llm_provider=openrouter. Add it here - https://github.com/BerriAI/litellm/blob/main/model_prices_and_context_window.json.\nUnknown model 'openrouter/test/model' \u2014 not in the static registry or litellm catalog; using conservative 128K fallback. Add it to model_registry._MODEL_REGISTRY.\nUnknown model 'openrouter/test/model' \u2014 not in the static registry or litellm catalog; using conservative 128K fallback. Add it to model_registry._MODEL_REGISTRY.\nUnknown model 'openrouter/test/model' \u2014 not in the static registry or litellm catalog; using conservative 128K fallback. Add it to model_registry._MODEL_REGISTRY.\nlitellm cost calculation failed, using fallback: This model isn't mapped yet. model=openrouter/test/model, custom_llm_provider=openrouter. Add it here - https://github.com/BerriAI/litellm/blob/main/model_prices_and_context_window.json.\nUnknown model 'openrouter/test/model' \u2014 not in the static registry or litellm catalog; using conservative 128K fallback. Add it to model_registry._MODEL_REGISTRY.\nact-observe observe: run e8fe4ff5-21f0-42aa-bee9-28bbf0e8b51e would be told at its stop about 1 unobserved change(s): [SYSTEM] You have made 1 state-changing call (create_task) and have not read that source since. A response you did not inspect may have carried new information, and anything you knew about that source before you changed it is now out of date. Read it again before you write your answer.\nUnknown model 'openrouter/test/model' \u2014 not in the static registry or litellm catalog; using conservative 128K fallback. Add it to model_registry._MODEL_REGISTRY.\nUnknown model 'openrouter/test/model' \u2014 not in the static registry or litellm catalog; using conservative 128K fallback. Add it to model_registry._MODEL_REGISTRY.\nUnknown model 'openrouter/test/model' \u2014 not in the static registry or litellm catalog; using conservative 128K fallback. Add it to model_registry._MODEL_REGISTRY.\nUnknown model 'openrouter/test/model' \u2014 not in the static registry or litellm catalog; using conservative 128K fallback. Add it to model_registry._MODEL_REGISTRY.\nlitellm cost calculation failed, using fallback: This model isn't mapped yet. model=openrouter/test/model, custom_llm_provider=openrouter. Add it here - https://github.com/BerriAI/litellm/blob/main/model_prices_and_context_window.json.\nUnknown model 'openrouter/test/model' \u2014 not in the static registry or litellm catalog; using conservative 128K fallback. Add it to model_registry._MODEL_REGISTRY.\nUnknown model 'openrouter/test/model' \u2014 not in the static registry or litellm catalog; using conservative 128K fallback. Add it to model_registry._MODEL_REGISTRY.\nUnknown model 'openrouter/test/model' \u2014 not in the static registry or litellm catalog; using conservative 128K fallback. Add it to model_registry._MODEL_REGISTRY.\nlitellm cost calculation failed, using fallback: This model isn't mapped yet. model=openrouter/test/model, custom_llm_provider=openrouter. Add it here - https://github.com/BerriAI/litellm/blob/main/model_prices_and_context_window.json.\nUnknown model 'openrouter/test/model' \u2014 not in the static registry or litellm catalog; using conservative 128K fallback. Add it to model_registry._MODEL_REGISTRY.\nact-observe observe: run 9ed64661-6b67-4695-ba3e-65033b9ecb26 would be told at its stop about 1 unobserved change(s): [SYSTEM] You have made 1 state-changing call (create_task) and have not read that source since. A response you did not inspect may have carried new information, and anything you knew about that source before you changed it is now out of date. Read it again before you write your answer.\nUnknown model 'openrouter/test/model' \u2014 not in the static registry or litellm catalog; using conservative 128K fallback. Add it to model_registry._MODEL_REGISTRY.\nUnknown model 'openrouter/test/model' \u2014 not in the static registry or litellm catalog; using conservative 128K fallback. Add it to model_registry._MODEL_REGISTRY.\nUnknown model 'openrouter/test/model' \u2014 not in the static registry or litellm catalog; using conservative 128K fallback. Add it to model_registry._MODEL_REGISTRY.\nUnknown model 'openrouter/test/model' \u2014 not in the static registry or litellm catalog; using conservative 128K fallback. Add it to model_registry._MODEL_REGISTRY.\nlitellm cost calculation failed, using fallback: This model isn't mapped yet. model=openrouter/test/model, custom_llm_provider=openrouter. Add it here - https://github.com/BerriAI/litellm/blob/main/model_prices_and_context_window.json.\nUnknown model 'openrouter/test/model' \u2014 not in the static registry or litellm catalog; using conservative 128K fallback. Add it to model_registry._MODEL_REGISTRY.\nUnknown model 'openrouter/test/model' \u2014 not in the static registry or litellm catalog; using conservative 128K fallback. Add it to model_registry._MODEL_REGISTRY.\nUnknown model 'openrouter/test/model' \u2014 not in the static registry or litellm catalog; using conservative 128K fallback. Add it to model_registry._MODEL_REGISTRY.\nlitellm cost calculation failed, using fallback: This model isn't mapped yet. model=openrouter/test/model, custom_llm_provider=openrouter. Add it here - https://github.com/BerriAI/litellm/blob/main/model_prices_and_context_window.json.\nUnknown model 'openrouter/test/model' \u2014 not in the static registry or litellm catalog; using conservative 128K fallback. Add it to model_registry._MODEL_REGISTRY.\nact-observe observe: run cead42dc-4e04-455c-b3d8-ec5c3411ddb7 would be told at its stop about 1 unobserved change(s): [SYSTEM] You have made 1 state-changing call (create_task) and have not read that source since. A response you did not inspect may have carried new information, and anything you knew about that source before you changed it is now out of date. Read it again before you write your answer.\nUnknown model 'openrouter/test/model' \u2014 not in the static registry or litellm catalog; using conservative 128K fallback. Add it to model_registry._MODEL_REGISTRY.\nUnknown model 'openrouter/test/model' \u2014 not in the static registry or litellm catalog; using conservative 128K fallback. Add it to model_registry._MODEL_REGISTRY.\nUnknown model 'openrouter/test/model' \u2014 not in the static registry or litellm catalog; using conservative 128K fallback. Add it to model_registry._MODEL_REGISTRY.\nUnknown model 'openrouter/test/model' \u2014 not in the static registry or litellm catalog; using conservative 128K fallback. Add it to model_registry._MODEL_REGISTRY.\nlitellm cost calculation failed, using fallback: This model isn't mapped yet. model=openrouter/test/model, custom_llm_provider=openrouter. Add it here - https://github.com/BerriAI/litellm/blob/main/model_prices_and_context_window.json.\nUnknown model 'openrouter/test/model' \u2014 not in the static registry or litellm catalog; using conservative 128K fallback. Add it to model_registry._MODEL_REGISTRY.\nUnknown model 'openrouter/test/model' \u2014 not in the static registry or litellm catalog; using conservative 128K fallback. Add it to model_registry._MODEL_REGISTRY.\nUnknown model 'openrouter/test/model' \u2014 not in the static registry or litellm catalog; using conservative 128K fallback. Add it to model_registry._MODEL_REGISTRY.\nlitellm cost calculation failed, using fallback: This model isn't mapped yet. model=openrouter/test/model, custom_llm_provider=openrouter. Add it here - https://github.com/BerriAI/litellm/blob/main/model_prices_and_context_window.json.\nUnknown model 'openrouter/test/model' \u2014 not in the static registry or litellm catalog; using conservative 128K fallback. Add it to model_registry._MODEL_REGISTRY.\nact-observe observe: run ea7c17f4-7a83-424f-b7de-a77ca1947583 would be told at its stop about 1 unobserved change(s): [SYSTEM] You have made 1 state-changing call (create_task) and have not read that source since. A response you did not inspect may have carried new information, and anything you knew about that source before you changed it is now out of date. Read it again before you write your answer.\nUnknown model 'openrouter/test/model' \u2014 not in the static registry or litellm catalog; using conservative 128K fallback. Add it to model_registry._MODEL_REGISTRY.\nUnknown model 'openrouter/test/model' \u2014 not in the static registry or litellm catalog; using conservative 128K fallback. Add it to model_registry._MODEL_REGISTRY.\nUnknown model 'openrouter/test/model' \u2014 not in the static registry or litellm catalog; using conservative 128K fallback. Add it to model_registry._MODEL_REGISTRY.\nUnknown model 'openrouter/test/model' \u2014 not in the static registry or litellm catalog; using conservative 128K fallback. Add it to model_registry._MODEL_REGISTRY.\nlitellm cost calculation failed, using fallback: This model isn't mapped yet. model=openrouter/test/model, custom_llm_provider=openrouter. Add it here - https://github.com/BerriAI/litellm/blob/main/model_prices_and_context_window.json.\nUnknown model 'openrouter/test/model' \u2014 not in the static registry or litellm catalog; using conservative 128K fallback. Add it to model_registry._MODEL_REGISTRY.\nUnknown model 'openrouter/test/model' \u2014 not in the static registry or litellm catalog; using conservative 128K fallback. Add it to model_registry._MODEL_REGISTRY.\nUnknown model 'openrouter/test/model' \u2014 not in the static registry or litellm catalog; using conservative 128K fallback. Add it to model_registry._MODEL_REGISTRY.\nlitellm cost calculation failed, using fallback: This model isn't mapped yet. model=openrouter/test/model, custom_llm_provider=openrouter. Add it here - https://github.com/BerriAI/litellm/blob/main/model_prices_and_context_window.json.\nUnknown model 'openrouter/test/model' \u2014 not in the static registry or litellm catalog; using conservative 128K fallback. Add it to model_registry._MODEL_REGISTRY.\nact-observe observe: run aae43aba-71b2-4e92-91e1-7c4026673b4e would be told at its stop about 1 unobserved change(s): [SYSTEM] You have made 1 state-changing call (create_task) and have not read that source since. A response you did not inspect may have carried new information, and anything you knew about that source before you changed it is now out of date. Read it again before you write your answer.\nUnknown model 'openrouter/test/model' \u2014 not in the static registry or litellm catalog; using conservative 128K fallback. Add it to model_registry._MODEL_REGISTRY.\nUnknown model 'openrouter/test/model' \u2014 not in the static registry or litellm catalog; using conservative 128K fallback. Add it to model_registry._MODEL_REGISTRY.\nUnknown model 'openrouter/test/model' \u2014 not in the static registry or litellm catalog; using conservative 128K fallback. Add it to model_registry._MODEL_REGISTRY.\nUnknown model 'openrouter/test/model' \u2014 not in the static registry or litellm catalog; using conservative 128K fallback. Add it to model_registry._MODEL_REGISTRY.\nlitellm cost calculation failed, using fallback: This model isn't mapped yet. model=openrouter/test/model, custom_llm_provider=openrouter. Add it here - https://github.com/BerriAI/litellm/blob/main/model_prices_and_context_window.json.\nUnknown model 'openrouter/test/model' \u2014 not in the static registry or litellm catalog; using conservative 128K fallback. Add it to model_registry._MODEL_REGISTRY.\nUnknown model 'openrouter/test/model' \u2014 not in the static registry or litellm catalog; using conservative 128K fallback. Add it to model_registry._MODEL_REGISTRY.\nUnknown model 'openrouter/test/model' \u2014 not in the static registry or litellm catalog; using conservative 128K fallback. Add it to model_registry._MODEL_REGISTRY.\nlitellm cost calculation failed, using fallback: This model isn't mapped yet. model=openrouter/test/model, custom_llm_provider=openrouter. Add it here - https://github.com/BerriAI/litellm/blob/main/model_prices_and_context_window.json.\nUnknown model 'openrouter/test/model' \u2014 not in the static registry or litellm catalog; using conservative 128K fallback. Add it to model_registry._MODEL_REGISTRY.\nact-observe observe: run 28642eb1-7b27-45a6-85fc-54180d36ebd3 would be told at its stop about 1 unobserved change(s): [SYSTEM] You have made 1 state-changing call (create_task) and have not read that source since. A response you did not inspect may have carried new information, and anything you knew about that source before you changed it is now out of date. Read it again before you write your answer.\nUnknown model 'openrouter/test/model' \u2014 not in the static registry or litellm catalog; using conservative 128K fallback. Add it to model_registry._MODEL_REGISTRY.\nUnknown model 'openrouter/test/model' \u2014 not in the static registry or litellm catalog; using conservative 128K fallback. Add it to model_registry._MODEL_REGISTRY.\nUnknown model 'openrouter/test/model' \u2014 not in the static registry or litellm catalog; using conservative 128K fallback. Add it to model_registry._MODEL_REGISTRY.\nUnknown model 'openrouter/test/model' \u2014 not in the static registry or litellm catalog; using conservative 128K fallback. Add it to model_registry._MODEL_REGISTRY.\nlitellm cost calculation failed, using fallback: This model isn't mapped yet. model=openrouter/test/model, custom_llm_provider=openrouter. Add it here - https://github.com/BerriAI/litellm/blob/main/model_prices_and_context_window.json.\nUnknown model 'openrouter/test/model' \u2014 not in the static registry or litellm catalog; using conservative 128K fallback. Add it to model_registry._MODEL_REGISTRY.\nUnknown model 'openrouter/test/model' \u2014 not in the static registry or litellm catalog; using conservative 128K fallback. Add it to model_registry._MODEL_REGISTRY.\nUnknown model 'openrouter/test/model' \u2014 not in the static registry or litellm catalog; using conservative 128K fallback. Add it to model_registry._MODEL_REGISTRY.\nlitellm cost calculation failed, using fallback: This model isn't mapped yet. model=openrouter/test/model, custom_llm_provider=openrouter. Add it here - https://github.com/BerriAI/litellm/blob/main/model_prices_and_context_window.json.\nUnknown model 'openrouter/test/model' \u2014 not in the static registry or litellm catalog; using conservative 128K fallback. Add it to model_registry._MODEL_REGISTRY.\nact-observe observe: run 46b33a73-8971-4725-ad5a-471444954442 would be told at its stop about 1 unobserved change(s): [SYSTEM] You have made 1 state-changing call (create_task) and have not read that source since. A response you did not inspect may have carried new information, and anything you knew about that source before you changed it is now out of date. Read it again before you write your answer.\nUnknown model 'openrouter/test/model' \u2014 not in the static registry or litellm catalog; using conservative 128K fallback. Add it to model_registry._MODEL_REGISTRY.\nUnknown model 'openrouter/test/model' \u2014 not in the static registry or litellm catalog; using conservative 128K fallback. Add it to model_registry._MODEL_REGISTRY.\nUnknown model 'openrouter/test/model' \u2014 not in the static registry or litellm catalog; using conservative 128K fallback. Add it to model_registry._MODEL_REGISTRY.\nUnknown model 'openrouter/test/model' \u2014 not in the static registry or litellm catalog; using conservative 128K fallback. Add it to model_registry._MODEL_REGISTRY.\nlitellm cost calculation failed, using fallback: This model isn't mapped yet. model=openrouter/test/model, custom_llm_provider=openrouter. Add it here - https://github.com/BerriAI/litellm/blob/main/model_prices_and_context_window.json.\nUnknown model 'openrouter/test/model' \u2014 not in the static registry or litellm catalog; using conservative 128K fallback. Add it to model_registry._MODEL_REGISTRY.\nUnknown model 'openrouter/test/model' \u2014 not in the static registry or litellm catalog; using conservative 128K fallback. Add it to model_registry._MODEL_REGISTRY.\nUnknown model 'openrouter/test/model' \u2014 not in the static registry or litellm catalog; using conservative 128K fallback. Add it to model_registry._MODEL_REGISTRY.\nlitellm cost calculation failed, using fallback: This model isn't mapped yet. model=openrouter/test/model, custom_llm_provider=openrouter. Add it here - https://github.com/BerriAI/litellm/blob/main/model_prices_and_context_window.json.\nUnknown model 'openrouter/test/model' \u2014 not in the static registry or litellm catalog; using conservative 128K fallback. Add it to model_registry._MODEL_REGISTRY.\nact-observe observe: run dac0101d-3cb8-41bf-94c2-8c5e7a44e733 would be told at its stop about 1 unobserved change(s): [SYSTEM] You have made 1 state-changing call (create_task) and have not read that source since. A response you did not inspect may have carried new information, and anything you knew about that source before you changed it is now out of date. Read it again before you write your answer.\nUnknown model 'openrouter/test/model' \u2014 not in the static registry or litellm catalog; using conservative 128K fallback. Add it to model_registry._MODEL_REGISTRY.\nUnknown model 'openrouter/test/model' \u2014 not in the static registry or litellm catalog; using conservative 128K fallback. Add it to model_registry._MODEL_REGISTRY.\nUnknown model 'openrouter/test/model' \u2014 not in the static registry or litellm catalog; using conservative 128K fallback. Add it to model_registry._MODEL_REGISTRY.\nUnknown model 'openrouter/test/model' \u2014 not in the static registry or litellm catalog; using conservative 128K fallback. Add it to model_registry._MODEL_REGISTRY.\nlitellm cost calculation failed, using fallback: This model isn't mapped yet. model=openrouter/test/model, custom_llm_provider=openrouter. Add it here - https://github.com/BerriAI/litellm/blob/main/model_prices_and_context_window.json.\nUnknown model 'openrouter/test/model' \u2014 not in the static registry or litellm catalog; using conservative 128K fallback. Add it to model_registry._MODEL_REGISTRY.\nUnknown model 'openrouter/test/model' \u2014 not in the static registry or litellm catalog; using conservative 128K fallback. Add it to model_registry._MODEL_REGISTRY.\nUnknown model 'openrouter/test/model' \u2014 not in the static registry or litellm catalog; using conservative 128K fallback. Add it to model_registry._MODEL_REGISTRY.\nlitellm cost calculation failed, using fallback: This model isn't mapped yet. model=openrouter/test/model, custom_llm_provider=openrouter. Add it here - https://github.com/BerriAI/litellm/blob/main/model_prices_and_context_window.json.\nUnknown model 'openrouter/test/model' \u2014 not in the static registry or litellm catalog; using conservative 128K fallback. Add it to model_registry._MODEL_REGISTRY.\nact-observe observe: run 93d4b688-8e12-4dd1-9e90-a5a18979feb5 would be told at its stop about 1 unobserved change(s): [SYSTEM] You have made 1 state-changing call (create_task) and have not read that source since. A response you did not inspect may have carried new information, and anything you knew about that source before you changed it is now out of date. Read it again before you write your answer.\nUnknown model 'openrouter/test/model' \u2014 not in the static registry or litellm catalog; using conservative 128K fallback. Add it to model_registry._MODEL_REGISTRY.\nUnknown model 'openrouter/test/model' \u2014 not in the static registry or litellm catalog; using conservative 128K fallback. Add it to model_registry._MODEL_REGISTRY.\nUnknown model 'openrouter/test/model' \u2014 not in the static registry or litellm catalog; using conservative 128K fallback. Add it to model_registry._MODEL_REGISTRY.\nUnknown model 'openrouter/test/model' \u2014 not in the static registry or litellm catalog; using conservative 128K fallback. Add it to model_registry._MODEL_REGISTRY.\nlitellm cost calculation failed, using fallback: This model isn't mapped yet. model=openrouter/test/model, custom_llm_provider=openrouter. Add it here - https://github.com/BerriAI/litellm/blob/main/model_prices_and_context_window.json.\nUnknown model 'openrouter/test/model' \u2014 not in the static registry or litellm catalog; using conservative 128K fallback. Add it to model_registry._MODEL_REGISTRY.\nUnknown model 'openrouter/test/model' \u2014 not in the static registry or litellm catalog; using conservative 128K fallback. Add it to model_registry._MODEL_REGISTRY.\nUnknown model 'openrouter/test/model' \u2014 not in the static registry or litellm catalog; using conservative 128K fallback. Add it to model_registry._MODEL_REGISTRY.\nlitellm cost calculation failed, using fallback: This model isn't mapped yet. model=openrouter/test/model, custom_llm_provider=openrouter. Add it here - https://github.com/BerriAI/litellm/blob/main/model_prices_and_context_window.json.\nUnknown model 'openrouter/test/model' \u2014 not in the static registry or litellm catalog; using conservative 128K fallback. Add it to model_registry._MODEL_REGISTRY.\nact-observe observe: run cc878e71-0c30-4cce-92bc-5459b374000e would be told at its stop about 1 unobserved change(s): [SYSTEM] You have made 1 state-changing call (create_task) and have not read that source since. A response you did not inspect may have carried new information, and anything you knew about that source before you changed it is now out of date. Read it again before you write your answer.\nUnknown model 'openrouter/test/model' \u2014 not in the static registry or litellm catalog; using conservative 128K fallback. Add it to model_registry._MODEL_REGISTRY.\nUnknown model 'openrouter/test/model' \u2014 not in the static registry or litellm catalog; using conservative 128K fallback. Add it to model_registry._MODEL_REGISTRY.\nUnknown model 'openrouter/test/model' \u2014 not in the static registry or litellm catalog; using conservative 128K fallback. Add it to model_registry._MODEL_REGISTRY.\nUnknown model 'openrouter/test/model' \u2014 not in the static registry or litellm catalog; using conservative 128K fallback. Add it to model_registry._MODEL_REGISTRY.\nlitellm cost calculation failed, using fallback: This model isn't mapped yet. model=openrouter/test/model, custom_llm_provider=openrouter. Add it here - https://github.com/BerriAI/litellm/blob/main/model_prices_and_context_window.json.\nUnknown model 'openrouter/test/model' \u2014 not in the static registry or litellm catalog; using conservative 128K fallback. Add it to model_registry._MODEL_REGISTRY.\nUnknown model 'openrouter/test/model' \u2014 not in the static registry or litellm catalog; using conservative 128K fallback. Add it to model_registry._MODEL_REGISTRY.\nUnknown model 'openrouter/test/model' \u2014 not in the static registry or litellm catalog; using conservative 128K fallback. Add it to model_registry._MODEL_REGISTRY.\nlitellm cost calculation failed, using fallback: This model isn't mapped yet. model=openrouter/test/model, custom_llm_provider=openrouter. Add it here - https://github.com/BerriAI/litellm/blob/main/model_prices_and_context_window.json.\nUnknown model 'openrouter/test/model' \u2014 not in the static registry or litellm catalog; using conservative 128K fallback. Add it to model_registry._MODEL_REGISTRY.\nact-observe observe: run 82da3ee8-801c-473a-ac02-ae732a82d9bd would be told at its stop about 1 unobserved change(s): [SYSTEM] You have made 1 state-changing call (create_task) and have not read that source since. A response you did not inspect may have carried new information, and anything you knew about that source before you changed it is now out of date. Read it again before you write your answer.\nUnknown model 'openrouter/test/model' \u2014 not in the static registry or litellm catalog; using conservative 128K fallback. Add it to model_registry._MODEL_REGISTRY.\nUnknown model 'openrouter/test/model' \u2014 not in the static registry or litellm catalog; using conservative 128K fallback. Add it to model_registry._MODEL_REGISTRY.\nUnknown model 'openrouter/test/model' \u2014 not in the static registry or litellm catalog; using conservative 128K fallback. Add it to model_registry._MODEL_REGISTRY.\nUnknown model 'openrouter/test/model' \u2014 not in the static registry or litellm catalog; using conservative 128K fallback. Add it to model_registry._MODEL_REGISTRY.\nlitellm cost calculation failed, using fallback: This model isn't mapped yet. model=openrouter/test/model, custom_llm_provider=openrouter. Add it here - https://github.com/BerriAI/litellm/blob/main/model_prices_and_context_window.json.\nUnknown model 'openrouter/test/model' \u2014 not in the static registry or litellm catalog; using conservative 128K fallback. Add it to model_registry._MODEL_REGISTRY.\nUnknown model 'openrouter/test/model' \u2014 not in the static registry or litellm catalog; using conservative 128K fallback. Add it to model_registry._MODEL_REGISTRY.\nUnknown model 'openrouter/test/model' \u2014 not in the static registry or litellm catalog; using conservative 128K fallback. Add it to model_registry._MODEL_REGISTRY.\nlitellm cost calculation failed, using fallback: This model isn't mapped yet. model=openrouter/test/model, custom_llm_provider=openrouter. Add it here - https://github.com/BerriAI/litellm/blob/main/model_prices_and_context_window.json.\nUnknown model 'openrouter/test/model' \u2014 not in the static registry or litellm catalog; using conservative 128K fallback. Add it to model_registry._MODEL_REGISTRY.\nact-observe observe: run a4720569-bacd-4d78-bc74-11185d627ae5 would be told at its stop about 1 unobserved change(s): [SYSTEM] You have made 1 state-changing call (create_task) and have not read that source since. A response you did not inspect may have carried new information, and anything you knew about that source before you changed it is now out of date. Read it again before you write your answer.\nUnknown model 'openrouter/test/model' \u2014 not in the static registry or litellm catalog; using conservative 128K fallback. Add it to model_registry._MODEL_REGISTRY.\nUnknown model 'openrouter/test/model' \u2014 not in the static registry or litellm catalog; using conservative 128K fallback. Add it to model_registry._MODEL_REGISTRY.\nUnknown model 'openrouter/test/model' \u2014 not in the static registry or litellm catalog; using conservative 128K fallback. Add it to model_registry._MODEL_REGISTRY.\nUnknown model 'openrouter/test/model' \u2014 not in the static registry or litellm catalog; using conservative 128K fallback. Add it to model_registry._MODEL_REGISTRY.\nlitellm cost calculation failed, using fallback: This model isn't mapped yet. model=openrouter/test/model, custom_llm_provider=openrouter. Add it here - https://github.com/BerriAI/litellm/blob/main/model_prices_and_context_window.json.\nUnknown model 'openrouter/test/model' \u2014 not in the static registry or litellm catalog; using conservative 128K fallback. Add it to model_registry._MODEL_REGISTRY.\nUnknown model 'openrouter/test/model' \u2014 not in the static registry or litellm catalog; using conservative 128K fallback. Add it to model_registry._MODEL_REGISTRY.\nUnknown model 'openrouter/test/model' \u2014 not in the static registry or litellm catalog; using conservative 128K fallback. Add it to model_registry._MODEL_REGISTRY.\nlitellm cost calculation failed, using fallback: This model isn't mapped yet. model=openrouter/test/model, custom_llm_provider=openrouter. Add it here - https://github.com/BerriAI/litellm/blob/main/model_prices_and_context_window.json.\nUnknown model 'openrouter/test/model' \u2014 not in the static registry or litellm catalog; using conservative 128K fallback. Add it to model_registry._MODEL_REGISTRY.\nact-observe observe: run 75a392b0-9fe3-47ab-b2bf-669eb01c7a52 would be told at its stop about 1 unobserved change(s): [SYSTEM] You have made 1 state-changing call (create_task) and have not read that source since. A response you did not inspect may have carried new information, and anything you knew about that source before you changed it is now out of date. Read it again before you write your answer.\nUnknown model 'openrouter/test/model' \u2014 not in the static registry or litellm catalog; using conservative 128K fallback. Add it to model_registry._MODEL_REGISTRY.\nUnknown model 'openrouter/test/model' \u2014 not in the static registry or litellm catalog; using conservative 128K fallback. Add it to model_registry._MODEL_REGISTRY.\nUnknown model 'openrouter/test/model' \u2014 not in the static registry or litellm catalog; using conservative 128K fallback. Add it to model_registry._MODEL_REGISTRY.\nUnknown model 'openrouter/test/model' \u2014 not in the static registry or litellm catalog; using conservative 128K fallback. Add it to model_registry._MODEL_REGISTRY.\nlitellm cost calculation failed, using fallback: This model isn't mapped yet. model=openrouter/test/model, custom_llm_provider=openrouter. Add it here - https://github.com/BerriAI/litellm/blob/main/model_prices_and_context_window.json.\nUnknown model 'openrouter/test/model' \u2014 not in the static registry or litellm catalog; using conservative 128K fallback. Add it to model_registry._MODEL_REGISTRY.\nUnknown model 'openrouter/test/model' \u2014 not in the static registry or litellm catalog; using conservative 128K fallback. Add it to model_registry._MODEL_REGISTRY.\nUnknown model 'openrouter/test/model' \u2014 not in the static registry or litellm catalog; using conservative 128K fallback. Add it to model_registry._MODEL_REGISTRY.\nlitellm cost calculation failed, using fallback: This model isn't mapped yet. model=openrouter/test/model, custom_llm_provider=openrouter. Add it here - https://github.com/BerriAI/litellm/blob/main/model_prices_and_context_window.json.\nUnknown model 'openrouter/test/model' \u2014 not in the static registry or litellm catalog; using conservative 128K fallback. Add it to model_registry._MODEL_REGISTRY.\nact-observe observe: run 52c210d4-e003-42ee-90a3-e9c65183c094 would be told at its stop about 1 unobserved change(s): [SYSTEM] You have made 1 state-changing call (create_task) and have not read that source since. A response you did not inspect may have carried new information, and anything you knew about that source before you changed it is now out of date. Read it again before you write your answer.\nUnknown model 'openrouter/test/model' \u2014 not in the static registry or litellm catalog; using conservative 128K fallback. Add it to model_registry._MODEL_REGISTRY.\nUnknown model 'openrouter/test/model' \u2014 not in the static registry or litellm catalog; using conservative 128K fallback. Add it to model_registry._MODEL_REGISTRY.\nUnknown model 'openrouter/test/model' \u2014 not in the static registry or litellm catalog; using conservative 128K fallback. Add it to model_registry._MODEL_REGISTRY.\nUnknown model 'openrouter/test/model' \u2014 not in the static registry or litellm catalog; using conservative 128K fallback. Add it to model_registry._MODEL_REGISTRY.\nlitellm cost calculation failed, using fallback: This model isn't mapped yet. model=openrouter/test/model, custom_llm_provider=openrouter. Add it here - https://github.com/BerriAI/litellm/blob/main/model_prices_and_context_window.json.\nUnknown model 'openrouter/test/model' \u2014 not in the static registry or litellm catalog; using conservative 128K fallback. Add it to model_registry._MODEL_REGISTRY.\nUnknown model 'openrouter/test/model' \u2014 not in the static registry or litellm catalog; using conservative 128K fallback. Add it to model_registry._MODEL_REGISTRY.\nUnknown model 'openrouter/test/model' \u2014 not in the static registry or litellm catalog; using conservative 128K fallback. Add it to model_registry._MODEL_REGISTRY.\nlitellm cost calculation failed, using fallback: This model isn't mapped yet. model=openrouter/test/model, custom_llm_provider=openrouter. Add it here - https://github.com/BerriAI/litellm/blob/main/model_prices_and_context_window.json.\nUnknown model 'openrouter/test/model' \u2014 not in the static registry or litellm catalog; using conservative 128K fallback. Add it to model_registry._MODEL_REGISTRY.\nact-observe observe: run 9d30867e-0839-4936-81f1-685ebf96ce08 would be told at its stop about 1 unobserved change(s): [SYSTEM] You have made 1 state-changing call (create_task) and have not read that source since. A response you did not inspect may have carried new information, and anything you knew about that source before you changed it is now out of date. Read it again before you write your answer.\nUnknown model 'openrouter/test/model' \u2014 not in the static registry or litellm catalog; using conservative 128K fallback. Add it to model_registry._MODEL_REGISTRY.\nUnknown model 'openrouter/test/model' \u2014 not in the static registry or litellm catalog; using conservative 128K fallback. Add it to model_registry._MODEL_REGISTRY.\nUnknown model 'openrouter/test/model' \u2014 not in the static registry or litellm catalog; using conservative 128K fallback. Add it to model_registry._MODEL_REGISTRY.\nUnknown model 'openrouter/test/model' \u2014 not in the static registry or litellm catalog; using conservative 128K fallback. Add it to model_registry._MODEL_REGISTRY.\nlitellm cost calculation failed, using fallback: This model isn't mapped yet. model=openrouter/test/model, custom_llm_provider=openrouter. Add it here - https://github.com/BerriAI/litellm/blob/main/model_prices_and_context_window.json.\nUnknown model 'openrouter/test/model' \u2014 not in the static registry or litellm catalog; using conservative 128K fallback. Add it to model_registry._MODEL_REGISTRY.\nUnknown model 'openrouter/test/model' \u2014 not in the static registry or litellm catalog; using conservative 128K fallback. Add it to model_registry._MODEL_REGISTRY.\nUnknown model 'openrouter/test/model' \u2014 not in the static registry or litellm catalog; using conservative 128K fallback. Add it to model_registry._MODEL_REGISTRY.\nlitellm cost calculation failed, using fallback: This model isn't mapped yet. model=openrouter/test/model, custom_llm_provider=openrouter. Add it here - https://github.com/BerriAI/litellm/blob/main/model_prices_and_context_window.json.\nUnknown model 'openrouter/test/model' \u2014 not in the static registry or litellm catalog; using conservative 128K fallback. Add it to model_registry._MODEL_REGISTRY.\nact-observe observe: run d9263a37-2433-4cf0-9734-3b87cf1fb6b8 would be told at its stop about 1 unobserved change(s): [SYSTEM] You have made 1 state-changing call (create_task) and have not read that source since. A response you did not inspect may have carried new information, and anything you knew about that source before you changed it is now out of date. Read it again before you write your answer.\nUnknown model 'openrouter/test/model' \u2014 not in the static registry or litellm catalog; using conservative 128K fallback. Add it to model_registry._MODEL_REGISTRY.\nUnknown model 'openrouter/test/model' \u2014 not in the static registry or litellm catalog; using conservative 128K fallback. Add it to model_registry._MODEL_REGISTRY.\nUnknown model 'openrouter/test/model' \u2014 not in the static registry or litellm catalog; using conservative 128K fallback. Add it to model_registry._MODEL_REGISTRY.\nUnknown model 'openrouter/test/model' \u2014 not in the static registry or litellm catalog; using conservative 128K fallback. Add it to model_registry._MODEL_REGISTRY.\nlitellm cost calculation failed, using fallback: This model isn't mapped yet. model=openrouter/test/model, custom_llm_provider=openrouter. Add it here - https://github.com/BerriAI/litellm/blob/main/model_prices_and_context_window.json.\nUnknown model 'openrouter/test/model' \u2014 not in the static registry or litellm catalog; using conservative 128K fallback. Add it to model_registry._MODEL_REGISTRY.\nUnknown model 'openrouter/test/model' \u2014 not in the static registry or litellm catalog; using conservative 128K fallback. Add it to model_registry._MODEL_REGISTRY.\nUnknown model 'openrouter/test/model' \u2014 not in the static registry or litellm catalog; using conservative 128K fallback. Add it to model_registry._MODEL_REGISTRY.\nlitellm cost calculation failed, using fallback: This model isn't mapped yet. model=openrouter/test/model, custom_llm_provider=openrouter. Add it here - https://github.com/BerriAI/litellm/blob/main/model_prices_and_context_window.json.\nUnknown model 'openrouter/test/model' \u2014 not in the static registry or litellm catalog; using conservative 128K fallback. Add it to model_registry._MODEL_REGISTRY.\nact-observe observe: run cc410532-e9c5-4929-943f-82f5d1b38e94 would be told at its stop about 1 unobserved change(s): [SYSTEM] You have made 1 state-changing call (create_task) and have not read that source since. A response you did not inspect may have carried new information, and anything you knew about that source before you changed it is now out of date. Read it again before you write your answer.\nUnknown model 'openrouter/test/model' \u2014 not in the static registry or litellm catalog; using conservative 128K fallback. Add it to model_registry._MODEL_REGISTRY.\nUnknown model 'openrouter/test/model' \u2014 not in the static registry or litellm catalog; using conservative 128K fallback. Add it to model_registry._MODEL_REGISTRY.\nUnknown model 'openrouter/test/model' \u2014 not in the static registry or litellm catalog; using conservative 128K fallback. Add it to model_registry._MODEL_REGISTRY.\nUnknown model 'openrouter/test/model' \u2014 not in the static registry or litellm catalog; using conservative 128K fallback. Add it to model_registry._MODEL_REGISTRY.\nlitellm cost calculation failed, using fallback: This model isn't mapped yet. model=openrouter/test/model, custom_llm_provider=openrouter. Add it here - https://github.com/BerriAI/litellm/blob/main/model_prices_and_context_window.json.\nUnknown model 'openrouter/test/model' \u2014 not in the static registry or litellm catalog; using conservative 128K fallback. Add it to model_registry._MODEL_REGISTRY.\nUnknown model 'openrouter/test/model' \u2014 not in the static registry or litellm catalog; using conservative 128K fallback. Add it to model_registry._MODEL_REGISTRY.\nUnknown model 'openrouter/test/model' \u2014 not in the static registry or litellm catalog; using conservative 128K fallback. Add it to model_registry._MODEL_REGISTRY.\nlitellm cost calculation failed, using fallback: This model isn't mapped yet. model=openrouter/test/model, custom_llm_provider=openrouter. Add it here - https://github.com/BerriAI/litellm/blob/main/model_prices_and_context_window.json.\nUnknown model 'openrouter/test/model' \u2014 not in the static registry or litellm catalog; using conservative 128K fallback. Add it to model_registry._MODEL_REGISTRY.\nact-observe observe: run 641e399c-6703-42c5-b0ae-df2c09254c53 would be told at its stop about 1 unobserved change(s): [SYSTEM] You have made 1 state-changing call (create_task) and have not read that source since. A response you did not inspect may have carried new information, and anything you knew about that source before you changed it is now out of date. Read it again before you write your answer.\nUnknown model 'openrouter/test/model' \u2014 not in the static registry or litellm catalog; using conservative 128K fallback. Add it to model_registry._MODEL_REGISTRY.\nUnknown model 'openrouter/test/model' \u2014 not in the static registry or litellm catalog; using conservative 128K fallback. Add it to model_registry._MODEL_REGISTRY.\nUnknown model 'openrouter/test/model' \u2014 not in the static registry or litellm catalog; using conservative 128K fallback. Add it to model_registry._MODEL_REGISTRY.\nUnknown model 'openrouter/test/model' \u2014 not in the static registry or litellm catalog; using conservative 128K fallback. Add it to model_registry._MODEL_REGISTRY.\nlitellm cost calculation failed, using fallback: This model isn't mapped yet. model=openrouter/test/model, custom_llm_provider=openrouter. Add it here - https://github.com/BerriAI/litellm/blob/main/model_prices_and_context_window.json.\nUnknown model 'openrouter/test/model' \u2014 not in the static registry or litellm catalog; using conservative 128K fallback. Add it to model_registry._MODEL_REGISTRY.\nUnknown model 'openrouter/test/model' \u2014 not in the static registry or litellm catalog; using conservative 128K fallback. Add it to model_registry._MODEL_REGISTRY.\nUnknown model 'openrouter/test/model' \u2014 not in the static registry or litellm catalog; using conservative 128K fallback. Add it to model_registry._MODEL_REGISTRY.\nlitellm cost calculation failed, using fallback: This model isn't mapped yet. model=openrouter/test/model, custom_llm_provider=openrouter. Add it here - https://github.com/BerriAI/litellm/blob/main/model_prices_and_context_window.json.\nUnknown model 'openrouter/test/model' \u2014 not in the static registry or litellm catalog; using conservative 128K fallback. Add it to model_registry._MODEL_REGISTRY.\nact-observe observe: run 5441e29d-a885-47aa-8f4f-563caaf5c6cb would be told at its stop about 1 unobserved change(s): [SYSTEM] You have made 1 state-changing call (create_task) and have not read that source since. A response you did not inspect may have carried new information, and anything you knew about that source before you changed it is now out of date. Read it again before you write your answer.\nUnknown model 'openrouter/test/model' \u2014 not in the static registry or litellm catalog; using conservative 128K fallback. Add it to model_registry._MODEL_REGISTRY.\nUnknown model 'openrouter/test/model' \u2014 not in the static registry or litellm catalog; using conservative 128K fallback. Add it to model_registry._MODEL_REGISTRY.\nUnknown model 'openrouter/test/model' \u2014 not in the static registry or litellm catalog; using conservative 128K fallback. Add it to model_registry._MODEL_REGISTRY.\nUnknown model 'openrouter/test/model' \u2014 not in the static registry or litellm catalog; using conservative 128K fallback. Add it to model_registry._MODEL_REGISTRY.\nlitellm cost calculation failed, using fallback: This model isn't mapped yet. model=openrouter/test/model, custom_llm_provider=openrouter. Add it here - https://github.com/BerriAI/litellm/blob/main/model_prices_and_context_window.json.\nUnknown model 'openrouter/test/model' \u2014 not in the static registry or litellm catalog; using conservative 128K fallback. Add it to model_registry._MODEL_REGISTRY.\nUnknown model 'openrouter/test/model' \u2014 not in the static registry or litellm catalog; using conservative 128K fallback. Add it to model_registry._MODEL_REGISTRY.\nUnknown model 'openrouter/test/model' \u2014 not in the static registry or litellm catalog; using conservative 128K fallback. Add it to model_registry._MODEL_REGISTRY.\nlitellm cost calculation failed, using fallback: This model isn't mapped yet. model=openrouter/test/model, custom_llm_provider=openrouter. Add it here - https://github.com/BerriAI/litellm/blob/main/model_prices_and_context_window.json.\nUnknown model 'openrouter/test/model' \u2014 not in the static registry or litellm catalog; using conservative 128K fallback. Add it to model_registry._MODEL_REGISTRY.\nact-observe observe: run 58bdae71-7ca3-4e9c-b3fe-382fdb39eec7 would be told at its stop about 1 unobserved change(s): [SYSTEM] You have made 1 state-changing call (create_task) and have not read that source since. A response you did not inspect may have carried new information, and anything you knew about that source before you changed it is now out of date. Read it again before you write your answer.\nUnknown model 'openrouter/test/model' \u2014 not in the static registry or litellm catalog; using conservative 128K fallback. Add it to model_registry._MODEL_REGISTRY.\nUnknown model 'openrouter/test/model' \u2014 not in the static registry or litellm catalog; using conservative 128K fallback. Add it to model_registry._MODEL_REGISTRY.\nUnknown model 'openrouter/test/model' \u2014 not in the static registry or litellm catalog; using conservative 128K fallback. Add it to model_registry._MODEL_REGISTRY.\nUnknown model 'openrouter/test/model' \u2014 not in the static registry or litellm catalog; using conservative 128K fallback. Add it to model_registry._MODEL_REGISTRY.\nlitellm cost calculation failed, using fallback: This model isn't mapped yet. model=openrouter/test/model, custom_llm_provider=openrouter. Add it here - https://github.com/BerriAI/litellm/blob/main/model_prices_and_context_window.json.\nUnknown model 'openrouter/test/model' \u2014 not in the static registry or litellm catalog; using conservative 128K fallback. Add it to model_registry._MODEL_REGISTRY.\nUnknown model 'openrouter/test/model' \u2014 not in the static registry or litellm catalog; using conservative 128K fallback. Add it to model_registry._MODEL_REGISTRY.\nUnknown model 'openrouter/test/model' \u2014 not in the static registry or litellm catalog; using conservative 128K fallback. Add it to model_registry._MODEL_REGISTRY.\nlitellm cost calculation failed, using fallback: This model isn't mapped yet. model=openrouter/test/model, custom_llm_provider=openrouter. Add it here - https://github.com/BerriAI/litellm/blob/main/model_prices_and_context_window.json.\nUnknown model 'openrouter/test/model' \u2014 not in the static registry or litellm catalog; using conservative 128K fallback. Add it to model_registry._MODEL_REGISTRY.\nact-observe observe: run 39f2728e-6dda-4214-8ede-7912d3c32544 would be told at its stop about 1 unobserved change(s): [SYSTEM] You have made 1 state-changing call (create_task) and have not read that source since. A response you did not inspect may have carried new information, and anything you knew about that source before you changed it is now out of date. Read it again before you write your answer.\nUnknown model 'openrouter/test/model' \u2014 not in the static registry or litellm catalog; using conservative 128K fallback. Add it to model_registry._MODEL_REGISTRY.\nUnknown model 'openrouter/test/model' \u2014 not in the static registry or litellm catalog; using conservative 128K fallback. Add it to model_registry._MODEL_REGISTRY.\nUnknown model 'openrouter/test/model' \u2014 not in the static registry or litellm catalog; using conservative 128K fallback. Add it to model_registry._MODEL_REGISTRY.\nUnknown model 'openrouter/test/model' \u2014 not in the static registry or litellm catalog; using conservative 128K fallback. Add it to model_registry._MODEL_REGISTRY.\nlitellm cost calculation failed, using fallback: This model isn't mapped yet. model=openrouter/test/model, custom_llm_provider=openrouter. Add it here - https://github.com/BerriAI/litellm/blob/main/model_prices_and_context_window.json.\nUnknown model 'openrouter/test/model' \u2014 not in the static registry or litellm catalog; using conservative 128K fallback. Add it to model_registry._MODEL_REGISTRY.\nUnknown model 'openrouter/test/model' \u2014 not in the static registry or litellm catalog; using conservative 128K fallback. Add it to model_registry._MODEL_REGISTRY.\nUnknown model 'openrouter/test/model' \u2014 not in the static registry or litellm catalog; using conservative 128K fallback. Add it to model_registry._MODEL_REGISTRY.\nlitellm cost calculation failed, using fallback: This model isn't mapped yet. model=openrouter/test/model, custom_llm_provider=openrouter. Add it here - https://github.com/BerriAI/litellm/blob/main/model_prices_and_context_window.json.\nUnknown model 'openrouter/test/model' \u2014 not in the static registry or litellm catalog; using conservative 128K fallback. Add it to model_registry._MODEL_REGISTRY.\nact-observe observe: run 818bb580-00d2-4120-a622-369fa34d91f1 would be told at its stop about 1 unobserved change(s): [SYSTEM] You have made 1 state-changing call (create_task) and have not read that source since. A response you did not inspect may have carried new information, and anything you knew about that source before you changed it is now out of date. Read it again before you write your answer.\nUnknown model 'openrouter/test/model' \u2014 not in the static registry or litellm catalog; using conservative 128K fallback. Add it to model_registry._MODEL_REGISTRY.\nUnknown model 'openrouter/test/model' \u2014 not in the static registry or litellm catalog; using conservative 128K fallback. Add it to model_registry._MODEL_REGISTRY.\nUnknown model 'openrouter/test/model' \u2014 not in the static registry or litellm catalog; using conservative 128K fallback. Add it to model_registry._MODEL_REGISTRY.\nUnknown model 'openrouter/test/model' \u2014 not in the static registry or litellm catalog; using conservative 128K fallback. Add it to model_registry._MODEL_REGISTRY.\nlitellm cost calculation failed, using fallback: This model isn't mapped yet. model=openrouter/test/model, custom_llm_provider=openrouter. Add it here - https://github.com/BerriAI/litellm/blob/main/model_prices_and_context_window.json.\nUnknown model 'openrouter/test/model' \u2014 not in the static registry or litellm catalog; using conservative 128K fallback. Add it to model_registry._MODEL_REGISTRY.\nUnknown model 'openrouter/test/model' \u2014 not in the static registry or litellm catalog; using conservative 128K fallback. Add it to model_registry._MODEL_REGISTRY.\nUnknown model 'openrouter/test/model' \u2014 not in the static registry or litellm catalog; using conservative 128K fallback. Add it to model_registry._MODEL_REGISTRY.\nlitellm cost calculation failed, using fallback: This model isn't mapped yet. model=openrouter/test/model, custom_llm_provider=openrouter. Add it here - https://github.com/BerriAI/litellm/blob/main/model_prices_and_context_window.json.\nUnknown model 'openrouter/test/model' \u2014 not in the static registry or litellm catalog; using conservative 128K fallback. Add it to model_registry._MODEL_REGISTRY.\nact-observe observe: run 3c890fbb-744c-48c1-bc9e-ce14ac0cfcfd would be told at its stop about 1 unobserved change(s): [SYSTEM] You have made 1 state-changing call (create_task) and have not read that source since. A response you did not inspect may have carried new information, and anything you knew about that source before you changed it is now out of date. Read it again before you write your answer.\nUnknown model 'openrouter/test/model' \u2014 not in the static registry or litellm catalog; using conservative 128K fallback. Add it to model_registry._MODEL_REGISTRY.\nUnknown model 'openrouter/test/model' \u2014 not in the static registry or litellm catalog; using conservative 128K fallback. Add it to model_registry._MODEL_REGISTRY.\nUnknown model 'openrouter/test/model' \u2014 not in the static registry or litellm catalog; using conservative 128K fallback. Add it to model_registry._MODEL_REGISTRY.\nUnknown model 'openrouter/test/model' \u2014 not in the static registry or litellm catalog; using conservative 128K fallback. Add it to model_registry._MODEL_REGISTRY.\nlitellm cost calculation failed, using fallback: This model isn't mapped yet. model=openrouter/test/model, custom_llm_provider=openrouter. Add it here - https://github.com/BerriAI/litellm/blob/main/model_prices_and_context_window.json.\nUnknown model 'openrouter/test/model' \u2014 not in the static registry or litellm catalog; using conservative 128K fallback. Add it to model_registry._MODEL_REGISTRY.\nUnknown model 'openrouter/test/model' \u2014 not in the static registry or litellm catalog; using conservative 128K fallback. Add it to model_registry._MODEL_REGISTRY.\nUnknown model 'openrouter/test/model' \u2014 not in the static registry or litellm catalog; using conservative 128K fallback. Add it to model_registry._MODEL_REGISTRY.\nlitellm cost calculation failed, using fallback: This model isn't mapped yet. model=openrouter/test/model, custom_llm_provider=openrouter. Add it here - https://github.com/BerriAI/litellm/blob/main/model_prices_and_context_window.json.\nUnknown model 'openrouter/test/model' \u2014 not in the static registry or litellm catalog; using conservative 128K fallback. Add it to model_registry._MODEL_REGISTRY.\nact-observe observe: run 012c397c-cbaa-43ba-b3a1-2319fa68b78c would be told at its stop about 1 unobserved change(s): [SYSTEM] You have made 1 state-changing call (create_task) and have not read that source since. A response you did not inspect may have carried new information, and anything you knew about that source before you changed it is now out of date. Read it again before you write your answer.\nUnknown model 'openrouter/test/model' \u2014 not in the static registry or litellm catalog; using conservative 128K fallback. Add it to model_registry._MODEL_REGISTRY.\nUnknown model 'openrouter/test/model' \u2014 not in the static registry or litellm catalog; using conservative 128K fallback. Add it to model_registry._MODEL_REGISTRY.\nUnknown model 'openrouter/test/model' \u2014 not in the static registry or litellm catalog; using conservative 128K fallback. Add it to model_registry._MODEL_REGISTRY.\nUnknown model 'openrouter/test/model' \u2014 not in the static registry or litellm catalog; using conservative 128K fallback. Add it to model_registry._MODEL_REGISTRY.\nlitellm cost calculation failed, using fallback: This model isn't mapped yet. model=openrouter/test/model, custom_llm_provider=openrouter. Add it here - https://github.com/BerriAI/litellm/blob/main/model_prices_and_context_window.json.\nUnknown model 'openrouter/test/model' \u2014 not in the static registry or litellm catalog; using conservative 128K fallback. Add it to model_registry._MODEL_REGISTRY.\nUnknown model 'openrouter/test/model' \u2014 not in the static registry or litellm catalog; using conservative 128K fallback. Add it to model_registry._MODEL_REGISTRY.\nUnknown model 'openrouter/test/model' \u2014 not in the static registry or litellm catalog; using conservative 128K fallback. Add it to model_registry._MODEL_REGISTRY.\nlitellm cost calculation failed, using fallback: This model isn't mapped yet. model=openrouter/test/model, custom_llm_provider=openrouter. Add it here - https://github.com/BerriAI/litellm/blob/main/model_prices_and_context_window.json.\nUnknown model 'openrouter/test/model' \u2014 not in the static registry or litellm catalog; using conservative 128K fallback. Add it to model_registry._MODEL_REGISTRY.\nact-observe observe: run 253be4db-7b35-4902-8ebf-891ac1a445bd would be told at its stop about 1 unobserved change(s): [SYSTEM] You have made 1 state-changing call (create_task) and have not read that source since. A response you did not inspect may have carried new information, and anything you knew about that source before you changed it is now out of date. Read it again before you write your answer.\nUnknown model 'openrouter/test/model' \u2014 not in the static registry or litellm catalog; using conservative 128K fallback. Add it to model_registry._MODEL_REGISTRY.\nUnknown model 'openrouter/test/model' \u2014 not in the static registry or litellm catalog; using conservative 128K fallback. Add it to model_registry._MODEL_REGISTRY.\nUnknown model 'openrouter/test/model' \u2014 not in the static registry or litellm catalog; using conservative 128K fallback. Add it to model_registry._MODEL_REGISTRY.\nUnknown model 'openrouter/test/model' \u2014 not in the static registry or litellm catalog; using conservative 128K fallback. Add it to model_registry._MODEL_REGISTRY.\nlitellm cost calculation failed, using fallback: This model isn't mapped yet. model=openrouter/test/model, custom_llm_provider=openrouter. Add it here - https://github.com/BerriAI/litellm/blob/main/model_prices_and_context_window.json.\nUnknown model 'openrouter/test/model' \u2014 not in the static registry or litellm catalog; using conservative 128K fallback. Add it to model_registry._MODEL_REGISTRY.\nUnknown model 'openrouter/test/model' \u2014 not in the static registry or litellm catalog; using conservative 128K fallback. Add it to model_registry._MODEL_REGISTRY.\nUnknown model 'openrouter/test/model' \u2014 not in the static registry or litellm catalog; using conservative 128K fallback. Add it to model_registry._MODEL_REGISTRY.\nlitellm cost calculation failed, using fallback: This model isn't mapped yet. model=openrouter/test/model, custom_llm_provider=openrouter. Add it here - https://github.com/BerriAI/litellm/blob/main/model_prices_and_context_window.json.\nUnknown model 'openrouter/test/model' \u2014 not in the static registry or litellm catalog; using conservative 128K fallback. Add it to model_registry._MODEL_REGISTRY.\nact-observe observe: run 95fef821-17c0-4371-a00d-d254bfd73508 would be told at its stop about 1 unobserved change(s): [SYSTEM] You have made 1 state-changing call (create_task) and have not read that source since. A response you did not inspect may have carried new information, and anything you knew about that source before you changed it is now out of date. Read it again before you write your answer.\nUnknown model 'openrouter/test/model' \u2014 not in the static registry or litellm catalog; using conservative 128K fallback. Add it to model_registry._MODEL_REGISTRY.\nUnknown model 'openrouter/test/model' \u2014 not in the static registry or litellm catalog; using conservative 128K fallback. Add it to model_registry._MODEL_REGISTRY.\nUnknown model 'openrouter/test/model' \u2014 not in the static registry or litellm catalog; using conservative 128K fallback. Add it to model_registry._MODEL_REGISTRY.\nUnknown model 'openrouter/test/model' \u2014 not in the static registry or litellm catalog; using conservative 128K fallback. Add it to model_registry._MODEL_REGISTRY.\nlitellm cost calculation failed, using fallback: This model isn't mapped yet. model=openrouter/test/model, custom_llm_provider=openrouter. Add it here - https://github.com/BerriAI/litellm/blob/main/model_prices_and_context_window.json.\nUnknown model 'openrouter/test/model' \u2014 not in the static registry or litellm catalog; using conservative 128K fallback. Add it to model_registry._MODEL_REGISTRY.\nUnknown model 'openrouter/test/model' \u2014 not in the static registry or litellm catalog; using conservative 128K fallback. Add it to model_registry._MODEL_REGISTRY.\nUnknown model 'openrouter/test/model' \u2014 not in the static registry or litellm catalog; using conservative 128K fallback. Add it to model_registry._MODEL_REGISTRY.\nlitellm cost calculation failed, using fallback: This model isn't mapped yet. model=openrouter/test/model, custom_llm_provider=openrouter. Add it here - https://github.com/BerriAI/litellm/blob/main/model_prices_and_context_window.json.\nUnknown model 'openrouter/test/model' \u2014 not in the static registry or litellm catalog; using conservative 128K fallback. Add it to model_registry._MODEL_REGISTRY.\nact-observe observe: run 56d09267-09f0-4970-ba93-7859f1f76c77 would be told at its stop about 1 unobserved change(s): [SYSTEM] You have made 1 state-changing call (create_task) and have not read that source since. A response you did not inspect may have carried new information, and anything you knew about that source before you changed it is now out of date. Read it again before you write your answer.\nUnknown model 'openrouter/test/model' \u2014 not in the static registry or litellm catalog; using conservative 128K fallback. Add it to model_registry._MODEL_REGISTRY.\nUnknown model 'openrouter/test/model' \u2014 not in the static registry or litellm catalog; using conservative 128K fallback. Add it to model_registry._MODEL_REGISTRY.\nUnknown model 'openrouter/test/model' \u2014 not in the static registry or litellm catalog; using conservative 128K fallback. Add it to model_registry._MODEL_REGISTRY.\nUnknown model 'openrouter/test/model' \u2014 not in the static registry or litellm catalog; using conservative 128K fallback. Add it to model_registry._MODEL_REGISTRY.\nlitellm cost calculation failed, using fallback: This model isn't mapped yet. model=openrouter/test/model, custom_llm_provider=openrouter. Add it here - https://github.com/BerriAI/litellm/blob/main/model_prices_and_context_window.json.\nUnknown model 'openrouter/test/model' \u2014 not in the static registry or litellm catalog; using conservative 128K fallback. Add it to model_registry._MODEL_REGISTRY.\nUnknown model 'openrouter/test/model' \u2014 not in the static registry or litellm catalog; using conservative 128K fallback. Add it to model_registry._MODEL_REGISTRY.\nUnknown model 'openrouter/test/model' \u2014 not in the static registry or litellm catalog; using conservative 128K fallback. Add it to model_registry._MODEL_REGISTRY.\nlitellm cost calculation failed, using fallback: This model isn't mapped yet. model=openrouter/test/model, custom_llm_provider=openrouter. Add it here - https://github.com/BerriAI/litellm/blob/main/model_prices_and_context_window.json.\nUnknown model 'openrouter/test/model' \u2014 not in the static registry or litellm catalog; using conservative 128K fallback. Add it to model_registry._MODEL_REGISTRY.\nact-observe observe: run 0d12a0ff-1031-45a2-bcb4-279400d15177 would be told at its stop about 1 unobserved change(s): [SYSTEM] You have made 1 state-changing call (create_task) and have not read that source since. A response you did not inspect may have carried new information, and anything you knew about that source before you changed it is now out of date. Read it again before you write your answer.\nUnknown model 'openrouter/test/model' \u2014 not in the static registry or litellm catalog; using conservative 128K fallback. Add it to model_registry._MODEL_REGISTRY.\nUnknown model 'openrouter/test/model' \u2014 not in the static registry or litellm catalog; using conservative 128K fallback. Add it to model_registry._MODEL_REGISTRY.\nUnknown model 'openrouter/test/model' \u2014 not in the static registry or litellm catalog; using conservative 128K fallback. Add it to model_registry._MODEL_REGISTRY.\nUnknown model 'openrouter/test/model' \u2014 not in the static registry or litellm catalog; using conservative 128K fallback. Add it to model_registry._MODEL_REGISTRY.\nlitellm cost calculation failed, using fallback: This model isn't mapped yet. model=openrouter/test/model, custom_llm_provider=openrouter. Add it here - https://github.com/BerriAI/litellm/blob/main/model_prices_and_context_window.json.\nUnknown model 'openrouter/test/model' \u2014 not in the static registry or litellm catalog; using conservative 128K fallback. Add it to model_registry._MODEL_REGISTRY.\nUnknown model 'openrouter/test/model' \u2014 not in the static registry or litellm catalog; using conservative 128K fallback. Add it to model_registry._MODEL_REGISTRY.\nUnknown model 'openrouter/test/model' \u2014 not in the static registry or litellm catalog; using conservative 128K fallback. Add it to model_registry._MODEL_REGISTRY.\nlitellm cost calculation failed, using fallback: This model isn't mapped yet. model=openrouter/test/model, custom_llm_provider=openrouter. Add it here - https://github.com/BerriAI/litellm/blob/main/model_prices_and_context_window.json.\nUnknown model 'openrouter/test/model' \u2014 not in the static registry or litellm catalog; using conservative 128K fallback. Add it to model_registry._MODEL_REGISTRY.\nact-observe observe: run 888acbe5-1e52-401a-9857-251a8a7bd1dd would be told at its stop about 1 unobserved change(s): [SYSTEM] You have made 1 state-changing call (create_task) and have not read that source since. A response you did not inspect may have carried new information, and anything you knew about that source before you changed it is now out of date. Read it again before you write your answer.\nUnknown model 'openrouter/test/model' \u2014 not in the static registry or litellm catalog; using conservative 128K fallback. Add it to model_registry._MODEL_REGISTRY.\nUnknown model 'openrouter/test/model' \u2014 not in the static registry or litellm catalog; using conservative 128K fallback. Add it to model_registry._MODEL_REGISTRY.\nUnknown model 'openrouter/test/model' \u2014 not in the static registry or litellm catalog; using conservative 128K fallback. Add it to model_registry._MODEL_REGISTRY.\nUnknown model 'openrouter/test/model' \u2014 not in the static registry or litellm catalog; using conservative 128K fallback. Add it to model_registry._MODEL_REGISTRY.\nlitellm cost calculation failed, using fallback: This model isn't mapped yet. model=openrouter/test/model, custom_llm_provider=openrouter. Add it here - https://github.com/BerriAI/litellm/blob/main/model_prices_and_context_window.json.\nUnknown model 'openrouter/test/model' \u2014 not in the static registry or litellm catalog; using conservative 128K fallback. Add it to model_registry._MODEL_REGISTRY.\nUnknown model 'openrouter/test/model' \u2014 not in the static registry or litellm catalog; using conservative 128K fallback. Add it to model_registry._MODEL_REGISTRY.\nUnknown model 'openrouter/test/model' \u2014 not in the static registry or litellm catalog; using conservative 128K fallback. Add it to model_registry._MODEL_REGISTRY.\nlitellm cost calculation failed, using fallback: This model isn't mapped yet. model=openrouter/test/model, custom_llm_provider=openrouter. Add it here - https://github.com/BerriAI/litellm/blob/main/model_prices_and_context_window.json.\nUnknown model 'openrouter/test/model' \u2014 not in the static registry or litellm catalog; using conservative 128K fallback. Add it to model_registry._MODEL_REGISTRY.\nact-observe observe: run d1fc69b6-5555-4602-874a-f20e83fc6ee2 would be told at its stop about 1 unobserved change(s): [SYSTEM] You have made 1 state-changing call (create_task) and have not read that source since. A response you did not inspect may have carried new information, and anything you knew about that source before you changed it is now out of date. Read it again before you write your answer.\nUnknown model 'openrouter/test/model' \u2014 not in the static registry or litellm catalog; using conservative 128K fallback. Add it to model_registry._MODEL_REGISTRY.\nUnknown model 'openrouter/test/model' \u2014 not in the static registry or litellm catalog; using conservative 128K fallback. Add it to model_registry._MODEL_REGISTRY.\nUnknown model 'openrouter/test/model' \u2014 not in the static registry or litellm catalog; using conservative 128K fallback. Add it to model_registry._MODEL_REGISTRY.\nUnknown model 'openrouter/test/model' \u2014 not in the static registry or litellm catalog; using conservative 128K fallback. Add it to model_registry._MODEL_REGISTRY.\nlitellm cost calculation failed, using fallback: This model isn't mapped yet. model=openrouter/test/model, custom_llm_provider=openrouter. Add it here - https://github.com/BerriAI/litellm/blob/main/model_prices_and_context_window.json.\nUnknown model 'openrouter/test/model' \u2014 not in the static registry or litellm catalog; using conservative 128K fallback. Add it to model_registry._MODEL_REGISTRY.\nUnknown model 'openrouter/test/model' \u2014 not in the static registry or litellm catalog; using conservative 128K fallback. Add it to model_registry._MODEL_REGISTRY.\nUnknown model 'openrouter/test/model' \u2014 not in the static registry or litellm catalog; using conservative 128K fallback. Add it to model_registry._MODEL_REGISTRY.\nlitellm cost calculation failed, using fallback: This model isn't mapped yet. model=openrouter/test/model, custom_llm_provider=openrouter. Add it here - https://github.com/BerriAI/litellm/blob/main/model_prices_and_context_window.json.\nUnknown model 'openrouter/test/model' \u2014 not in the static registry or litellm catalog; using conservative 128K fallback. Add it to model_registry._MODEL_REGISTRY.\nact-observe observe: run 43c71e47-c700-4ef2-892b-31f13e16e0e6 would be told at its stop about 1 unobserved change(s): [SYSTEM] You have made 1 state-changing call (create_task) and have not read that source since. A response you did not inspect may have carried new information, and anything you knew about that source before you changed it is now out of date. Read it again before you write your answer.\nUnknown model 'openrouter/test/model' \u2014 not in the static registry or litellm catalog; using conservative 128K fallback. Add it to model_registry._MODEL_REGISTRY.\nUnknown model 'openrouter/test/model' \u2014 not in the static registry or litellm catalog; using conservative 128K fallback. Add it to model_registry._MODEL_REGISTRY.\nUnknown model 'openrouter/test/model' \u2014 not in the static registry or litellm catalog; using conservative 128K fallback. Add it to model_registry._MODEL_REGISTRY.\nUnknown model 'openrouter/test/model' \u2014 not in the static registry or litellm catalog; using conservative 128K fallback. Add it to model_registry._MODEL_REGISTRY.\nlitellm cost calculation failed, using fallback: This model isn't mapped yet. model=openrouter/test/model, custom_llm_provider=openrouter. Add it here - https://github.com/BerriAI/litellm/blob/main/model_prices_and_context_window.json.\nUnknown model 'openrouter/test/model' \u2014 not in the static registry or litellm catalog; using conservative 128K fallback. Add it to model_registry._MODEL_REGISTRY.\nUnknown model 'openrouter/test/model' \u2014 not in the static registry or litellm catalog; using conservative 128K fallback. Add it to model_registry._MODEL_REGISTRY.\nUnknown model 'openrouter/test/model' \u2014 not in the static registry or litellm catalog; using conservative 128K fallback. Add it to model_registry._MODEL_REGISTRY.\nlitellm cost calculation failed, using fallback: This model isn't mapped yet. model=openrouter/test/model, custom_llm_provider=openrouter. Add it here - https://github.com/BerriAI/litellm/blob/main/model_prices_and_context_window.json.\nUnknown model 'openrouter/test/model' \u2014 not in the static registry or litellm catalog; using conservative 128K fallback. Add it to model_registry._MODEL_REGISTRY.\nact-observe observe: run df3db3c1-17e4-4a58-be72-bc27ee43c728 would be told at its stop about 1 unobserved change(s): [SYSTEM] You have made 1 state-changing call (create_task) and have not read that source since. A response you did not inspect may have carried new information, and anything you knew about that source before you changed it is now out of date. Read it again before you write your answer.\nUnknown model 'openrouter/test/model' \u2014 not in the static registry or litellm catalog; using conservative 128K fallback. Add it to model_registry._MODEL_REGISTRY.\nUnknown model 'openrouter/test/model' \u2014 not in the static registry or litellm catalog; using conservative 128K fallback. Add it to model_registry._MODEL_REGISTRY.\nUnknown model 'openrouter/test/model' \u2014 not in the static registry or litellm catalog; using conservative 128K fallback. Add it to model_registry._MODEL_REGISTRY.\nUnknown model 'openrouter/test/model' \u2014 not in the static registry or litellm catalog; using conservative 128K fallback. Add it to model_registry._MODEL_REGISTRY.\nlitellm cost calculation failed, using fallback: This model isn't mapped yet. model=openrouter/test/model, custom_llm_provider=openrouter. Add it here - https://github.com/BerriAI/litellm/blob/main/model_prices_and_context_window.json.\nUnknown model 'openrouter/test/model' \u2014 not in the static registry or litellm catalog; using conservative 128K fallback. Add it to model_registry._MODEL_REGISTRY.\nUnknown model 'openrouter/test/model' \u2014 not in the static registry or litellm catalog; using conservative 128K fallback. Add it to model_registry._MODEL_REGISTRY.\nUnknown model 'openrouter/test/model' \u2014 not in the static registry or litellm catalog; using conservative 128K fallback. Add it to model_registry._MODEL_REGISTRY.\nlitellm cost calculation failed, using fallback: This model isn't mapped yet. model=openrouter/test/model, custom_llm_provider=openrouter. Add it here - https://github.com/BerriAI/litellm/blob/main/model_prices_and_context_window.json.\nUnknown model 'openrouter/test/model' \u2014 not in the static registry or litellm catalog; using conservative 128K fallback. Add it to model_registry._MODEL_REGISTRY.\nact-observe observe: run 5221c621-4900-46aa-84ac-4fef66c138ef would be told at its stop about 1 unobserved change(s): [SYSTEM] You have made 1 state-changing call (create_task) and have not read that source since. A response you did not inspect may have carried new information, and anything you knew about that source before you changed it is now out of date. Read it again before you write your answer.\nUnknown model 'openrouter/test/model' \u2014 not in the static registry or litellm catalog; using conservative 128K fallback. Add it to model_registry._MODEL_REGISTRY.\nUnknown model 'openrouter/test/model' \u2014 not in the static registry or litellm catalog; using conservative 128K fallback. Add it to model_registry._MODEL_REGISTRY.\nUnknown model 'openrouter/test/model' \u2014 not in the static registry or litellm catalog; using conservative 128K fallback. Add it to model_registry._MODEL_REGISTRY.\nUnknown model 'openrouter/test/model' \u2014 not in the static registry or litellm catalog; using conservative 128K fallback. Add it to model_registry._MODEL_REGISTRY.\nlitellm cost calculation failed, using fallback: This model isn't mapped yet. model=openrouter/test/model, custom_llm_provider=openrouter. Add it here - https://github.com/BerriAI/litellm/blob/main/model_prices_and_context_window.json.\nUnknown model 'openrouter/test/model' \u2014 not in the static registry or litellm catalog; using conservative 128K fallback. Add it to model_registry._MODEL_REGISTRY.\nUnknown model 'openrouter/test/model' \u2014 not in the static registry or litellm catalog; using conservative 128K fallback. Add it to model_registry._MODEL_REGISTRY.\nUnknown model 'openrouter/test/model' \u2014 not in the static registry or litellm catalog; using conservative 128K fallback. Add it to model_registry._MODEL_REGISTRY.\nlitellm cost calculation failed, using fallback: This model isn't mapped yet. model=openrouter/test/model, custom_llm_provider=openrouter. Add it here - https://github.com/BerriAI/litellm/blob/main/model_prices_and_context_window.json.\nUnknown model 'openrouter/test/model' \u2014 not in the static registry or litellm catalog; using conservative 128K fallback. Add it to model_registry._MODEL_REGISTRY.\nact-observe observe: run 317f9de5-93ec-447d-8661-c84b71bda8c4 would be told at its stop about 1 unobserved change(s): [SYSTEM] You have made 1 state-changing call (create_task) and have not read that source since. A response you did not inspect may have carried new information, and anything you knew about that source before you changed it is now out of date. Read it again before you write your answer.\nUnknown model 'openrouter/test/model' \u2014 not in the static registry or litellm catalog; using conservative 128K fallback. Add it to model_registry._MODEL_REGISTRY.\nUnknown model 'openrouter/test/model' \u2014 not in the static registry or litellm catalog; using conservative 128K fallback. Add it to model_registry._MODEL_REGISTRY.\nUnknown model 'openrouter/test/model' \u2014 not in the static registry or litellm catalog; using conservative 128K fallback. Add it to model_registry._MODEL_REGISTRY.\nUnknown model 'openrouter/test/model' \u2014 not in the static registry or litellm catalog; using conservative 128K fallback. Add it to model_registry._MODEL_REGISTRY.\nlitellm cost calculation failed, using fallback: This model isn't mapped yet. model=openrouter/test/model, custom_llm_provider=openrouter. Add it here - https://github.com/BerriAI/litellm/blob/main/model_prices_and_context_window.json.\nUnknown model 'openrouter/test/model' \u2014 not in the static registry or litellm catalog; using conservative 128K fallback. Add it to model_registry._MODEL_REGISTRY.\nUnknown model 'openrouter/test/model' \u2014 not in the static registry or litellm catalog; using conservative 128K fallback. Add it to model_registry._MODEL_REGISTRY.\nUnknown model 'openrouter/test/model' \u2014 not in the static registry or litellm catalog; using conservative 128K fallback. Add it to model_registry._MODEL_REGISTRY.\nlitellm cost calculation failed, using fallback: This model isn't mapped yet. model=openrouter/test/model, custom_llm_provider=openrouter. Add it here - https://github.com/BerriAI/litellm/blob/main/model_prices_and_context_window.json.\nUnknown model 'openrouter/test/model' \u2014 not in the static registry or litellm catalog; using conservative 128K fallback. Add it to model_registry._MODEL_REGISTRY.\nact-observe observe: run eca2e7b3-0159-4b2e-a287-ed3b843e8eb3 would be told at its stop about 1 unobserved change(s): [SYSTEM] You have made 1 state-changing call (create_task) and have not read that source since. A response you did not inspect may have carried new information, and anything you knew about that source before you changed it is now out of date. Read it again before you write your answer.\nUnknown model 'openrouter/test/model' \u2014 not in the static registry or litellm catalog; using conservative 128K fallback. Add it to model_registry._MODEL_REGISTRY.\nUnknown model 'openrouter/test/model' \u2014 not in the static registry or litellm catalog; using conservative 128K fallback. Add it to model_registry._MODEL_REGISTRY.\nUnknown model 'openrouter/test/model' \u2014 not in the static registry or litellm catalog; using conservative 128K fallback. Add it to model_registry._MODEL_REGISTRY.\nUnknown model 'openrouter/test/model' \u2014 not in the static registry or litellm catalog; using conservative 128K fallback. Add it to model_registry._MODEL_REGISTRY.\nlitellm cost calculation failed, using fallback: This model isn't mapped yet. model=openrouter/test/model, custom_llm_provider=openrouter. Add it here - https://github.com/BerriAI/litellm/blob/main/model_prices_and_context_window.json.\nUnknown model 'openrouter/test/model' \u2014 not in the static registry or litellm catalog; using conservative 128K fallback. Add it to model_registry._MODEL_REGISTRY.\nUnknown model 'openrouter/test/model' \u2014 not in the static registry or litellm catalog; using conservative 128K fallback. Add it to model_registry._MODEL_REGISTRY.\nUnknown model 'openrouter/test/model' \u2014 not in the static registry or litellm catalog; using conservative 128K fallback. Add it to model_registry._MODEL_REGISTRY.\nlitellm cost calculation failed, using fallback: This model isn't mapped yet. model=openrouter/test/model, custom_llm_provider=openrouter. Add it here - https://github.com/BerriAI/litellm/blob/main/model_prices_and_context_window.json.\nUnknown model 'openrouter/test/model' \u2014 not in the static registry or litellm catalog; using conservative 128K fallback. Add it to model_registry._MODEL_REGISTRY.\nact-observe observe: run aed62678-8016-4871-a2ed-461a5c0d61da would be told at its stop about 1 unobserved change(s): [SYSTEM] You have made 1 state-changing call (create_task) and have not read that source since. A response you did not inspect may have carried new information, and anything you knew about that source before you changed it is now out of date. Read it again before you write your answer.\nUnknown model 'openrouter/test/model' \u2014 not in the static registry or litellm catalog; using conservative 128K fallback. Add it to model_registry._MODEL_REGISTRY.\nUnknown model 'openrouter/test/model' \u2014 not in the static registry or litellm catalog; using conservative 128K fallback. Add it to model_registry._MODEL_REGISTRY.\nUnknown model 'openrouter/test/model' \u2014 not in the static registry or litellm catalog; using conservative 128K fallback. Add it to model_registry._MODEL_REGISTRY.\nUnknown model 'openrouter/test/model' \u2014 not in the static registry or litellm catalog; using conservative 128K fallback. Add it to model_registry._MODEL_REGISTRY.\nlitellm cost calculation failed, using fallback: This model isn't mapped yet. model=openrouter/test/model, custom_llm_provider=openrouter. Add it here - https://github.com/BerriAI/litellm/blob/main/model_prices_and_context_window.json.\nUnknown model 'openrouter/test/model' \u2014 not in the static registry or litellm catalog; using conservative 128K fallback. Add it to model_registry._MODEL_REGISTRY.\nUnknown model 'openrouter/test/model' \u2014 not in the static registry or litellm catalog; using conservative 128K fallback. Add it to model_registry._MODEL_REGISTRY.\nUnknown model 'openrouter/test/model' \u2014 not in the static registry or litellm catalog; using conservative 128K fallback. Add it to model_registry._MODEL_REGISTRY.\nlitellm cost calculation failed, using fallback: This model isn't mapped yet. model=openrouter/test/model, custom_llm_provider=openrouter. Add it here - https://github.com/BerriAI/litellm/blob/main/model_prices_and_context_window.json.\nUnknown model 'openrouter/test/model' \u2014 not in the static registry or litellm catalog; using conservative 128K fallback. Add it to model_registry._MODEL_REGISTRY.\nact-observe observe: run 59a4fb80-b52f-4f26-ac69-46d0f6073131 would be told at its stop about 1 unobserved change(s): [SYSTEM] You have made 1 state-changing call (create_task) and have not read that source since. A response you did not inspect may have carried new information, and anything you knew about that source before you changed it is now out of date. Read it again before you write your answer.\nUnknown model 'openrouter/test/model' \u2014 not in the static registry or litellm catalog; using conservative 128K fallback. Add it to model_registry._MODEL_REGISTRY.\nUnknown model 'openrouter/test/model' \u2014 not in the static registry or litellm catalog; using conservative 128K fallback. Add it to model_registry._MODEL_REGISTRY.\nUnknown model 'openrouter/test/model' \u2014 not in the static registry or litellm catalog; using conservative 128K fallback. Add it to model_registry._MODEL_REGISTRY.\nUnknown model 'openrouter/test/model' \u2014 not in the static registry or litellm catalog; using conservative 128K fallback. Add it to model_registry._MODEL_REGISTRY.\nlitellm cost calculation failed, using fallback: This model isn't mapped yet. model=openrouter/test/model, custom_llm_provider=openrouter. Add it here - https://github.com/BerriAI/litellm/blob/main/model_prices_and_context_window.json.\nUnknown model 'openrouter/test/model' \u2014 not in the static registry or litellm catalog; using conservative 128K fallback. Add it to model_registry._MODEL_REGISTRY.\nUnknown model 'openrouter/test/model' \u2014 not in the static registry or litellm catalog; using conservative 128K fallback. Add it to model_registry._MODEL_REGISTRY.\nUnknown model 'openrouter/test/model' \u2014 not in the static registry or litellm catalog; using conservative 128K fallback. Add it to model_registry._MODEL_REGISTRY.\nlitellm cost calculation failed, using fallback: This model isn't mapped yet. model=openrouter/test/model, custom_llm_provider=openrouter. Add it here - https://github.com/BerriAI/litellm/blob/main/model_prices_and_context_window.json.\nUnknown model 'openrouter/test/model' \u2014 not in the static registry or litellm catalog; using conservative 128K fallback. Add it to model_registry._MODEL_REGISTRY.\nact-observe observe: run 2feca954-d299-4c69-b7f1-ef2f3446ef39 would be told at its stop about 1 unobserved change(s): [SYSTEM] You have made 1 state-changing call (create_task) and have not read that source since. A response you did not inspect may have carried new information, and anything you knew about that source before you changed it is now out of date. Read it again before you write your answer.\nUnknown model 'openrouter/test/model' \u2014 not in the static registry or litellm catalog; using conservative 128K fallback. Add it to model_registry._MODEL_REGISTRY.\nUnknown model 'openrouter/test/model' \u2014 not in the static registry or litellm catalog; using conservative 128K fallback. Add it to model_registry._MODEL_REGISTRY.\nUnknown model 'openrouter/test/model' \u2014 not in the static registry or litellm catalog; using conservative 128K fallback. Add it to model_registry._MODEL_REGISTRY.\nUnknown model 'openrouter/test/model' \u2014 not in the static registry or litellm catalog; using conservative 128K fallback. Add it to model_registry._MODEL_REGISTRY.\nlitellm cost calculation failed, using fallback: This model isn't mapped yet. model=openrouter/test/model, custom_llm_provider=openrouter. Add it here - https://github.com/BerriAI/litellm/blob/main/model_prices_and_context_window.json.\nUnknown model 'openrouter/test/model' \u2014 not in the static registry or litellm catalog; using conservative 128K fallback. Add it to model_registry._MODEL_REGISTRY.\nUnknown model 'openrouter/test/model' \u2014 not in the static registry or litellm catalog; using conservative 128K fallback. Add it to model_registry._MODEL_REGISTRY.\nUnknown model 'openrouter/test/model' \u2014 not in the static registry or litellm catalog; using conservative 128K fallback. Add it to model_registry._MODEL_REGISTRY.\nlitellm cost calculation failed, using fallback: This model isn't mapped yet. model=openrouter/test/model, custom_llm_provider=openrouter. Add it here - https://github.com/BerriAI/litellm/blob/main/model_prices_and_context_window.json.\nUnknown model 'openrouter/test/model' \u2014 not in the static registry or litellm catalog; using conservative 128K fallback. Add it to model_registry._MODEL_REGISTRY.\nact-observe observe: run 7449af3a-8dac-4cca-b521-1003e8e04eda would be told at its stop about 1 unobserved change(s): [SYSTEM] You have made 1 state-changing call (create_task) and have not read that source since. A response you did not inspect may have carried new information, and anything you knew about that source before you changed it is now out of date. Read it again before you write your answer.\nUnknown model 'openrouter/test/model' \u2014 not in the static registry or litellm catalog; using conservative 128K fallback. Add it to model_registry._MODEL_REGISTRY.\nUnknown model 'openrouter/test/model' \u2014 not in the static registry or litellm catalog; using conservative 128K fallback. Add it to model_registry._MODEL_REGISTRY.\nUnknown model 'openrouter/test/model' \u2014 not in the static registry or litellm catalog; using conservative 128K fallback. Add it to model_registry._MODEL_REGISTRY.\nUnknown model 'openrouter/test/model' \u2014 not in the static registry or litellm catalog; using conservative 128K fallback. Add it to model_registry._MODEL_REGISTRY.\nlitellm cost calculation failed, using fallback: This model isn't mapped yet. model=openrouter/test/model, custom_llm_provider=openrouter. Add it here - https://github.com/BerriAI/litellm/blob/main/model_prices_and_context_window.json.\nUnknown model 'openrouter/test/model' \u2014 not in the static registry or litellm catalog; using conservative 128K fallback. Add it to model_registry._MODEL_REGISTRY.\nUnknown model 'openrouter/test/model' \u2014 not in the static registry or litellm catalog; using conservative 128K fallback. Add it to model_registry._MODEL_REGISTRY.\nUnknown model 'openrouter/test/model' \u2014 not in the static registry or litellm catalog; using conservative 128K fallback. Add it to model_registry._MODEL_REGISTRY.\nlitellm cost calculation failed, using fallback: This model isn't mapped yet. model=openrouter/test/model, custom_llm_provider=openrouter. Add it here - https://github.com/BerriAI/litellm/blob/main/model_prices_and_context_window.json.\nUnknown model 'openrouter/test/model' \u2014 not in the static registry or litellm catalog; using conservative 128K fallback. Add it to model_registry._MODEL_REGISTRY.\nact-observe observe: run d4882259-4a37-4959-a04f-9d494c36588f would be told at its stop about 1 unobserved change(s): [SYSTEM] You have made 1 state-changing call (create_task) and have not read that source since. A response you did not inspect may have carried new information, and anything you knew about that source before you changed it is now out of date. Read it again before you write your answer.\nUnknown model 'openrouter/test/model' \u2014 not in the static registry or litellm catalog; using conservative 128K fallback. Add it to model_registry._MODEL_REGISTRY.\nUnknown model 'openrouter/test/model' \u2014 not in the static registry or litellm catalog; using conservative 128K fallback. Add it to model_registry._MODEL_REGISTRY.\nUnknown model 'openrouter/test/model' \u2014 not in the static registry or litellm catalog; using conservative 128K fallback. Add it to model_registry._MODEL_REGISTRY.\nUnknown model 'openrouter/test/model' \u2014 not in the static registry or litellm catalog; using conservative 128K fallback. Add it to model_registry._MODEL_REGISTRY.\nlitellm cost calculation failed, using fallback: This model isn't mapped yet. model=openrouter/test/model, custom_llm_provider=openrouter. Add it here - https://github.com/BerriAI/litellm/blob/main/model_prices_and_context_window.json.\nUnknown model 'openrouter/test/model' \u2014 not in the static registry or litellm catalog; using conservative 128K fallback. Add it to model_registry._MODEL_REGISTRY.\nUnknown model 'openrouter/test/model' \u2014 not in the static registry or litellm catalog; using conservative 128K fallback. Add it to model_registry._MODEL_REGISTRY.\nUnknown model 'openrouter/test/model' \u2014 not in the static registry or litellm catalog; using conservative 128K fallback. Add it to model_registry._MODEL_REGISTRY.\nlitellm cost calculation failed, using fallback: This model isn't mapped yet. model=openrouter/test/model, custom_llm_provider=openrouter. Add it here - https://github.com/BerriAI/litellm/blob/main/model_prices_and_context_window.json.\nUnknown model 'openrouter/test/model' \u2014 not in the static registry or litellm catalog; using conservative 128K fallback. Add it to model_registry._MODEL_REGISTRY.\nact-observe observe: run 616deaf2-7673-4c6e-abe1-92642fc742a5 would be told at its stop about 1 unobserved change(s): [SYSTEM] You have made 1 state-changing call (create_task) and have not read that source since. A response you did not inspect may have carried new information, and anything you knew about that source before you changed it is now out of date. Read it again before you write your answer.\nUnknown model 'openrouter/test/model' \u2014 not in the static registry or litellm catalog; using conservative 128K fallback. Add it to model_registry._MODEL_REGISTRY.\nUnknown model 'openrouter/test/model' \u2014 not in the static registry or litellm catalog; using conservative 128K fallback. Add it to model_registry._MODEL_REGISTRY.\nUnknown model 'openrouter/test/model' \u2014 not in the static registry or litellm catalog; using conservative 128K fallback. Add it to model_registry._MODEL_REGISTRY.\nUnknown model 'openrouter/test/model' \u2014 not in the static registry or litellm catalog; using conservative 128K fallback. Add it to model_registry._MODEL_REGISTRY.\nlitellm cost calculation failed, using fallback: This model isn't mapped yet. model=openrouter/test/model, custom_llm_provider=openrouter. Add it here - https://github.com/BerriAI/litellm/blob/main/model_prices_and_context_window.json.\nUnknown model 'openrouter/test/model' \u2014 not in the static registry or litellm catalog; using conservative 128K fallback. Add it to model_registry._MODEL_REGISTRY.\nUnknown model 'openrouter/test/model' \u2014 not in the static registry or litellm catalog; using conservative 128K fallback. Add it to model_registry._MODEL_REGISTRY.\nUnknown model 'openrouter/test/model' \u2014 not in the static registry or litellm catalog; using conservative 128K fallback. Add it to model_registry._MODEL_REGISTRY.\nlitellm cost calculation failed, using fallback: This model isn't mapped yet. model=openrouter/test/model, custom_llm_provider=openrouter. Add it here - https://github.com/BerriAI/litellm/blob/main/model_prices_and_context_window.json.\nUnknown model 'openrouter/test/model' \u2014 not in the static registry or litellm catalog; using conservative 128K fallback. Add it to model_registry._MODEL_REGISTRY.\nact-observe observe: run 9bf0f2cc-6092-4916-90f5-90f0093e6d42 would be told at its stop about 1 unobserved change(s): [SYSTEM] You have made 1 state-changing call (create_task) and have not read that source since. A response you did not inspect may have carried new information, and anything you knew about that source before you changed it is now out of date. Read it again before you write your answer.\nUnknown model 'openrouter/test/model' \u2014 not in the static registry or litellm catalog; using conservative 128K fallback. Add it to model_registry._MODEL_REGISTRY.\nUnknown model 'openrouter/test/model' \u2014 not in the static registry or litellm catalog; using conservative 128K fallback. Add it to model_registry._MODEL_REGISTRY.\nUnknown model 'openrouter/test/model' \u2014 not in the static registry or litellm catalog; using conservative 128K fallback. Add it to model_registry._MODEL_REGISTRY.\nUnknown model 'openrouter/test/model' \u2014 not in the static registry or litellm catalog; using conservative 128K fallback. Add it to model_registry._MODEL_REGISTRY.\nlitellm cost calculation failed, using fallback: This model isn't mapped yet. model=openrouter/test/model, custom_llm_provider=openrouter. Add it here - https://github.com/BerriAI/litellm/blob/main/model_prices_and_context_window.json.\nUnknown model 'openrouter/test/model' \u2014 not in the static registry or litellm catalog; using conservative 128K fallback. Add it to model_registry._MODEL_REGISTRY.\nUnknown model 'openrouter/test/model' \u2014 not in the static registry or litellm catalog; using conservative 128K fallback. Add it to model_registry._MODEL_REGISTRY.\nUnknown model 'openrouter/test/model' \u2014 not in the static registry or litellm catalog; using conservative 128K fallback. Add it to model_registry._MODEL_REGISTRY.\nlitellm cost calculation failed, using fallback: This model isn't mapped yet. model=openrouter/test/model, custom_llm_provider=openrouter. Add it here - https://github.com/BerriAI/litellm/blob/main/model_prices_and_context_window.json.\nUnknown model 'openrouter/test/model' \u2014 not in the static registry or litellm catalog; using conservative 128K fallback. Add it to model_registry._MODEL_REGISTRY.\nact-observe observe: run f149bca7-a651-4145-98e3-44ff7a52c8d3 would be told at its stop about 1 unobserved change(s): [SYSTEM] You have made 1 state-changing call (create_task) and have not read that source since. A response you did not inspect may have carried new information, and anything you knew about that source before you changed it is now out of date. Read it again before you write your answer.\nUnknown model 'openrouter/test/model' \u2014 not in the static registry or litellm catalog; using conservative 128K fallback. Add it to model_registry._MODEL_REGISTRY.\nUnknown model 'openrouter/test/model' \u2014 not in the static registry or litellm catalog; using conservative 128K fallback. Add it to model_registry._MODEL_REGISTRY.\nUnknown model 'openrouter/test/model' \u2014 not in the static registry or litellm catalog; using conservative 128K fallback. Add it to model_registry._MODEL_REGISTRY.\nUnknown model 'openrouter/test/model' \u2014 not in the static registry or litellm catalog; using conservative 128K fallback. Add it to model_registry._MODEL_REGISTRY.\nlitellm cost calculation failed, using fallback: This model isn't mapped yet. model=openrouter/test/model, custom_llm_provider=openrouter. Add it here - https://github.com/BerriAI/litellm/blob/main/model_prices_and_context_window.json.\nUnknown model 'openrouter/test/model' \u2014 not in the static registry or litellm catalog; using conservative 128K fallback. Add it to model_registry._MODEL_REGISTRY.\nUnknown model 'openrouter/test/model' \u2014 not in the static registry or litellm catalog; using conservative 128K fallback. Add it to model_registry._MODEL_REGISTRY.\nUnknown model 'openrouter/test/model' \u2014 not in the static registry or litellm catalog; using conservative 128K fallback. Add it to model_registry._MODEL_REGISTRY.\nlitellm cost calculation failed, using fallback: This model isn't mapped yet. model=openrouter/test/model, custom_llm_provider=openrouter. Add it here - https://github.com/BerriAI/litellm/blob/main/model_prices_and_context_window.json.\nUnknown model 'openrouter/test/model' \u2014 not in the static registry or litellm catalog; using conservative 128K fallback. Add it to model_registry._MODEL_REGISTRY.\nact-observe observe: run 333e9453-2aa0-436f-9de8-cfe96b025730 would be told at its stop about 1 unobserved change(s): [SYSTEM] You have made 1 state-changing call (create_task) and have not read that source since. A response you did not inspect may have carried new information, and anything you knew about that source before you changed it is now out of date. Read it again before you write your answer.\nUnknown model 'openrouter/test/model' \u2014 not in the static registry or litellm catalog; using conservative 128K fallback. Add it to model_registry._MODEL_REGISTRY.\nUnknown model 'openrouter/test/model' \u2014 not in the static registry or litellm catalog; using conservative 128K fallback. Add it to model_registry._MODEL_REGISTRY.\nUnknown model 'openrouter/test/model' \u2014 not in the static registry or litellm catalog; using conservative 128K fallback. Add it to model_registry._MODEL_REGISTRY.\nUnknown model 'openrouter/test/model' \u2014 not in the static registry or litellm catalog; using conservative 128K fallback. Add it to model_registry._MODEL_REGISTRY.\nlitellm cost calculation failed, using fallback: This model isn't mapped yet. model=openrouter/test/model, custom_llm_provider=openrouter. Add it here - https://github.com/BerriAI/litellm/blob/main/model_prices_and_context_window.json.\nUnknown model 'openrouter/test/model' \u2014 not in the static registry or litellm catalog; using conservative 128K fallback. Add it to model_registry._MODEL_REGISTRY.\nUnknown model 'openrouter/test/model' \u2014 not in the static registry or litellm catalog; using conservative 128K fallback. Add it to model_registry._MODEL_REGISTRY.\nUnknown model 'openrouter/test/model' \u2014 not in the static registry or litellm catalog; using conservative 128K fallback. Add it to model_registry._MODEL_REGISTRY.\nlitellm cost calculation failed, using fallback: This model isn't mapped yet. model=openrouter/test/model, custom_llm_provider=openrouter. Add it here - https://github.com/BerriAI/litellm/blob/main/model_prices_and_context_window.json.\nUnknown model 'openrouter/test/model' \u2014 not in the static registry or litellm catalog; using conservative 128K fallback. Add it to model_registry._MODEL_REGISTRY.\nact-observe observe: run 9cdbdcf3-a942-452e-ad41-6df07ebd5e79 would be told at its stop about 1 unobserved change(s): [SYSTEM] You have made 1 state-changing call (create_task) and have not read that source since. A response you did not inspect may have carried new information, and anything you knew about that source before you changed it is now out of date. Read it again before you write your answer.\nUnknown model 'openrouter/test/model' \u2014 not in the static registry or litellm catalog; using conservative 128K fallback. Add it to model_registry._MODEL_REGISTRY.\nUnknown model 'openrouter/test/model' \u2014 not in the static registry or litellm catalog; using conservative 128K fallback. Add it to model_registry._MODEL_REGISTRY.\nUnknown model 'openrouter/test/model' \u2014 not in the static registry or litellm catalog; using conservative 128K fallback. Add it to model_registry._MODEL_REGISTRY.\nUnknown model 'openrouter/test/model' \u2014 not in the static registry or litellm catalog; using conservative 128K fallback. Add it to model_registry._MODEL_REGISTRY.\nlitellm cost calculation failed, using fallback: This model isn't mapped yet. model=openrouter/test/model, custom_llm_provider=openrouter. Add it here - https://github.com/BerriAI/litellm/blob/main/model_prices_and_context_window.json.\nUnknown model 'openrouter/test/model' \u2014 not in the static registry or litellm catalog; using conservative 128K fallback. Add it to model_registry._MODEL_REGISTRY.\nUnknown model 'openrouter/test/model' \u2014 not in the static registry or litellm catalog; using conservative 128K fallback. Add it to model_registry._MODEL_REGISTRY.\nUnknown model 'openrouter/test/model' \u2014 not in the static registry or litellm catalog; using conservative 128K fallback. Add it to model_registry._MODEL_REGISTRY.\nlitellm cost calculation failed, using fallback: This model isn't mapped yet. model=openrouter/test/model, custom_llm_provider=openrouter. Add it here - https://github.com/BerriAI/litellm/blob/main/model_prices_and_context_window.json.\nUnknown model 'openrouter/test/model' \u2014 not in the static registry or litellm catalog; using conservative 128K fallback. Add it to model_registry._MODEL_REGISTRY.\nact-observe observe: run 4973a032-c197-4228-ae76-c7dbb52e35c7 would be told at its stop about 1 unobserved change(s): [SYSTEM] You have made 1 state-changing call (create_task) and have not read that source since. A response you did not inspect may have carried new information, and anything you knew about that source before you changed it is now out of date. Read it again before you write your answer.\nUnknown model 'openrouter/test/model' \u2014 not in the static registry or litellm catalog; using conservative 128K fallback. Add it to model_registry._MODEL_REGISTRY.\nUnknown model 'openrouter/test/model' \u2014 not in the static registry or litellm catalog; using conservative 128K fallback. Add it to model_registry._MODEL_REGISTRY.\nUnknown model 'openrouter/test/model' \u2014 not in the static registry or litellm catalog; using conservative 128K fallback. Add it to model_registry._MODEL_REGISTRY.\nUnknown model 'openrouter/test/model' \u2014 not in the static registry or litellm catalog; using conservative 128K fallback. Add it to model_registry._MODEL_REGISTRY.\nlitellm cost calculation failed, using fallback: This model isn't mapped yet. model=openrouter/test/model, custom_llm_provider=openrouter. Add it here - https://github.com/BerriAI/litellm/blob/main/model_prices_and_context_window.json.\nUnknown model 'openrouter/test/model' \u2014 not in the static registry or litellm catalog; using conservative 128K fallback. Add it to model_registry._MODEL_REGISTRY.\nUnknown model 'openrouter/test/model' \u2014 not in the static registry or litellm catalog; using conservative 128K fallback. Add it to model_registry._MODEL_REGISTRY.\nUnknown model 'openrouter/test/model' \u2014 not in the static registry or litellm catalog; using conservative 128K fallback. Add it to model_registry._MODEL_REGISTRY.\nlitellm cost calculation failed, using fallback: This model isn't mapped yet. model=openrouter/test/model, custom_llm_provider=openrouter. Add it here - https://github.com/BerriAI/litellm/blob/main/model_prices_and_context_window.json.\nUnknown model 'openrouter/test/model' \u2014 not in the static registry or litellm catalog; using conservative 128K fallback. Add it to model_registry._MODEL_REGISTRY.\nact-observe observe: run b72ba706-8641-4571-bda7-54f9f0d8211d would be told at its stop about 1 unobserved change(s): [SYSTEM] You have made 1 state-changing call (create_task) and have not read that source since. A response you did not inspect may have carried new information, and anything you knew about that source before you changed it is now out of date. Read it again before you write your answer.\nUnknown model 'openrouter/test/model' \u2014 not in the static registry or litellm catalog; using conservative 128K fallback. Add it to model_registry._MODEL_REGISTRY.\nUnknown model 'openrouter/test/model' \u2014 not in the static registry or litellm catalog; using conservative 128K fallback. Add it to model_registry._MODEL_REGISTRY.\nUnknown model 'openrouter/test/model' \u2014 not in the static registry or litellm catalog; using conservative 128K fallback. Add it to model_registry._MODEL_REGISTRY.\nUnknown model 'openrouter/test/model' \u2014 not in the static registry or litellm catalog; using conservative 128K fallback. Add it to model_registry._MODEL_REGISTRY.\nlitellm cost calculation failed, using fallback: This model isn't mapped yet. model=openrouter/test/model, custom_llm_provider=openrouter. Add it here - https://github.com/BerriAI/litellm/blob/main/model_prices_and_context_window.json.\nUnknown model 'openrouter/test/model' \u2014 not in the static registry or litellm catalog; using conservative 128K fallback. Add it to model_registry._MODEL_REGISTRY.\nUnknown model 'openrouter/test/model' \u2014 not in the static registry or litellm catalog; using conservative 128K fallback. Add it to model_registry._MODEL_REGISTRY.\nUnknown model 'openrouter/test/model' \u2014 not in the static registry or litellm catalog; using conservative 128K fallback. Add it to model_registry._MODEL_REGISTRY.\nlitellm cost calculation failed, using fallback: This model isn't mapped yet. model=openrouter/test/model, custom_llm_provider=openrouter. Add it here - https://github.com/BerriAI/litellm/blob/main/model_prices_and_context_window.json.\nUnknown model 'openrouter/test/model' \u2014 not in the static registry or litellm catalog; using conservative 128K fallback. Add it to model_registry._MODEL_REGISTRY.\nact-observe observe: run 8211e7cf-d077-4ce3-9134-a075ca7a26f1 would be told at its stop about 1 unobserved change(s): [SYSTEM] You have made 1 state-changing call (create_task) and have not read that source since. A response you did not inspect may have carried new information, and anything you knew about that source before you changed it is now out of date. Read it again before you write your answer.\nUnknown model 'openrouter/test/model' \u2014 not in the static registry or litellm catalog; using conservative 128K fallback. Add it to model_registry._MODEL_REGISTRY.\nUnknown model 'openrouter/test/model' \u2014 not in the static registry or litellm catalog; using conservative 128K fallback. Add it to model_registry._MODEL_REGISTRY.\nUnknown model 'openrouter/test/model' \u2014 not in the static registry or litellm catalog; using conservative 128K fallback. Add it to model_registry._MODEL_REGISTRY.\nUnknown model 'openrouter/test/model' \u2014 not in the static registry or litellm catalog; using conservative 128K fallback. Add it to model_registry._MODEL_REGISTRY.\nlitellm cost calculation failed, using fallback: This model isn't mapped yet. model=openrouter/test/model, custom_llm_provider=openrouter. Add it here - https://github.com/BerriAI/litellm/blob/main/model_prices_and_context_window.json.\nUnknown model 'openrouter/test/model' \u2014 not in the static registry or litellm catalog; using conservative 128K fallback. Add it to model_registry._MODEL_REGISTRY.\nUnknown model 'openrouter/test/model' \u2014 not in the static registry or litellm catalog; using conservative 128K fallback. Add it to model_registry._MODEL_REGISTRY.\nUnknown model 'openrouter/test/model' \u2014 not in the static registry or litellm catalog; using conservative 128K fallback. Add it to model_registry._MODEL_REGISTRY.\nlitellm cost calculation failed, using fallback: This model isn't mapped yet. model=openrouter/test/model, custom_llm_provider=openrouter. Add it here - https://github.com/BerriAI/litellm/blob/main/model_prices_and_context_window.json.\nUnknown model 'openrouter/test/model' \u2014 not in the static registry or litellm catalog; using conservative 128K fallback. Add it to model_registry._MODEL_REGISTRY.\nact-observe observe: run a2d69fcf-3760-4126-b679-32a547180bd4 would be told at its stop about 1 unobserved change(s): [SYSTEM] You have made 1 state-changing call (create_task) and have not read that source since. A response you did not inspect may have carried new information, and anything you knew about that source before you changed it is now out of date. Read it again before you write your answer.\nUnknown model 'openrouter/test/model' \u2014 not in the static registry or litellm catalog; using conservative 128K fallback. Add it to model_registry._MODEL_REGISTRY.\nUnknown model 'openrouter/test/model' \u2014 not in the static registry or litellm catalog; using conservative 128K fallback. Add it to model_registry._MODEL_REGISTRY.\nUnknown model 'openrouter/test/model' \u2014 not in the static registry or litellm catalog; using conservative 128K fallback. Add it to model_registry._MODEL_REGISTRY.\nUnknown model 'openrouter/test/model' \u2014 not in the static registry or litellm catalog; using conservative 128K fallback. Add it to model_registry._MODEL_REGISTRY.\nlitellm cost calculation failed, using fallback: This model isn't mapped yet. model=openrouter/test/model, custom_llm_provider=openrouter. Add it here - https://github.com/BerriAI/litellm/blob/main/model_prices_and_context_window.json.\nUnknown model 'openrouter/test/model' \u2014 not in the static registry or litellm catalog; using conservative 128K fallback. Add it to model_registry._MODEL_REGISTRY.\nUnknown model 'openrouter/test/model' \u2014 not in the static registry or litellm catalog; using conservative 128K fallback. Add it to model_registry._MODEL_REGISTRY.\nUnknown model 'openrouter/test/model' \u2014 not in the static registry or litellm catalog; using conservative 128K fallback. Add it to model_registry._MODEL_REGISTRY.\nlitellm cost calculation failed, using fallback: This model isn't mapped yet. model=openrouter/test/model, custom_llm_provider=openrouter. Add it here - https://github.com/BerriAI/litellm/blob/main/model_prices_and_context_window.json.\nUnknown model 'openrouter/test/model' \u2014 not in the static registry or litellm catalog; using conservative 128K fallback. Add it to model_registry._MODEL_REGISTRY.\nact-observe observe: run 1dbf7864-9812-4a68-a319-4c5300d0f64d would be told at its stop about 1 unobserved change(s): [SYSTEM] You have made 1 state-changing call (create_task) and have not read that source since. A response you did not inspect may have carried new information, and anything you knew about that source before you changed it is now out of date. Read it again before you write your answer.\n", "exit_code": 0}
NATIVE_TASK_COMPARISON {"baseline_revision": "eea3252b1577e3f51e6d6a6216d6f242fd7ac4a1", "current_revision": "f69694be958e05cac504ccca57e3b6edcd9a9bb0", "measurements": {"baseline": {"exit_code": 0, "samples": [{"scenario": "standalone", "index": 0, "warmup": true, "verified": true, "duration_ms": 441.2772570067318, "status": "completed", "model_calls": 2, "task_count": 1, "reply": "Task creation recorded.", "post_return_model_calls": 0}, {"scenario": "standalone", "index": 1, "warmup": false, "verified": true, "duration_ms": 106.68356300448067, "status": "completed", "model_calls": 2, "task_count": 1, "reply": "Task creation recorded.", "post_return_model_calls": 0}, {"scenario": "standalone", "index": 2, "warmup": false, "verified": true, "duration_ms": 102.95616999792401, "status": "completed", "model_calls": 2, "task_count": 1, "reply": "Task creation recorded.", "post_return_model_calls": 0}, {"scenario": "standalone", "index": 3, "warmup": false, "verified": true, "duration_ms": 103.5233930015238, "status": "completed", "model_calls": 2, "task_count": 1, "reply": "Task creation recorded.", "post_return_model_calls": 0}, {"scenario": "standalone", "index": 4, "warmup": false, "verified": true, "duration_ms": 103.95235900068656, "status": "completed", "model_calls": 2, "task_count": 1, "reply": "Task creation recorded.", "post_return_model_calls": 0}, {"scenario": "standalone", "index": 5, "warmup": false, "verified": true, "duration_ms": 100.0835089944303, "status": "completed", "model_calls": 2, "task_count": 1, "reply": "Task creation recorded.", "post_return_model_calls": 0}, {"scenario": "standalone", "index": 6, "warmup": false, "verified": true, "duration_ms": 99.46303699689452, "status": "completed", "model_calls": 2, "task_count": 1, "reply": "Task creation recorded.", "post_return_model_calls": 0}, {"scenario": "standalone", "index": 7, "warmup": false, "verified": true, "duration_ms": 97.78178299893625, "status": "completed", "model_calls": 2, "task_count": 1, "reply": "Task creation recorded.", "post_return_model_calls": 0}, {"scenario": "standalone", "index": 8, "warmup": false, "verified": true, "duration_ms": 103.91186201013625, "status": "completed", "model_calls": 2, "task_count": 1, "reply": "Task creation recorded.", "post_return_model_calls": 0}, {"scenario": "standalone", "index": 9, "warmup": false, "verified": true, "duration_ms": 96.19424199627247, "status": "completed", "model_calls": 2, "task_count": 1, "reply": "Task creation recorded.", "post_return_model_calls": 0}, {"scenario": "standalone", "index": 10, "warmup": false, "verified": true, "duration_ms": 97.17332701256964, "status": "completed", "model_calls": 2, "task_count": 1, "reply": "Task creation recorded.", "post_return_model_calls": 0}, {"scenario": "standalone", "index": 11, "warmup": false, "verified": true, "duration_ms": 97.04934000910725, "status": "completed", "model_calls": 2, "task_count": 1, "reply": "Task creation recorded.", "post_return_model_calls": 0}, {"scenario": "standalone", "index": 12, "warmup": false, "verified": true, "duration_ms": 97.37083301297389, "status": "completed", "model_calls": 2, "task_count": 1, "reply": "Task creation recorded.", "post_return_model_calls": 0}, {"scenario": "standalone", "index": 13, "warmup": false, "verified": true, "duration_ms": 117.47941400972195, "status": "completed", "model_calls": 2, "task_count": 1, "reply": "Task creation recorded.", "post_return_model_calls": 0}, {"scenario": "standalone", "index": 14, "warmup": false, "verified": true, "duration_ms": 117.69212099898141, "status": "completed", "model_calls": 2, "task_count": 1, "reply": "Task creation recorded.", "post_return_model_calls": 0}, {"scenario": "standalone", "index": 15, "warmup": false, "verified": true, "duration_ms": 118.0637579964241, "status": "completed", "model_calls": 2, "task_count": 1, "reply": "Task creation recorded.", "post_return_model_calls": 0}, {"scenario": "standalone", "index": 16, "warmup": false, "verified": true, "duration_ms": 118.38915399857797, "status": "completed", "model_calls": 2, "task_count": 1, "reply": "Task creation recorded.", "post_return_model_calls": 0}, {"scenario": "standalone", "index": 17, "warmup": false, "verified": true, "duration_ms": 122.18845100142062, "status": "completed", "model_calls": 2, "task_count": 1, "reply": "Task creation recorded.", "post_return_model_calls": 0}, {"scenario": "standalone", "index": 18, "warmup": false, "verified": true, "duration_ms": 122.34558998898137, "status": "completed", "model_calls": 2, "task_count": 1, "reply": "Task creation recorded.", "post_return_model_calls": 0}, {"scenario": "standalone", "index": 19, "warmup": false, "verified": true, "duration_ms": 119.23039599787444, "status": "completed", "model_calls": 2, "task_count": 1, "reply": "Task creation recorded.", "post_return_model_calls": 0}, {"scenario": "standalone", "index": 20, "warmup": false, "verified": true, "duration_ms": 120.23825000505894, "status": "completed", "model_calls": 2, "task_count": 1, "reply": "Task creation recorded.", "post_return_model_calls": 0}, {"scenario": "standalone", "index": 21, "warmup": false, "verified": true, "duration_ms": 123.49009999888949, "status": "completed", "model_calls": 2, "task_count": 1, "reply": "Task creation recorded.", "post_return_model_calls": 0}, {"scenario": "standalone", "index": 22, "warmup": false, "verified": true, "duration_ms": 119.45105499762576, "status": "completed", "model_calls": 2, "task_count": 1, "reply": "Task creation recorded.", "post_return_model_calls": 0}, {"scenario": "standalone", "index": 23, "warmup": false, "verified": true, "duration_ms": 121.83055799687281, "status": "completed", "model_calls": 2, "task_count": 1, "reply": "Task creation recorded.", "post_return_model_calls": 0}, {"scenario": "standalone", "index": 24, "warmup": false, "verified": true, "duration_ms": 121.64197899983265, "status": "completed", "model_calls": 2, "task_count": 1, "reply": "Task creation recorded.", "post_return_model_calls": 0}, {"scenario": "standalone", "index": 25, "warmup": false, "verified": true, "duration_ms": 120.71627099066973, "status": "completed", "model_calls": 2, "task_count": 1, "reply": "Task creation recorded.", "post_return_model_calls": 0}, {"scenario": "standalone", "index": 26, "warmup": false, "verified": true, "duration_ms": 123.36248200153932, "status": "completed", "model_calls": 2, "task_count": 1, "reply": "Task creation recorded.", "post_return_model_calls": 0}, {"scenario": "standalone", "index": 27, "warmup": false, "verified": true, "duration_ms": 120.68798299878836, "status": "completed", "model_calls": 2, "task_count": 1, "reply": "Task creation recorded.", "post_return_model_calls": 0}, {"scenario": "standalone", "index": 28, "warmup": false, "verified": true, "duration_ms": 123.67307698877994, "status": "completed", "model_calls": 2, "task_count": 1, "reply": "Task creation recorded.", "post_return_model_calls": 0}, {"scenario": "standalone", "index": 29, "warmup": false, "verified": true, "duration_ms": 122.26525098958518, "status": "completed", "model_calls": 2, "task_count": 1, "reply": "Task creation recorded.", "post_return_model_calls": 0}, {"scenario": "standalone", "index": 30, "warmup": false, "verified": true, "duration_ms": 128.35606500448193, "status": "completed", "model_calls": 2, "task_count": 1, "reply": "Task creation recorded.", "post_return_model_calls": 0}, {"scenario": "compound", "index": 0, "warmup": true, "verified": true, "duration_ms": 132.49248800275382, "status": "completed", "model_calls": 2, "task_count": 1, "reply": "Task creation recorded. 17 \u00d7 19 = 323.", "post_return_model_calls": 0}, {"scenario": "compound", "index": 1, "warmup": false, "verified": true, "duration_ms": 125.77406399941538, "status": "completed", "model_calls": 2, "task_count": 1, "reply": "Task creation recorded. 17 \u00d7 19 = 323.", "post_return_model_calls": 0}, {"scenario": "compound", "index": 2, "warmup": false, "verified": true, "duration_ms": 123.97858500480652, "status": "completed", "model_calls": 2, "task_count": 1, "reply": "Task creation recorded. 17 \u00d7 19 = 323.", "post_return_model_calls": 0}, {"scenario": "compound", "index": 3, "warmup": false, "verified": true, "duration_ms": 125.03394299710635, "status": "completed", "model_calls": 2, "task_count": 1, "reply": "Task creation recorded. 17 \u00d7 19 = 323.", "post_return_model_calls": 0}, {"scenario": "compound", "index": 4, "warmup": false, "verified": true, "duration_ms": 121.07405099959578, "status": "completed", "model_calls": 2, "task_count": 1, "reply": "Task creation recorded. 17 \u00d7 19 = 323.", "post_return_model_calls": 0}, {"scenario": "compound", "index": 5, "warmup": false, "verified": true, "duration_ms": 124.0668250102317, "status": "completed", "model_calls": 2, "task_count": 1, "reply": "Task creation recorded. 17 \u00d7 19 = 323.", "post_return_model_calls": 0}, {"scenario": "compound", "index": 6, "warmup": false, "verified": true, "duration_ms": 126.93742199917324, "status": "completed", "model_calls": 2, "task_count": 1, "reply": "Task creation recorded. 17 \u00d7 19 = 323.", "post_return_model_calls": 0}, {"scenario": "compound", "index": 7, "warmup": false, "verified": true, "duration_ms": 127.6069669984281, "status": "completed", "model_calls": 2, "task_count": 1, "reply": "Task creation recorded. 17 \u00d7 19 = 323.", "post_return_model_calls": 0}, {"scenario": "compound", "index": 8, "warmup": false, "verified": true, "duration_ms": 129.01988199155312, "status": "completed", "model_calls": 2, "task_count": 1, "reply": "Task creation recorded. 17 \u00d7 19 = 323.", "post_return_model_calls": 0}, {"scenario": "compound", "index": 9, "warmup": false, "verified": true, "duration_ms": 124.8988199949963, "status": "completed", "model_calls": 2, "task_count": 1, "reply": "Task creation recorded. 17 \u00d7 19 = 323.", "post_return_model_calls": 0}, {"scenario": "compound", "index": 10, "warmup": false, "verified": true, "duration_ms": 126.8849250045605, "status": "completed", "model_calls": 2, "task_count": 1, "reply": "Task creation recorded. 17 \u00d7 19 = 323.", "post_return_model_calls": 0}, {"scenario": "compound", "index": 11, "warmup": false, "verified": true, "duration_ms": 124.75200199696701, "status": "completed", "model_calls": 2, "task_count": 1, "reply": "Task creation recorded. 17 \u00d7 19 = 323.", "post_return_model_calls": 0}, {"scenario": "compound", "index": 12, "warmup": false, "verified": true, "duration_ms": 125.57426800776739, "status": "completed", "model_calls": 2, "task_count": 1, "reply": "Task creation recorded. 17 \u00d7 19 = 323.", "post_return_model_calls": 0}, {"scenario": "compound", "index": 13, "warmup": false, "verified": true, "duration_ms": 126.12435600021854, "status": "completed", "model_calls": 2, "task_count": 1, "reply": "Task creation recorded. 17 \u00d7 19 = 323.", "post_return_model_calls": 0}, {"scenario": "compound", "index": 14, "warmup": false, "verified": true, "duration_ms": 122.78826399415266, "status": "completed", "model_calls": 2, "task_count": 1, "reply": "Task creation recorded. 17 \u00d7 19 = 323.", "post_return_model_calls": 0}, {"scenario": "compound", "index": 15, "warmup": false, "verified": true, "duration_ms": 125.35604200093076, "status": "completed", "model_calls": 2, "task_count": 1, "reply": "Task creation recorded. 17 \u00d7 19 = 323.", "post_return_model_calls": 0}, {"scenario": "compound", "index": 16, "warmup": false, "verified": true, "duration_ms": 126.9557580089895, "status": "completed", "model_calls": 2, "task_count": 1, "reply": "Task creation recorded. 17 \u00d7 19 = 323.", "post_return_model_calls": 0}, {"scenario": "compound", "index": 17, "warmup": false, "verified": true, "duration_ms": 123.68840399722103, "status": "completed", "model_calls": 2, "task_count": 1, "reply": "Task creation recorded. 17 \u00d7 19 = 323.", "post_return_model_calls": 0}, {"scenario": "compound", "index": 18, "warmup": false, "verified": true, "duration_ms": 124.49510300939437, "status": "completed", "model_calls": 2, "task_count": 1, "reply": "Task creation recorded. 17 \u00d7 19 = 323.", "post_return_model_calls": 0}, {"scenario": "compound", "index": 19, "warmup": false, "verified": true, "duration_ms": 121.54211899905931, "status": "completed", "model_calls": 2, "task_count": 1, "reply": "Task creation recorded. 17 \u00d7 19 = 323.", "post_return_model_calls": 0}, {"scenario": "compound", "index": 20, "warmup": false, "verified": true, "duration_ms": 120.75374099367764, "status": "completed", "model_calls": 2, "task_count": 1, "reply": "Task creation recorded. 17 \u00d7 19 = 323.", "post_return_model_calls": 0}, {"scenario": "compound", "index": 21, "warmup": false, "verified": true, "duration_ms": 121.55115899804514, "status": "completed", "model_calls": 2, "task_count": 1, "reply": "Task creation recorded. 17 \u00d7 19 = 323.", "post_return_model_calls": 0}, {"scenario": "compound", "index": 22, "warmup": false, "verified": true, "duration_ms": 119.53100499522407, "status": "completed", "model_calls": 2, "task_count": 1, "reply": "Task creation recorded. 17 \u00d7 19 = 323.", "post_return_model_calls": 0}, {"scenario": "compound", "index": 23, "warmup": false, "verified": true, "duration_ms": 120.96939199545886, "status": "completed", "model_calls": 2, "task_count": 1, "reply": "Task creation recorded. 17 \u00d7 19 = 323.", "post_return_model_calls": 0}, {"scenario": "compound", "index": 24, "warmup": false, "verified": true, "duration_ms": 120.92366300930735, "status": "completed", "model_calls": 2, "task_count": 1, "reply": "Task creation recorded. 17 \u00d7 19 = 323.", "post_return_model_calls": 0}, {"scenario": "compound", "index": 25, "warmup": false, "verified": true, "duration_ms": 123.97586299630348, "status": "completed", "model_calls": 2, "task_count": 1, "reply": "Task creation recorded. 17 \u00d7 19 = 323.", "post_return_model_calls": 0}, {"scenario": "compound", "index": 26, "warmup": false, "verified": true, "duration_ms": 120.20021300122607, "status": "completed", "model_calls": 2, "task_count": 1, "reply": "Task creation recorded. 17 \u00d7 19 = 323.", "post_return_model_calls": 0}, {"scenario": "compound", "index": 27, "warmup": false, "verified": true, "duration_ms": 116.87180200533476, "status": "completed", "model_calls": 2, "task_count": 1, "reply": "Task creation recorded. 17 \u00d7 19 = 323.", "post_return_model_calls": 0}, {"scenario": "compound", "index": 28, "warmup": false, "verified": true, "duration_ms": 117.27283100481145, "status": "completed", "model_calls": 2, "task_count": 1, "reply": "Task creation recorded. 17 \u00d7 19 = 323.", "post_return_model_calls": 0}, {"scenario": "compound", "index": 29, "warmup": false, "verified": true, "duration_ms": 118.82107499695849, "status": "completed", "model_calls": 2, "task_count": 1, "reply": "Task creation recorded. 17 \u00d7 19 = 323.", "post_return_model_calls": 0}, {"scenario": "compound", "index": 30, "warmup": false, "verified": true, "duration_ms": 118.01292099698912, "status": "completed", "model_calls": 2, "task_count": 1, "reply": "Task creation recorded. 17 \u00d7 19 = 323.", "post_return_model_calls": 0}], "scenarios": {"standalone": {"samples": 30, "p50": 118.0637579964241, "p95": 123.67307698877994, "p95_ci95": [122.34558998898137, 128.35606500448193]}, "compound": {"samples": 30, "p50": 123.97586299630348, "p95": 127.6069669984281, "p95_ci95": [126.12435600021854, 129.01988199155312]}}}, "current": {"exit_code": 0, "samples": [{"scenario": "standalone", "index": 0, "warmup": true, "verified": true, "duration_ms": 260.78251100261696, "status": "completed", "model_calls": 2, "task_count": 1, "reply": "Task creation recorded.", "post_return_model_calls": 0}, {"scenario": "standalone", "index": 1, "warmup": false, "verified": true, "duration_ms": 35.114949991111644, "status": "completed", "model_calls": 2, "task_count": 1, "reply": "Task creation recorded.", "post_return_model_calls": 0}, {"scenario": "standalone", "index": 2, "warmup": false, "verified": true, "duration_ms": 47.64348000753671, "status": "completed", "model_calls": 2, "task_count": 1, "reply": "Task creation recorded.", "post_return_model_calls": 0}, {"scenario": "standalone", "index": 3, "warmup": false, "verified": true, "duration_ms": 38.71666100167204, "status": "completed", "model_calls": 2, "task_count": 1, "reply": "Task creation recorded.", "post_return_model_calls": 0}, {"scenario": "standalone", "index": 4, "warmup": false, "verified": true, "duration_ms": 37.97476399631705, "status": "completed", "model_calls": 2, "task_count": 1, "reply": "Task creation recorded.", "post_return_model_calls": 0}, {"scenario": "standalone", "index": 5, "warmup": false, "verified": true, "duration_ms": 43.470609991345555, "status": "completed", "model_calls": 2, "task_count": 1, "reply": "Task creation recorded.", "post_return_model_calls": 0}, {"scenario": "standalone", "index": 6, "warmup": false, "verified": true, "duration_ms": 36.09341099218, "status": "completed", "model_calls": 2, "task_count": 1, "reply": "Task creation recorded.", "post_return_model_calls": 0}, {"scenario": "standalone", "index": 7, "warmup": false, "verified": true, "duration_ms": 33.832934001111425, "status": "completed", "model_calls": 2, "task_count": 1, "reply": "Task creation recorded.", "post_return_model_calls": 0}, {"scenario": "standalone", "index": 8, "warmup": false, "verified": true, "duration_ms": 27.3185939877294, "status": "completed", "model_calls": 2, "task_count": 1, "reply": "Task creation recorded.", "post_return_model_calls": 0}, {"scenario": "standalone", "index": 9, "warmup": false, "verified": true, "duration_ms": 25.64263599924743, "status": "completed", "model_calls": 2, "task_count": 1, "reply": "Task creation recorded.", "post_return_model_calls": 0}, {"scenario": "standalone", "index": 10, "warmup": false, "verified": true, "duration_ms": 37.184737011557445, "status": "completed", "model_calls": 2, "task_count": 1, "reply": "Task creation recorded.", "post_return_model_calls": 0}, {"scenario": "standalone", "index": 11, "warmup": false, "verified": true, "duration_ms": 36.064083004021086, "status": "completed", "model_calls": 2, "task_count": 1, "reply": "Task creation recorded.", "post_return_model_calls": 0}, {"scenario": "standalone", "index": 12, "warmup": false, "verified": true, "duration_ms": 38.83637400576845, "status": "completed", "model_calls": 2, "task_count": 1, "reply": "Task creation recorded.", "post_return_model_calls": 0}, {"scenario": "standalone", "index": 13, "warmup": false, "verified": true, "duration_ms": 29.882642993470654, "status": "completed", "model_calls": 2, "task_count": 1, "reply": "Task creation recorded.", "post_return_model_calls": 0}, {"scenario": "standalone", "index": 14, "warmup": false, "verified": true, "duration_ms": 37.42184401198756, "status": "completed", "model_calls": 2, "task_count": 1, "reply": "Task creation recorded.", "post_return_model_calls": 0}, {"scenario": "standalone", "index": 15, "warmup": false, "verified": true, "duration_ms": 27.540291994228028, "status": "completed", "model_calls": 2, "task_count": 1, "reply": "Task creation recorded.", "post_return_model_calls": 0}, {"scenario": "standalone", "index": 16, "warmup": false, "verified": true, "duration_ms": 33.29030200256966, "status": "completed", "model_calls": 2, "task_count": 1, "reply": "Task creation recorded.", "post_return_model_calls": 0}, {"scenario": "standalone", "index": 17, "warmup": false, "verified": true, "duration_ms": 21.110128989676014, "status": "completed", "model_calls": 2, "task_count": 1, "reply": "Task creation recorded.", "post_return_model_calls": 0}, {"scenario": "standalone", "index": 18, "warmup": false, "verified": true, "duration_ms": 26.334292997489683, "status": "completed", "model_calls": 2, "task_count": 1, "reply": "Task creation recorded.", "post_return_model_calls": 0}, {"scenario": "standalone", "index": 19, "warmup": false, "verified": true, "duration_ms": 31.283924996387213, "status": "completed", "model_calls": 2, "task_count": 1, "reply": "Task creation recorded.", "post_return_model_calls": 0}, {"scenario": "standalone", "index": 20, "warmup": false, "verified": true, "duration_ms": 29.475276998709887, "status": "completed", "model_calls": 2, "task_count": 1, "reply": "Task creation recorded.", "post_return_model_calls": 0}, {"scenario": "standalone", "index": 21, "warmup": false, "verified": true, "duration_ms": 24.338698989595287, "status": "completed", "model_calls": 2, "task_count": 1, "reply": "Task creation recorded.", "post_return_model_calls": 0}, {"scenario": "standalone", "index": 22, "warmup": false, "verified": true, "duration_ms": 36.67764201236423, "status": "completed", "model_calls": 2, "task_count": 1, "reply": "Task creation recorded.", "post_return_model_calls": 0}, {"scenario": "standalone", "index": 23, "warmup": false, "verified": true, "duration_ms": 31.383238005219027, "status": "completed", "model_calls": 2, "task_count": 1, "reply": "Task creation recorded.", "post_return_model_calls": 0}, {"scenario": "standalone", "index": 24, "warmup": false, "verified": true, "duration_ms": 41.71775600116234, "status": "completed", "model_calls": 2, "task_count": 1, "reply": "Task creation recorded.", "post_return_model_calls": 0}, {"scenario": "standalone", "index": 25, "warmup": false, "verified": true, "duration_ms": 32.86306498921476, "status": "completed", "model_calls": 2, "task_count": 1, "reply": "Task creation recorded.", "post_return_model_calls": 0}, {"scenario": "standalone", "index": 26, "warmup": false, "verified": true, "duration_ms": 36.39626300719101, "status": "completed", "model_calls": 2, "task_count": 1, "reply": "Task creation recorded.", "post_return_model_calls": 0}, {"scenario": "standalone", "index": 27, "warmup": false, "verified": true, "duration_ms": 38.22692700487096, "status": "completed", "model_calls": 2, "task_count": 1, "reply": "Task creation recorded.", "post_return_model_calls": 0}, {"scenario": "standalone", "index": 28, "warmup": false, "verified": true, "duration_ms": 34.759826012304984, "status": "completed", "model_calls": 2, "task_count": 1, "reply": "Task creation recorded.", "post_return_model_calls": 0}, {"scenario": "standalone", "index": 29, "warmup": false, "verified": true, "duration_ms": 44.970133996685036, "status": "completed", "model_calls": 2, "task_count": 1, "reply": "Task creation recorded.", "post_return_model_calls": 0}, {"scenario": "standalone", "index": 30, "warmup": false, "verified": true, "duration_ms": 40.34884201246314, "status": "completed", "model_calls": 2, "task_count": 1, "reply": "Task creation recorded.", "post_return_model_calls": 0}, {"scenario": "compound", "index": 0, "warmup": true, "verified": true, "duration_ms": 44.40724699816201, "status": "completed", "model_calls": 2, "task_count": 1, "reply": "Task creation recorded. 17 \u00d7 19 = 323.", "post_return_model_calls": 0}, {"scenario": "compound", "index": 1, "warmup": false, "verified": true, "duration_ms": 43.82475900638383, "status": "completed", "model_calls": 2, "task_count": 1, "reply": "Task creation recorded. 17 \u00d7 19 = 323.", "post_return_model_calls": 0}, {"scenario": "compound", "index": 2, "warmup": false, "verified": true, "duration_ms": 44.81029199087061, "status": "completed", "model_calls": 2, "task_count": 1, "reply": "Task creation recorded. 17 \u00d7 19 = 323.", "post_return_model_calls": 0}, {"scenario": "compound", "index": 3, "warmup": false, "verified": true, "duration_ms": 45.1437360025011, "status": "completed", "model_calls": 2, "task_count": 1, "reply": "Task creation recorded. 17 \u00d7 19 = 323.", "post_return_model_calls": 0}, {"scenario": "compound", "index": 4, "warmup": false, "verified": true, "duration_ms": 43.19031799968798, "status": "completed", "model_calls": 2, "task_count": 1, "reply": "Task creation recorded. 17 \u00d7 19 = 323.", "post_return_model_calls": 0}, {"scenario": "compound", "index": 5, "warmup": false, "verified": true, "duration_ms": 40.720654011238366, "status": "completed", "model_calls": 2, "task_count": 1, "reply": "Task creation recorded. 17 \u00d7 19 = 323.", "post_return_model_calls": 0}, {"scenario": "compound", "index": 6, "warmup": false, "verified": true, "duration_ms": 32.00982199632563, "status": "completed", "model_calls": 2, "task_count": 1, "reply": "Task creation recorded. 17 \u00d7 19 = 323.", "post_return_model_calls": 0}, {"scenario": "compound", "index": 7, "warmup": false, "verified": true, "duration_ms": 30.964737001340836, "status": "completed", "model_calls": 2, "task_count": 1, "reply": "Task creation recorded. 17 \u00d7 19 = 323.", "post_return_model_calls": 0}, {"scenario": "compound", "index": 8, "warmup": false, "verified": true, "duration_ms": 31.63826500531286, "status": "completed", "model_calls": 2, "task_count": 1, "reply": "Task creation recorded. 17 \u00d7 19 = 323.", "post_return_model_calls": 0}, {"scenario": "compound", "index": 9, "warmup": false, "verified": true, "duration_ms": 26.004608007497154, "status": "completed", "model_calls": 2, "task_count": 1, "reply": "Task creation recorded. 17 \u00d7 19 = 323.", "post_return_model_calls": 0}, {"scenario": "compound", "index": 10, "warmup": false, "verified": true, "duration_ms": 31.298308007535525, "status": "completed", "model_calls": 2, "task_count": 1, "reply": "Task creation recorded. 17 \u00d7 19 = 323.", "post_return_model_calls": 0}, {"scenario": "compound", "index": 11, "warmup": false, "verified": true, "duration_ms": 39.30759600189049, "status": "completed", "model_calls": 2, "task_count": 1, "reply": "Task creation recorded. 17 \u00d7 19 = 323.", "post_return_model_calls": 0}, {"scenario": "compound", "index": 12, "warmup": false, "verified": true, "duration_ms": 35.52276401023846, "status": "completed", "model_calls": 2, "task_count": 1, "reply": "Task creation recorded. 17 \u00d7 19 = 323.", "post_return_model_calls": 0}, {"scenario": "compound", "index": 13, "warmup": false, "verified": true, "duration_ms": 35.65630099910777, "status": "completed", "model_calls": 2, "task_count": 1, "reply": "Task creation recorded. 17 \u00d7 19 = 323.", "post_return_model_calls": 0}, {"scenario": "compound", "index": 14, "warmup": false, "verified": true, "duration_ms": 48.703653999837115, "status": "completed", "model_calls": 2, "task_count": 1, "reply": "Task creation recorded. 17 \u00d7 19 = 323.", "post_return_model_calls": 0}, {"scenario": "compound", "index": 15, "warmup": false, "verified": true, "duration_ms": 30.21256699867081, "status": "completed", "model_calls": 2, "task_count": 1, "reply": "Task creation recorded. 17 \u00d7 19 = 323.", "post_return_model_calls": 0}, {"scenario": "compound", "index": 16, "warmup": false, "verified": true, "duration_ms": 32.43621099682059, "status": "completed", "model_calls": 2, "task_count": 1, "reply": "Task creation recorded. 17 \u00d7 19 = 323.", "post_return_model_calls": 0}, {"scenario": "compound", "index": 17, "warmup": false, "verified": true, "duration_ms": 31.728553993161768, "status": "completed", "model_calls": 2, "task_count": 1, "reply": "Task creation recorded. 17 \u00d7 19 = 323.", "post_return_model_calls": 0}, {"scenario": "compound", "index": 18, "warmup": false, "verified": true, "duration_ms": 35.14458300196566, "status": "completed", "model_calls": 2, "task_count": 1, "reply": "Task creation recorded. 17 \u00d7 19 = 323.", "post_return_model_calls": 0}, {"scenario": "compound", "index": 19, "warmup": false, "verified": true, "duration_ms": 32.66651800367981, "status": "completed", "model_calls": 2, "task_count": 1, "reply": "Task creation recorded. 17 \u00d7 19 = 323.", "post_return_model_calls": 0}, {"scenario": "compound", "index": 20, "warmup": false, "verified": true, "duration_ms": 37.77584800263867, "status": "completed", "model_calls": 2, "task_count": 1, "reply": "Task creation recorded. 17 \u00d7 19 = 323.", "post_return_model_calls": 0}, {"scenario": "compound", "index": 21, "warmup": false, "verified": true, "duration_ms": 33.228845000849105, "status": "completed", "model_calls": 2, "task_count": 1, "reply": "Task creation recorded. 17 \u00d7 19 = 323.", "post_return_model_calls": 0}, {"scenario": "compound", "index": 22, "warmup": false, "verified": true, "duration_ms": 40.483659991878085, "status": "completed", "model_calls": 2, "task_count": 1, "reply": "Task creation recorded. 17 \u00d7 19 = 323.", "post_return_model_calls": 0}, {"scenario": "compound", "index": 23, "warmup": false, "verified": true, "duration_ms": 44.96158899564762, "status": "completed", "model_calls": 2, "task_count": 1, "reply": "Task creation recorded. 17 \u00d7 19 = 323.", "post_return_model_calls": 0}, {"scenario": "compound", "index": 24, "warmup": false, "verified": true, "duration_ms": 47.419269001693465, "status": "completed", "model_calls": 2, "task_count": 1, "reply": "Task creation recorded. 17 \u00d7 19 = 323.", "post_return_model_calls": 0}, {"scenario": "compound", "index": 25, "warmup": false, "verified": true, "duration_ms": 50.823297002352774, "status": "completed", "model_calls": 2, "task_count": 1, "reply": "Task creation recorded. 17 \u00d7 19 = 323.", "post_return_model_calls": 0}, {"scenario": "compound", "index": 26, "warmup": false, "verified": true, "duration_ms": 35.3810819942737, "status": "completed", "model_calls": 2, "task_count": 1, "reply": "Task creation recorded. 17 \u00d7 19 = 323.", "post_return_model_calls": 0}, {"scenario": "compound", "index": 27, "warmup": false, "verified": true, "duration_ms": 37.16244899260346, "status": "completed", "model_calls": 2, "task_count": 1, "reply": "Task creation recorded. 17 \u00d7 19 = 323.", "post_return_model_calls": 0}, {"scenario": "compound", "index": 28, "warmup": false, "verified": true, "duration_ms": 43.45579299842939, "status": "completed", "model_calls": 2, "task_count": 1, "reply": "Task creation recorded. 17 \u00d7 19 = 323.", "post_return_model_calls": 0}, {"scenario": "compound", "index": 29, "warmup": false, "verified": true, "duration_ms": 35.70686199236661, "status": "completed", "model_calls": 2, "task_count": 1, "reply": "Task creation recorded. 17 \u00d7 19 = 323.", "post_return_model_calls": 0}, {"scenario": "compound", "index": 30, "warmup": false, "verified": true, "duration_ms": 31.623481001588516, "status": "completed", "model_calls": 2, "task_count": 1, "reply": "Task creation recorded. 17 \u00d7 19 = 323.", "post_return_model_calls": 0}], "scenarios": {"standalone": {"samples": 30, "p50": 35.114949991111644, "p95": 44.970133996685036, "p95_ci95": [38.83637400576845, 47.64348000753671]}, "compound": {"samples": 30, "p50": 35.65630099910777, "p95": 48.703653999837115, "p95_ci95": [44.96158899564762, 50.823297002352774]}}}}, "passed": true, "scope": "Thirty warm requests plus retained warmup per scenario and revision. Full native runner with real private CRM, identical scripted two-turn provider and minimal task-protocol profile. Legacy finalReport-off behavior on both revisions; does not measure new host final-report speed. Network denied. Sequential revision blocks, not live-provider, HTTP ingress, full production prompt/memory, or framework qualification. Tool schemas and product prompts intentionally come from each revision."}
..........................s...............................s............. [ 97%]
..                                                                       [100%]
=============================== warnings summary ===============================
robothor/engine/tests/test_native_goal_recovery.py::test_native_goal_recovery_waits_safely_or_reconciles_explicitly[False-False]
  /home/philip/robothor-runtime-modernization/.venv/lib/python3.14/site-packages/pydantic/_internal/_generate_schema.py:1480: UserWarning: Item 'summary' on TypedDict class 'ChatCompletionReasoningItem' is using the `ReadOnly` qualifier. Pydantic will not protect items from any mutation on dictionary instances.
    warnings.warn(

-- Docs: https://docs.pytest.org/en/stable/how-to/capture-warnings.html
72 passed, 2 skipped, 1 warning in 37.30s
